caseid,weight,turnout12,turnout12b,vote12
1,.951160031403453,1,9,2
2,2.67019620911407,2,9,9
3,1.43038958045386,1,9,1
4,.913966182969933,1,9,2
5,.263934577374828,1,9,1
6,1.46311768255528,1,9,3
7,.297196026575351,1,9,3
8,.318027116025382,1,9,1
9,1.01946654187563,1,9,1
10,.944399993584244,1,9,2
11,1.27614288389457,1,9,1
12,1.03847575279619,1,9,1
13,.63277045918364,1,9,2
14,.247985977250391,1,9,1
15,1.59120563568256,1,9,1
16,2.28682821363611,3,1,3
17,.628917790585083,1,9,2
18,.676312612162148,1,9,2
19,.840171714389151,1,9,1
20,.898525525219163,1,9,2
21,.527683463800251,1,9,2
22,.562600137988749,1,9,1
23,.394840501823645,1,9,2
24,1.52070901428478,1,9,2
25,.335127266565404,1,9,2
26,1.40339201549949,1,9,1
27,1.03847575279619,1,9,1
28,1.52070901428478,1,9,2
29,.611852703905559,1,9,2
30,.90730628031625,1,9,2
31,.466955742155635,1,9,1
32,.34628654133113,1,9,2
33,1.75990788336096,2,9,9
34,.905994847269972,1,9,1
35,1.08436272763452,1,9,2
36,.34628654133113,1,9,2
37,.247985977250391,1,9,2
38,3.19616537452899,2,9,9
39,1.35441474647217,1,9,1
40,.784189251368095,1,9,1
41,1.46050304530552,1,9,2
42,.573800071345372,1,9,2
43,.795895064619032,1,9,1
44,.867330290052444,1,9,2
45,1.9162907289384,1,9,2
46,1.46311768255528,1,9,1
47,1.28876581264352,1,9,2
48,.235585190101351,1,9,1
49,1.09690667087294,1,9,2
50,.263934577374828,1,9,1
51,.306891181807021,1,9,2
52,.810519301478243,1,9,2
53,1.42022358594103,1,9,1
54,.443704403687597,1,9,2
55,1.22097552665502,1,9,1
56,.212641143030096,1,9,3
57,.297196026575351,1,9,1
58,1.55657305908361,1,9,2
59,.678463825823913,1,9,1
60,.713109341084177,1,9,3
61,.951160031403453,1,9,1
62,1.03804324986867,1,9,2
63,1.14120465031378,1,9,2
64,1.46311768255528,1,9,1
65,.892379060972588,1,9,2
66,1.24454967513848,1,9,2
67,1.89887218276608,1,9,2
68,.327673747964629,1,9,2
69,1.75990788336096,1,9,1
70,.297196026575351,1,9,3
71,.986348755433961,1,9,1
72,.348765268704684,1,9,2
73,.348765268704684,1,9,2
74,.795895064619032,1,9,1
75,.850662135609024,1,9,2
76,.676722337397459,2,9,9
77,.527683463800251,1,9,2
78,.721064037492726,1,9,1
79,.394840501823645,1,9,1
80,1.46311768255528,3,2,9
81,.363142336261078,1,9,1
82,.208033083054223,2,9,9
83,1.19112063689804,1,9,2
84,.738876972621241,1,9,2
85,.867330290052444,1,9,2
86,.307754753671194,1,9,1
87,.318027116025382,1,9,2
88,.479562357384273,3,2,9
89,1.00553248672045,1,9,2
90,2.18498007501401,1,9,1
91,.809918738486934,1,9,2
92,.840171714389151,1,9,2
93,1.84102353355482,1,9,1
94,.850662135609024,1,9,2
95,.318027116025382,1,9,2
96,1.13955513732852,1,9,2
97,.668644629907568,1,9,1
98,.90695022244738,1,9,1
99,.332685256113039,1,9,2
100,1.34388701208015,1,9,3
101,.232020219457644,1,9,2
102,1.43038958045386,1,9,1
103,1.07681738353349,1,9,2
104,.332921043466034,1,9,2
105,.335127266565404,1,9,3
106,.225371359928493,2,9,9
107,.348765268704684,1,9,3
108,1.00553248672045,1,9,2
109,.840171714389151,1,9,2
110,1.07429003848381,1,9,1
111,2.00803452004845,1,9,1
112,1.35441474647217,1,9,2
113,2.33810450652068,1,9,1
114,1.48935418924798,1,9,1
115,1.05272367014505,1,9,2
116,2.35332390281979,1,9,1
117,.561620110741906,1,9,2
118,.348765268704684,1,9,2
119,.867330290052444,1,9,2
120,.318027116025382,1,9,2
121,.193074012754104,1,9,2
122,1.0196732546411,2,9,9
123,1.62338329867164,1,9,1
124,.307754753671194,1,9,1
125,1.30432331967575,2,9,9
126,.986348755433961,1,9,2
127,.527683463800251,1,9,1
128,.232020219457644,1,9,1
129,.676722337397459,2,9,9
130,.261939166125418,1,9,2
131,.487199362285636,1,9,2
132,.951160031403453,1,9,2
133,.676722337397459,1,9,1
134,.839315285761204,1,9,1
135,.441164630982408,1,9,2
136,.527683463800251,1,9,1
137,.676312612162148,1,9,2
138,.247985977250391,1,9,1
139,.395822033457671,1,9,1
140,1.33178275798471,1,9,1
141,.235585190101351,1,9,1
142,1.21913600584926,1,9,1
143,.348765268704684,1,9,2
144,.353921627639169,1,9,2
145,1.09690667087294,1,9,2
146,2.83845839753341,2,9,9
147,.514290325518539,1,9,2
148,.654864021824252,2,9,9
149,1.54423528505164,1,9,1
150,.867330290052444,1,9,2
151,1.25865155788099,1,9,2
152,.654864021824252,1,9,1
153,.318027116025382,1,9,1
154,.676312612162148,1,9,1
155,1.05568596621668,1,9,1
156,.263934577374828,2,9,9
157,1.18518412463252,1,9,2
158,.676722337397459,1,9,1
159,.678463825823913,2,9,9
160,.197786533375587,1,9,2
161,.247985977250391,1,9,1
162,.850662135609024,1,9,2
163,.270987541826028,1,9,2
164,1.28396036924744,1,9,2
165,.482795806136511,1,9,2
166,2.11843275900274,1,9,1
167,1.6534494890077,1,9,1
168,3.09233663865782,2,9,9
169,2.23231475020954,1,9,3
170,.443704403687597,1,9,2
171,1.42022358594103,1,9,1
172,1.22097552665502,1,9,1
173,1.52070901428478,1,9,2
174,.232020219457644,1,9,1
175,.270987541826028,1,9,2
176,1.03804324986867,1,9,1
177,1.6534494890077,1,9,1
178,1.93000758396617,1,9,1
179,1.28876581264352,2,9,9
180,2.93118518472999,2,9,9
181,2.11843275900274,1,9,1
182,.676312612162148,1,9,1
183,1.3644406901011,1,9,1
184,.225374746792212,1,9,2
185,.965701162864273,1,9,1
186,1.05272367014505,1,9,2
187,.287541492429163,1,9,2
188,1.01946654187563,1,9,1
189,.307754753671194,1,9,1
190,.573800071345372,1,9,2
191,1.39316575726112,1,9,2
192,.810519301478243,1,9,2
193,.839315285761204,1,9,1
194,1.24454967513848,1,9,3
195,1.49959889305216,1,9,3
196,.824893111924193,1,9,1
197,.810519301478243,1,9,1
198,1.35441474647217,2,9,9
199,.306891181807021,1,9,2
200,.307754753671194,1,9,1
201,.232020219457644,1,9,1
202,.632396357527127,1,9,2
203,.898525525219163,1,9,2
204,.657503248155454,1,9,2
205,.307754753671194,1,9,1
206,.287541492429163,1,9,1
207,1.42455821321969,1,9,2
208,.232020219457644,1,9,1
209,.784189251368095,1,9,2
210,1.10014519401439,1,9,1
211,1.61935774696631,1,9,1
212,.986348755433961,1,9,1
213,.872104256526743,1,9,2
214,.90730628031625,1,9,2
215,1.6534494890077,1,9,1
216,.287541492429163,1,9,2
217,1.59120563568256,1,9,1
218,1.62738759200191,1,9,2
219,1.42022358594103,1,9,1
220,.836960134273509,1,9,1
221,.850662135609024,1,9,1
222,.905994847269972,1,9,2
223,1.00553248672045,1,9,1
224,.193074012754104,1,9,2
225,.287541492429163,1,9,2
226,1.3644406901011,1,9,1
227,.940680827766827,1,9,1
228,1.07429003848381,1,9,1
229,.654864021824252,1,9,2
230,1.28396036924744,1,9,1
231,.767121379242046,1,9,2
232,1.14958143778225,1,9,1
233,.466955742155635,1,9,2
234,1.09451698226433,1,9,3
235,1.43038958045386,1,9,1
236,.412237471222548,1,9,2
237,1.26924941043369,1,9,2
238,1.27614288389457,1,9,1
239,.45247403157506,1,9,2
240,.898525525219163,1,9,1
241,1.92154941116753,1,9,2
242,.281283154387482,1,9,2
243,1.09690667087294,1,9,2
244,1.40339201549949,1,9,1
245,1.28514948541533,1,9,1
246,.307754753671194,1,9,2
247,1.14120465031378,1,9,2
248,.263934577374828,2,9,9
249,.263934577374828,1,9,2
250,.951160031403453,1,9,2
251,1.07681738353349,1,9,1
252,.784189251368095,1,9,2
253,1.93000758396617,1,9,1
254,1.03847575279619,1,9,1
255,.707913045114429,1,9,2
256,.527683463800251,1,9,2
257,.353921627639169,1,9,1
258,.654864021824252,1,9,2
259,.684252093736246,1,9,2
260,.965222562756611,1,9,2
261,1.35441474647217,1,9,1
262,.395822033457671,1,9,2
263,1.62738759200191,1,9,1
264,.232020219457644,1,9,1
265,1.33178275798471,1,9,1
266,1.08436272763452,1,9,2
267,1.89887218276608,1,9,2
268,1.52070901428478,1,9,2
269,.388204226556658,2,9,9
270,.394840501823645,1,9,2
271,.784189251368095,1,9,2
272,1.83836249267671,1,9,1
273,.169250470826436,1,9,3
274,.394840501823645,1,9,1
275,.416765642235319,1,9,2
276,.539407625063719,1,9,1
277,1.64496565783757,1,9,2
278,.964880883488427,1,9,2
279,.892379060972588,1,9,3
280,.867330290052444,1,9,1
281,.287541492429163,2,9,9
282,.986348755433961,1,9,3
283,.34628654133113,1,9,2
284,1.4468552489981,1,9,2
285,.420865260938898,1,9,1
286,.307754753671194,1,9,1
287,1.4468552489981,1,9,2
288,1.00553248672045,1,9,2
289,.654864021824252,2,9,9
290,.527683463800251,1,9,2
291,1.82018750624525,2,9,9
292,.501296123720742,1,9,1
293,1.66164838341247,1,9,2
294,.654864021824252,2,9,9
295,.676722337397459,1,9,1
296,.332685256113039,1,9,1
297,.654864021824252,1,9,2
298,.678463825823913,1,9,1
299,.363142336261078,1,9,2
300,.784189251368095,1,9,1
301,1.13661209107403,1,9,2
302,.854303818248654,1,9,3
303,1.48935418924798,1,9,1
304,1.39316575726112,1,9,1
305,.307754753671194,1,9,2
306,.396798381760529,1,9,2
307,.270987541826028,1,9,1
308,.854303818248654,1,9,2
309,.913966182969933,1,9,1
310,1.21008005215881,2,9,9
311,.742129321520023,1,9,1
312,.247985977250391,1,9,1
313,.767121379242046,1,9,2
314,1.08436272763452,1,9,1
315,6.51363794420943,3,1,2
316,.247985977250391,1,9,1
317,.353921627639169,1,9,2
318,.327673747964629,1,9,1
319,.51896317545475,1,9,2
320,.367264080060069,1,9,2
321,.225374746792212,1,9,2
322,.676312612162148,1,9,1
323,1.05272367014505,1,9,1
324,.598535735212073,1,9,2
325,1.27614288389457,1,9,2
326,.561620110741906,1,9,2
327,.850662135609024,1,9,2
328,.97161692260498,1,9,2
329,.938743727222539,1,9,2
330,1.14120465031378,1,9,2
331,1.28876581264352,1,9,1
332,1.48935418924798,1,9,2
333,1.64463218297325,2,9,9
334,.687537887738469,1,9,2
335,.947282372115821,1,9,2
336,3.34029161268086,1,9,3
337,.566230304420605,1,9,1
338,.247985977250391,1,9,1
339,.493710307464212,1,9,3
340,.739103832053261,1,9,2
341,.403579754990166,1,9,2
342,2.66694074947694,2,9,9
343,1.3644406901011,1,9,1
344,1.03847575279619,1,9,1
345,.839315285761204,1,9,2
346,.327673747964629,1,9,3
347,.654864021824252,2,9,9
348,.212641143030096,1,9,2
349,1.05272367014505,1,9,1
350,1.48935418924798,1,9,1
351,.348765268704684,1,9,2
352,.898525525219163,1,9,1
353,.63277045918364,1,9,1
354,3.41071437114176,2,9,9
355,.986348755433961,2,9,9
356,1.46311768255528,1,9,1
357,1.10719141663736,1,9,2
358,.576627946075721,1,9,3
359,.742129321520023,1,9,2
360,1.28514948541533,1,9,1
361,.807885006523694,2,9,9
362,3.42019127279256,2,9,9
363,.561620110741906,1,9,2
364,.713109341084177,1,9,3
365,1.48935418924798,1,9,1
366,1.17929275540074,1,9,1
367,.307754753671194,1,9,2
368,.576627946075721,1,9,3
369,.781492502295122,1,9,1
370,.947282372115821,2,9,9
371,.840171714389151,1,9,1
372,1.93000758396617,1,9,1
373,.784189251368095,1,9,1
374,.318027116025382,1,9,2
375,1.21163299180823,1,9,2
376,1.62738759200191,1,9,1
377,.826050542061412,1,9,1
378,.81068364692696,2,9,9
379,.90695022244738,1,9,1
380,1.24454967513848,1,9,1
381,1.42412096143839,1,9,2
382,.323109907139397,1,9,2
383,1.1042893999294,1,9,2
384,.689933259036006,1,9,2
385,.676722337397459,1,9,2
386,1.09092307839073,2,9,9
387,.684252093736246,2,9,9
388,1.24454967513848,1,9,3
389,.573800071345372,1,9,1
390,1.18518412463252,1,9,2
391,.654864021824252,1,9,2
392,1.17358801863253,1,9,2
393,.65302644779051,1,9,2
394,.263934577374828,1,9,1
395,.394840501823645,1,9,1
396,2.11843275900274,1,9,1
397,.892379060972588,1,9,1
398,.598535735212073,2,9,9
399,1.17791231076944,1,9,1
400,.719807972384054,1,9,1
401,3.54080351147076,1,9,2
402,2.11843275900274,1,9,1
403,.352847186840696,2,9,9
404,.850662135609024,1,9,1
405,.323109907139397,1,9,2
406,2.45832158069773,1,9,2
407,1.05568596621668,1,9,1
408,1.04498391985178,1,9,2
409,1.93000758396617,1,9,1
410,1.28876581264352,1,9,1
411,1.09690667087294,1,9,2
412,2.19041170387032,1,9,1
413,1.44952672333867,1,9,1
414,3.34029161268086,1,9,1
415,1.13955513732852,1,9,2
416,.654864021824252,1,9,2
417,6.73370586776239,3,1,1
418,.488053628198257,1,9,1
419,.960484634667182,1,9,1
420,.576627946075721,1,9,3
421,.840171714389151,1,9,1
422,1.17358801863253,1,9,2
423,1.8197630692798,2,9,9
424,1.28396036924744,1,9,1
425,.63277045918364,1,9,3
426,.840171714389151,1,9,2
427,1.84102353355482,1,9,2
428,1.28876581264352,1,9,1
429,.318027116025382,1,9,2
430,.676722337397459,1,9,2
431,1.03847575279619,1,9,1
432,1.92154941116753,1,9,2
433,1.1963636476228,1,9,1
434,.332685256113039,1,9,2
435,.784189251368095,1,9,1
436,1.05568596621668,1,9,1
437,.307754753671194,1,9,1
438,1.74526406234217,1,9,2
439,1.34388701208015,1,9,1
440,1.07681738353349,1,9,1
441,.839315285761204,1,9,1
442,.264395143284531,1,9,2
443,.654864021824252,2,9,9
444,.951160031403453,1,9,1
445,1.07429003848381,1,9,1
446,.235585190101351,1,9,2
447,1.28396036924744,1,9,1
448,.90730628031625,1,9,2
449,.197786533375587,1,9,1
450,.986348755433961,1,9,1
451,1.61935774696631,1,9,1
452,.263934577374828,1,9,1
453,.707913045114429,1,9,2
454,.367264080060069,1,9,2
455,2.91430880854486,2,9,9
456,.858372912497936,1,9,2
457,2.33810450652068,1,9,1
458,.434099685753283,1,9,2
459,.850662135609024,1,9,2
460,1.8132907011846,1,9,1
461,.836960134273509,1,9,2
462,1.26219332166118,2,9,9
463,.719807972384054,1,9,2
464,.535821194328389,1,9,2
465,1.1963636476228,1,9,1
466,1.8132907011846,1,9,2
467,.950998931314264,2,9,9
468,.840910688313712,1,9,3
469,1.51331962922944,1,9,2
470,1.24939780113504,1,9,2
471,.388204226556658,1,9,3
472,.527683463800251,1,9,1
473,1.55657305908361,1,9,1
474,.34870619755573,1,9,3
475,1.07681738353349,1,9,2
476,.944148049165253,1,9,1
477,1.64496565783757,1,9,1
478,.352847186840696,1,9,2
479,1.48935418924798,1,9,1
480,2.26198861157942,1,9,2
481,.840171714389151,1,9,2
482,.573800071345372,3,2,9
483,.247985977250391,1,9,2
484,.212641143030096,2,9,9
485,1.20411997130392,1,9,1
486,.753101415076745,1,9,1
487,1.21163299180823,1,9,2
488,.839315285761204,1,9,1
489,.795895064619032,1,9,2
490,1.89887218276608,1,9,1
491,.676722337397459,1,9,2
492,.986348755433961,1,9,1
493,.73904296649286,1,9,1
494,3.27616580277855,2,9,9
495,.527683463800251,1,9,1
496,1.09690667087294,1,9,1
497,.306891181807021,1,9,2
498,.247985977250391,1,9,2
499,1.05994058107819,1,9,2
500,.332685256113039,1,9,2
501,3.0250319590448,2,9,9
502,1.04498391985178,1,9,2
503,.892379060972588,1,9,2
504,.332685256113039,1,9,1
505,2.3063100670491,1,9,1
506,3.31698395976071,1,9,2
507,3.309718164355,2,9,9
508,1.17358801863253,1,9,2
509,.944148049165253,2,9,9
510,.951583583994568,1,9,1
511,.247985977250391,1,9,1
512,1.03847575279619,1,9,2
513,.394840501823645,1,9,1
514,.232020219457644,1,9,1
515,.394840501823645,1,9,3
516,1.33178275798471,1,9,1
517,.318027116025382,1,9,3
518,.264395143284531,1,9,2
519,.307754753671194,1,9,2
520,1.35441474647217,1,9,2
521,1.00553248672045,1,9,1
522,.394840501823645,1,9,1
523,.676722337397459,2,9,9
524,.318027116025382,1,9,1
525,.632524585766671,1,9,2
526,.945359708623528,1,9,2
527,.270987541826028,1,9,1
528,.281283154387482,1,9,2
529,.527683463800251,1,9,2
530,1.14201346771334,1,9,1
531,1.3644406901011,1,9,1
532,.327673747964629,1,9,2
533,.850662135609024,1,9,1
534,1.22097552665502,1,9,2
535,4.20233044639904,2,9,9
536,.905994847269972,1,9,1
537,.493710307464212,1,9,2
538,4.6213217113255,2,9,9
539,.551530210164224,1,9,2
540,.169250470826436,2,9,9
541,.493710307464212,1,9,1
542,.287541492429163,1,9,2
543,.352847186840696,1,9,2
544,.264395143284531,1,9,2
545,2.66694074947694,2,9,9
546,.951160031403453,1,9,2
547,.654864021824252,1,9,1
548,.263934577374828,1,9,1
549,.784189251368095,1,9,2
550,.63277045918364,1,9,1
551,.994154236509803,1,9,2
552,.676722337397459,1,9,2
553,.388204226556658,1,9,2
554,.742129321520023,1,9,2
555,.441164630982408,1,9,2
556,.197786533375587,1,9,1
557,.307754753671194,1,9,1
558,.307754753671194,1,9,1
559,.551530210164224,1,9,2
560,1.03804324986867,1,9,2
561,.965701162864273,1,9,2
562,.810519301478243,1,9,2
563,.63277045918364,1,9,1
564,.229361850886347,1,9,1
565,1.13661209107403,1,9,2
566,.784189251368095,3,1,1
567,1.56487971381778,1,9,1
568,.713109341084177,1,9,2
569,.251810321191525,1,9,2
570,2.33810450652068,1,9,1
571,.839315285761204,1,9,1
572,.791049200089956,1,9,1
573,.654864021824252,2,9,9
574,.87719031186723,1,9,3
575,1.1042893999294,1,9,2
576,1.05272367014505,1,9,2
577,.67570700071639,1,9,1
578,3.13723827079831,2,9,9
579,3.39378230963622,1,9,3
580,.642492922667502,1,9,2
581,.388204226556658,1,9,2
582,1.42022358594103,1,9,1
583,.212641143030096,1,9,2
584,.938743727222539,1,9,1
585,.193074012754104,1,9,2
586,.348765268704684,1,9,2
587,.527683463800251,1,9,2
588,.598535735212073,1,9,2
589,1.3316504428059,1,9,2
590,.367264080060069,1,9,2
591,.767121379242046,2,9,9
592,.839315285761204,1,9,2
593,3.80621525998247,2,9,9
594,.263934577374828,1,9,2
595,.611852703905559,1,9,1
596,.912479212596195,3,2,9
597,.994154236509803,1,9,1
598,.388204226556658,1,9,2
599,.50762030767244,1,9,2
600,.962205484296181,3,1,2
601,1.52070901428478,1,9,2
602,2.19581464905493,1,9,2
603,.556369703716364,3,1,2
604,1.3601543418119,1,9,2
605,1.45410245536341,1,9,2
606,.263934577374828,1,9,3
607,.297196026575351,1,9,2
608,.318027116025382,1,9,1
609,.551530210164224,1,9,2
610,1.1042893999294,1,9,2
611,.839315285761204,1,9,1
612,.808123923584299,3,1,2
613,.334582033791916,1,9,2
614,.479569564211039,1,9,2
615,.352847186840696,1,9,2
616,1.0196732546411,1,9,2
617,.840171714389151,2,9,9
618,.281283154387482,1,9,2
619,3.41071437114176,3,1,2
620,.412237471222548,1,9,2
621,2.28682821363611,2,9,9
622,.335127266565404,1,9,2
623,.676312612162148,1,9,1
624,1.52203176891295,1,9,2
625,1.12893489235159,2,9,9
626,.63277045918364,1,9,1
627,1.01946654187563,1,9,2
628,.263934577374828,3,2,9
629,.676312612162148,2,9,9
630,.947282372115821,1,9,2
631,.810519301478243,1,9,1
632,.388204226556658,1,9,2
633,.367264080060069,1,9,1
634,.73904296649286,1,9,2
635,2.52795802232336,2,9,9
636,.323109907139397,2,9,9
637,.307754753671194,2,9,9
638,1.00161038173525,1,9,1
639,1.13955513732852,1,9,1
640,.263934577374828,2,9,9
641,2.70806927944348,2,9,9
642,.863780718443179,1,9,2
643,.867330290052444,1,9,2
644,.263934577374828,1,9,2
645,.964880883488427,1,9,1
646,1.46809257505523,1,9,2
647,2.83845839753341,2,9,9
648,.229772786409684,1,9,2
649,.929564016518619,1,9,2
650,.287541492429163,1,9,2
651,.986348755433961,1,9,2
652,.676722337397459,1,9,1
653,.951583583994568,1,9,1
654,.212641143030096,1,9,2
655,5.25592217149468,2,9,9
656,1.42455821321969,1,9,2
657,.51896317545475,1,9,2
658,.247985977250391,1,9,1
659,3.24195427574912,2,9,9
660,.676722337397459,1,9,1
661,.711949153231294,1,9,2
662,.335127266565404,1,9,3
663,1.47759664493623,1,9,1
664,.461583470579565,2,9,9
665,1.14120465031378,1,9,2
666,1.55657305908361,1,9,1
667,1.14771113495045,2,9,9
668,.352847186840696,1,9,2
669,.839065291318049,1,9,2
670,.263934577374828,3,1,3
671,.676722337397459,1,9,2
672,.573800071345372,1,9,2
673,.318027116025382,1,9,2
674,.323109907139397,1,9,3
675,1.05272367014505,1,9,2
676,1.35675297961765,1,9,2
677,.599401169003569,1,9,2
678,1.14771113495045,1,9,2
679,1.15121964266025,1,9,2
680,.87719031186723,1,9,1
681,.318027116025382,1,9,1
682,.367264080060069,1,9,2
683,.225374746792212,1,9,2
684,.264395143284531,1,9,2
685,1.92968069429077,2,9,9
686,.561620110741906,1,9,2
687,2.69053734263989,2,9,9
688,.335127266565404,1,9,1
689,.614646785308031,1,9,2
690,1.03804324986867,1,9,1
691,.388204226556658,1,9,2
692,1.4468552489981,1,9,2
693,.642492922667502,1,9,1
694,.965222562756611,1,9,1
695,.394840501823645,2,9,9
696,.708759874455021,1,9,3
697,1.02431849681758,1,9,2
698,.557374122595844,1,9,1
699,.579919431293578,1,9,3
700,1.07429003848381,1,9,1
701,.244605252231452,2,9,9
702,1.20315353021757,3,1,2
703,1.56104777287766,2,9,9
704,.281283154387482,1,9,2
705,.808123923584299,1,9,1
706,.308995063754468,1,9,2
707,.208033083054223,1,9,2
708,3.19616537452899,3,2,9
709,1.52203176891295,1,9,1
710,.850662135609024,1,9,1
711,.318027116025382,1,9,1
712,.394840501823645,1,9,2
713,.951160031403453,1,9,1
714,.467204918840936,1,9,1
715,.966204583620823,3,1,3
716,.394840501823645,1,9,1
717,.626641212150488,1,9,1
718,.34870619755573,2,9,9
719,.335127266565404,2,9,9
720,.352847186840696,1,9,2
721,1.01946654187563,1,9,1
722,.892379060972588,2,9,9
723,.388204226556658,1,9,1
724,.580577049405813,1,9,2
725,1.02431849681758,2,9,9
726,.281283154387482,2,9,9
727,3.83400767498616,2,9,9
728,1.14120465031378,1,9,2
729,.394840501823645,2,9,9
730,.244605252231452,2,9,9
731,.306891181807021,1,9,3
732,1.36246850865642,1,9,1
733,1.6256591638044,1,9,1
734,1.40339201549949,2,9,9
735,2.93118518472999,2,9,9
736,.654864021824252,1,9,2
737,.842260292212039,1,9,1
738,.403394193970124,1,9,2
739,.334582033791916,1,9,2
740,.467204918840936,1,9,2
741,.388204226556658,2,9,9
742,.711949153231294,2,9,9
743,.263934577374828,1,9,2
744,.263934577374828,1,9,2
745,4.7626661626127,2,9,9
746,3.19681344698291,2,9,9
747,.598535735212073,1,9,3
748,.353921627639169,3,2,9
749,.964880883488427,1,9,3
750,.520489699427239,2,9,9
751,.225371359928493,2,9,9
752,1.46311768255528,1,9,1
753,.367264080060069,2,9,9
754,.467204918840936,2,9,9
755,.263934577374828,1,9,2
756,.913966182969933,3,2,9
757,1.0121181912777,1,9,2
758,2.4015449496806,3,1,3
759,1.46311768255528,1,9,2
760,.388204226556658,1,9,2
761,.247985977250391,1,9,2
762,.964880883488427,1,9,2
763,.867330290052444,1,9,1
764,3.35221682907862,2,9,9
765,2.37116811264486,1,9,3
766,.208033083054223,1,9,2
767,.853205238857709,3,2,9
768,.839315285761204,1,9,1
769,2.47106878377286,2,9,9
770,.784189251368095,2,9,9
771,1.1042893999294,2,9,9
772,1.20315353021757,1,9,2
773,1.39347542094885,1,9,2
774,.297196026575351,1,9,2
775,.699798631343654,1,9,3
776,.204006079743984,2,9,9
777,.87719031186723,2,9,9
778,.264395143284531,1,9,1
779,.394840501823645,2,9,9
780,.694146268796154,2,9,9
781,1.03847575279619,1,9,1
782,1.09451698226433,1,9,1
783,.562600137988749,1,9,2
784,.573800071345372,1,9,2
785,1.42455821321969,1,9,2
786,.297196026575351,3,2,9
787,1.50414487648985,2,9,9
788,.938743727222539,1,9,2
789,.353921627639169,3,1,2
790,.367264080060069,3,1,1
791,.306891181807021,3,2,9
792,.791049200089956,1,9,1
793,1.50414487648985,2,9,9
794,.773099211271244,2,9,9
795,.323109907139397,2,9,9
796,1.4515373344156,1,9,3
797,.412237471222548,1,9,2
798,.986348755433961,1,9,2
799,.34723682035382,1,9,2
800,.840171714389151,1,9,2
801,.863780718443179,1,9,2
802,4.02498651411828,2,9,9
803,1.42022358594103,1,9,1
804,.65302644779051,1,9,2
805,.225371359928493,2,9,9
806,1.02431849681758,2,9,9
807,.263934577374828,1,9,2
808,3.55469546834424,2,9,9
809,1.14771113495045,1,9,2
810,.858372912497936,1,9,1
811,1.91512368933182,2,9,9
812,.34870619755573,2,9,9
813,.394840501823645,1,9,2
814,.263934577374828,1,9,2
815,.473712987971247,1,9,2
816,1.14771113495045,1,9,1
817,.225371359928493,2,9,9
818,.235585190101351,1,9,2
819,.287541492429163,1,9,1
820,.767121379242046,1,9,2
821,1.39316575726112,1,9,3
822,1.37217937022921,1,9,2
823,.566230304420605,2,9,9
824,5.70422462859251,2,9,9
825,1.17358801863253,1,9,2
826,1.68926926393809,1,9,1
827,.388204226556658,2,9,9
828,.826050542061412,1,9,1
829,1.03847575279619,1,9,2
830,.561620110741906,1,9,2
831,1.90383527662697,2,9,9
832,1.40339201549949,1,9,2
833,1.91614563665952,2,9,9
834,.964880883488427,1,9,1
835,1.17358801863253,1,9,2
836,1.61935774696631,1,9,1
837,.467204918840936,1,9,2
838,1.05568596621668,1,9,3
839,7.01040394305319,2,9,9
840,.535821194328389,1,9,2
841,2.01622712420347,2,9,9
842,.169250470826436,1,9,2
843,5.33667896196228,2,9,9
844,.352847186840696,1,9,2
845,.738876972621241,1,9,2
846,2.49349506184609,1,9,2
847,5.54100919080473,3,1,2
848,.212641143030096,1,9,3
849,3.42019127279256,3,1,1
850,.441164630982408,2,9,9
851,.840171714389151,1,9,1
852,.388204226556658,2,9,9
853,.632396357527127,1,9,1
854,.204006079743984,1,9,2
855,1.72533177178679,3,2,9
856,1.82018750624525,2,9,9
857,.611852703905559,1,9,2
858,.684252093736246,1,9,1
859,.628917790585083,1,9,2
860,.332204388242573,1,9,2
861,.551530210164224,1,9,2
862,1.24939780113504,1,9,2
863,1.59391193651719,2,9,9
864,.51896317545475,2,9,9
865,.307754753671194,2,9,9
866,3.0250319590448,2,9,9
867,5.84929240616956,2,9,9
868,.34870619755573,2,9,9
869,1.22097552665502,1,9,1
870,1.46050304530552,1,9,1
871,3.83400767498616,2,9,9
872,.263934577374828,2,9,9
873,.467204918840936,1,9,2
874,.297196026575351,1,9,2
875,.535821194328389,2,9,9
876,.225371359928493,2,9,9
877,.840171714389151,1,9,2
878,1.14120465031378,1,9,1
879,1.20411997130392,1,9,2
880,.684252093736246,1,9,2
881,1.84102353355482,1,9,2
882,.363142336261078,1,9,2
883,.441164630982408,1,9,2
884,.467204918840936,1,9,2
885,.388204226556658,3,1,3
886,1.05568596621668,1,9,2
887,1.26219332166118,2,9,9
888,.654864021824252,1,9,2
889,.97161692260498,1,9,2
890,.791049200089956,1,9,2
891,.394840501823645,1,9,2
892,.416765642235319,1,9,2
893,1.37217937022921,1,9,2
894,2.00956782665343,1,9,1
895,1.48935418924798,1,9,1
896,.335127266565404,1,9,2
897,.480705531386649,1,9,2
898,1.85453720339555,1,9,1
899,.885807428221227,1,9,2
900,.394840501823645,1,9,2
901,.412237471222548,2,9,9
902,.34870619755573,2,9,9
903,.297196026575351,1,9,1
904,.473712987971247,1,9,2
905,.573800071345372,2,9,9
906,4.48043118147983,2,9,9
907,.65302644779051,1,9,1
908,1.41409127861355,2,9,9
909,.297196026575351,2,9,9
910,.924314643403894,2,9,9
911,.34870619755573,2,9,9
912,.721064037492726,1,9,2
913,1.07681738353349,1,9,1
914,.520489699427239,1,9,2
915,.654864021824252,1,9,1
916,1.62738759200191,1,9,1
917,.388204226556658,2,9,9
918,1.17358801863253,2,9,9
919,.388204226556658,1,9,1
920,1.14771113495045,2,9,9
921,1.17828761062677,2,9,9
922,.567352232479204,1,9,1
923,.711949153231294,1,9,2
924,1.37217937022921,1,9,2
925,3.79466029231808,1,9,2
926,.479562357384273,3,2,9
927,.448829631185846,1,9,2
928,.335127266565404,1,9,1
929,5.00246564746611,1,9,1
930,.204006079743984,1,9,2
931,.304634881144507,1,9,2
932,1.01706388160451,3,2,9
933,.380623050816532,1,9,2
934,.304634881144507,2,9,9
935,3.95733661921077,3,2,9
936,.654864021824252,1,9,1
937,.742003625426895,2,9,9
938,1.72630171675547,2,9,9
939,.334582033791916,1,9,2
940,.964880883488427,1,9,1
941,.466955742155635,3,2,9
942,.826050542061412,1,9,1
943,.352847186840696,2,9,9
944,1.02288186889667,1,9,2
945,.944148049165253,2,9,9
946,.598535735212073,1,9,2
947,.561620110741906,1,9,2
948,.263934577374828,3,1,1
949,.297196026575351,1,9,1
950,1.03847575279619,1,9,1
951,.281283154387482,1,9,2
952,1.60264519161494,1,9,1
953,.676722337397459,2,9,9
954,.466955742155635,1,9,2
955,.403394193970124,1,9,2
956,.479562357384273,2,9,9
957,.466955742155635,2,9,9
958,1.24454967513848,1,9,1
959,1.56104777287766,2,9,9
960,.767121379242046,1,9,2
961,.561620110741906,3,1,1
962,1.15121964266025,3,2,9
963,.235585190101351,1,9,2
964,1.72533177178679,3,1,2
965,1.35306765234429,2,9,9
966,1.08247381053908,3,2,9
967,.467204918840936,2,9,9
968,.334582033791916,1,9,2
969,.467204918840936,2,9,9
970,.467204918840936,1,9,1
971,.467204918840936,1,9,3
972,.251810321191525,2,9,9
973,1.85151997810885,1,9,2
974,1.02288186889667,1,9,2
975,1.24454967513848,1,9,3
976,.323109907139397,1,9,2
977,.380623050816532,1,9,2
978,1.48935418924798,1,9,1
979,1.01946654187563,1,9,1
980,.403394193970124,1,9,2
981,.281283154387482,1,9,2
982,2.70806927944348,2,9,9
983,.394840501823645,1,9,1
984,.713109341084177,1,9,3
985,4.20233044639904,3,2,9
986,1.54423528505164,1,9,1
987,.940680827766827,1,9,1
988,.388204226556658,1,9,2
989,.332685256113039,1,9,1
990,3.09233663865782,2,9,9
991,.767121379242046,1,9,3
992,1.10014519401439,1,9,2
993,.994154236509803,1,9,1
994,.467204918840936,2,9,9
995,.307754753671194,1,9,2
996,.235585190101351,1,9,1
997,.244605252231452,2,9,9
998,.367264080060069,2,9,9
999,.642492922667502,1,9,2
1000,.352847186840696,1,9,2
1001,.566230304420605,2,9,9
1002,1.48935418924798,1,9,1
1003,.412237471222548,1,9,1
1004,.388204226556658,1,9,1
1005,1.02431849681758,3,1,2
1006,1.27417115507816,1,9,1
1007,.34870619755573,1,9,1
1008,.994154236509803,1,9,1
1009,1.59120563568256,1,9,2
1010,.380623050816532,1,9,2
1011,1.48209601514014,3,1,2
1012,.863780718443179,1,9,2
1013,.986348755433961,1,9,2
1014,.23060754760996,1,9,2
1015,.986348755433961,1,9,3
1016,.467204918840936,2,9,9
1017,.994154236509803,1,9,1
1018,1.91512368933182,2,9,9
1019,.654864021824252,3,1,2
1020,.380623050816532,1,9,2
1021,3.30043096586014,2,9,9
1022,.863780718443179,3,1,2
1023,.307754753671194,2,9,9
1024,.767121379242046,3,2,9
1025,.66709262725045,2,9,9
1026,1.17791231076944,2,9,9
1027,1.00319852781103,2,9,9
1028,.642492922667502,1,9,1
1029,1.06843869593485,2,9,9
1030,.388204226556658,2,9,9
1031,.380623050816532,1,9,2
1032,1.4301473121905,2,9,9
1033,.836960134273509,1,9,2
1034,.442668650333632,1,9,2
1035,1.40339201549949,1,9,1
1036,.676722337397459,1,9,1
1037,2.34229356496825,2,9,9
1038,1.95648554479972,1,9,1
1039,.598535735212073,2,9,9
1040,.551530210164224,1,9,2
1041,.297196026575351,1,9,3
1042,1.05871879299782,1,9,2
1043,1.05871879299782,1,9,2
1044,.318027116025382,1,9,2
1045,1.3316504428059,1,9,2
1046,.263934577374828,1,9,2
1047,1.24716671326315,2,9,9
1048,.809918738486934,1,9,2
1049,1.17358801863253,1,9,2
1050,.573800071345372,2,9,9
1051,.23060754760996,1,9,2
1052,.443704403687597,1,9,2
1053,.380623050816532,1,9,2
1054,.388204226556658,1,9,2
1055,.654864021824252,1,9,3
1056,1.30564486290566,1,9,1
1057,.73904296649286,1,9,1
1058,1.96818789858866,2,9,9
1059,.706889817808066,2,9,9
1060,4.20233044639904,2,9,9
1061,.467204918840936,1,9,2
1062,1.56487971381778,2,9,9
1063,1.91614563665952,2,9,9
1064,1.3644406901011,1,9,1
1065,.244605252231452,2,9,9
1066,.244605252231452,2,9,9
1067,1.91614563665952,2,9,9
1068,1.89190482314037,1,9,2
1069,.467204918840936,1,9,2
1070,.684252093736246,1,9,2
1071,.335127266565404,1,9,1
1072,1.92968069429077,2,9,9
1073,.73904296649286,1,9,1
1074,.742003625426895,1,9,1
1075,3.44882359164814,1,9,1
1076,.367264080060069,1,9,3
1077,.809918738486934,2,9,9
1078,.467204918840936,1,9,2
1079,.34870619755573,1,9,1
1080,1.4301473121905,2,9,9
1081,3.47485364884037,3,1,3
1082,1.13479800195327,1,9,2
1083,.34870619755573,1,9,1
1084,.858372912497936,1,9,1
1085,3.95733661921077,2,9,9
1086,3.6040931562903,2,9,9
1087,.388204226556658,1,9,2
1088,1.923555362022,2,9,9
1089,.225371359928493,2,9,9
1090,2.16765435432738,3,1,3
1091,.376694680402128,1,9,2
1092,2.49349506184609,2,9,9
1093,1.72533177178679,3,2,9
1094,.467204918840936,1,9,2
1095,.353921627639169,1,9,2
1096,.367264080060069,1,9,2
1097,.632396357527127,1,9,2
1098,.34870619755573,1,9,1
1099,1.50625868035534,2,9,9
1100,.388204226556658,1,9,2
1101,.924314643403894,1,9,2
1102,.966204583620823,3,2,9
1103,.966204583620823,3,2,9
1104,.87719031186723,2,9,9
1105,.479562357384273,1,9,1
1106,.169250470826436,1,9,2
1107,1.17791231076944,3,1,3
1108,1.20411997130392,1,9,3
1109,.551530210164224,1,9,2
1110,3.80621525998247,2,9,9
1111,.318027116025382,2,9,9
1112,.881192185686659,1,9,1
1113,.810519301478243,1,9,2
1114,.87719031186723,1,9,2
1115,.394840501823645,1,9,2
1116,1.30432331967575,1,9,1
1117,.994154236509803,1,9,1
1118,1.20411997130392,1,9,1
1119,1.84078314400851,2,9,9
1120,.287541492429163,2,9,9
1121,.263934577374828,2,9,9
1122,2.03237685468757,2,9,9
1123,.87719031186723,1,9,3
1124,1.39115205620708,1,9,2
1125,1.01706388160451,1,9,2
1126,.287541492429163,1,9,2
1127,.323109907139397,2,9,9
1128,1.09092307839073,1,9,1
1129,.297196026575351,1,9,2
1130,.334582033791916,2,9,9
1131,.412237471222548,1,9,2
1132,4.7626661626127,2,9,9
1133,1.03847575279619,1,9,1
1134,.403394193970124,1,9,3
1135,2.4237340765097,2,9,9
1136,1.00319852781103,2,9,9
1137,.263934577374828,1,9,2
1138,1.153625459001,1,9,1
1139,3.30043096586014,3,2,9
1140,.713109341084177,1,9,1
1141,1.44952672333867,1,9,1
1142,.721064037492726,1,9,2
1143,.307754753671194,1,9,2
1144,.281283154387482,2,9,9
1145,.490704316633342,1,9,2
1146,.281283154387482,2,9,9
1147,.810519301478243,1,9,1
1148,.551530210164224,1,9,2
1149,.270987541826028,2,9,9
1150,.599401169003569,1,9,2
1151,.467204918840936,1,9,2
1152,.854303818248654,1,9,2
1153,1.10014519401439,1,9,3
1154,1.3644406901011,1,9,1
1155,.684252093736246,1,9,2
1156,.34870619755573,1,9,2
1157,.501296123720742,2,9,9
1158,1.56104777287766,2,9,9
1159,1.6982835204311,1,9,1
1160,.412237471222548,3,2,9
1161,.526555538963041,1,9,1
1162,.556369703716364,1,9,1
1163,.753101415076745,1,9,1
1164,.467204918840936,1,9,2
1165,.466955742155635,2,9,9
1166,1.92968069429077,2,9,9
1167,1.22097552665502,2,9,9
1168,1.6534494890077,1,9,2
1169,.614646785308031,1,9,2
1170,.598535735212073,1,9,2
1171,3.10090390256995,2,9,9
1172,1.93000758396617,1,9,2
1173,1.83836249267671,1,9,1
1174,.767121379242046,1,9,2
1175,.270987541826028,1,9,2
1176,.885807428221227,1,9,2
1177,.986348755433961,2,9,9
1178,1.12893489235159,3,1,2
1179,3.24195427574912,1,9,2
1180,4.6213217113255,2,9,9
1181,1.50625868035534,2,9,9
1182,1.06843869593485,2,9,9
1183,.994154236509803,2,9,9
1184,1.09092307839073,1,9,1
1185,.858372912497936,1,9,2
1186,.263934577374828,1,9,2
1187,.235585190101351,1,9,2
1188,.307754753671194,1,9,1
1189,1.09451698226433,1,9,2
1190,.263934577374828,2,9,9
1191,.264395143284531,1,9,2
1192,.520489699427239,1,9,2
1193,.784189251368095,1,9,3
1194,1.10014519401439,1,9,2
1195,2.83845839753341,1,9,3
1196,1.32870042493748,1,9,2
1197,.307754753671194,1,9,1
1198,.388204226556658,1,9,2
1199,2.69053734263989,1,9,2
1200,1.90084681118633,2,9,9
