caseid,meet,givefut,info,march,sign,give12mo
1,1,3,4,1,2,2
2,4,5,4,2,2,2
3,1,1,1,1,1,1
4,5,4,5,2,2,2
5,2,1,3,1,2,1
6,3,3,2,2,1,1
7,1,1,1,2,2,1
8,5,4,5,2,1,2
9,3,3,4,2,2,1
10,1,1,1,1,1,1
11,5,5,5,2,2,2
12,5,5,4,2,1,2
13,3,4,4,2,2,1
14,5,5,5,2,2,2
15,3,3,3,2,1,2
16,5,5,5,2,2,2
17,1,1,1,1,2,1
18,5,3,5,2,1,1
19,5,4,4,2,2,2
20,5,2,5,2,2,1
21,2,3,2,2,2,2
22,5,2,1,2,2,1
23,3,5,4,2,2,2
24,5,4,5,2,2,2
25,2,5,4,2,2,2
26,4,4,5,2,2,2
27,5,5,5,2,2,2
28,3,3,3,2,1,1
29,5,4,4,2,2,2
30,1,4,4,2,2,2
31,1,5,5,2,2,2
32,4,3,3,1,2,1
33,4,5,5,2,2,2
34,3,3,4,2,2,2
35,5,3,5,2,2,2
36,1,1,1,2,1,1
37,5,5,5,2,2,2
38,5,5,5,2,2,2
39,5,2,5,2,2,2
40,4,5,5,2,2,2
41,3,3,3,2,2,2
42,5,4,4,2,2,2
43,5,5,5,2,2,2
44,1,3,3,2,2,2
45,2,2,3,2,2,1
46,3,3,4,2,2,1
47,2,2,3,2,1,2
48,4,1,4,2,2,1
49,4,3,4,2,1,2
50,5,5,5,2,2,2
51,5,5,5,2,2,2
52,1,3,1,2,1,2
53,5,4,5,2,2,1
54,1,3,1,2,1,2
55,5,5,4,2,2,2
56,4,3,4,2,2,2
57,1,2,1,1,1,1
58,4,4,5,2,2,2
59,5,3,3,2,2,2
60,3,5,5,2,2,2
61,1,1,1,1,1,1
62,5,5,5,2,2,2
63,3,3,3,2,2,2
64,3,3,4,2,2,2
65,4,2,2,2,2,2
66,4,3,3,2,2,2
67,1,1,1,1,1,1
68,5,3,5,2,2,2
69,5,4,5,2,2,2
70,1,3,4,1,2,2
71,5,5,5,2,2,2
72,2,2,3,2,1,1
73,2,3,3,2,1,2
74,2,4,3,2,1,2
75,3,3,4,2,2,2
76,5,5,5,2,2,2
77,5,5,5,2,2,2
78,4,2,5,2,2,2
79,3,1,4,2,2,2
80,5,5,5,2,2,2
81,2,5,5,2,2,2
82,5,5,5,2,2,2
83,4,2,2,2,2,2
84,3,5,4,2,2,2
85,4,3,4,2,2,1
86,5,5,5,2,2,2
87,5,5,4,2,2,2
88,5,5,5,1,2,2
89,4,4,4,2,2,2
90,5,5,5,2,2,2
91,3,3,4,2,1,2
92,5,5,5,2,2,2
93,5,5,4,2,2,2
94,5,4,5,2,2,2
95,3,2,4,2,2,1
96,4,3,5,2,2,2
97,4,5,2,2,1,2
98,5,2,4,2,2,1
99,3,4,5,2,2,2
100,5,2,5,2,1,1
101,3,3,3,2,2,2
102,4,5,5,2,2,2
103,3,1,1,1,1,1
104,5,5,5,2,2,1
105,4,4,5,2,2,2
106,4,3,4,1,2,2
107,1,1,1,2,1,1
108,4,4,5,2,2,2
109,1,3,2,2,1,2
110,2,2,3,2,1,1
111,5,4,4,2,2,1
112,4,4,5,2,2,1
113,3,3,4,2,2,2
114,1,1,1,2,1,1
115,2,2,2,2,2,2
116,5,5,5,1,2,2
117,5,5,5,2,2,2
118,3,3,4,2,1,1
119,4,5,5,2,2,2
120,3,3,4,2,2,2
121,4,5,5,2,2,2
122,5,5,5,2,2,2
123,4,4,4,2,2,2
124,5,4,5,2,2,2
125,2,5,5,2,2,2
126,3,1,3,2,1,1
127,5,5,5,2,2,2
128,5,5,5,2,2,2
129,5,5,5,2,2,2
130,3,3,4,1,1,2
131,1,2,3,2,2,1
132,5,5,5,2,2,2
133,5,5,5,2,2,2
134,2,4,4,2,2,2
135,4,5,5,2,2,2
136,4,5,5,2,2,2
137,5,5,5,2,2,2
138,5,5,5,2,2,2
139,5,5,5,2,2,2
140,4,4,4,2,2,2
141,5,3,4,2,2,2
142,4,5,5,2,2,2
143,1,5,5,2,2,2
144,1,3,4,1,1,1
145,5,4,5,2,2,2
146,5,5,5,2,2,2
147,2,2,4,2,2,2
148,5,5,5,2,2,2
149,2,5,5,2,2,2
150,4,4,5,2,2,2
151,2,4,5,2,1,2
152,5,5,5,2,2,2
153,5,5,5,2,2,2
154,5,4,5,2,2,2
155,2,5,4,2,2,2
156,5,5,5,2,2,2
157,5,5,5,2,2,2
158,5,5,5,2,2,2
159,5,5,5,2,2,2
160,5,5,5,2,2,2
161,5,5,5,2,2,1
162,5,5,5,2,2,2
163,5,4,5,2,2,2
164,2,4,4,2,2,2
165,5,5,5,2,2,2
166,4,4,4,2,1,2
167,5,5,5,2,2,2
168,5,4,5,2,2,2
169,1,1,1,1,2,1
170,3,4,4,2,2,2
171,4,5,5,2,2,2
172,4,4,4,2,1,2
173,2,2,2,2,2,1
174,1,1,1,2,2,1
175,3,1,2,2,2,1
176,5,5,5,2,2,2
177,5,5,5,2,2,2
178,2,4,5,2,1,1
179,4,4,3,2,2,2
180,5,5,5,2,2,2
181,4,5,5,2,2,2
182,5,3,4,2,2,2
183,4,4,4,2,2,2
184,4,5,4,2,2,2
185,2,1,4,2,2,1
186,4,3,5,2,1,2
187,5,5,4,2,2,2
188,5,4,4,1,2,1
189,1,2,2,1,1,1
190,5,5,2,2,2,2
191,1,3,2,2,2,2
192,4,1,3,1,2,1
193,3,5,5,2,2,2
194,5,5,5,2,2,2
195,5,4,5,2,2,2
196,5,5,5,2,2,2
197,4,4,5,2,1,2
198,5,5,5,2,2,2
199,4,3,2,2,1,1
200,2,5,1,2,2,2
201,2,2,2,2,1,2
202,5,5,5,2,2,2
203,3,4,4,2,2,2
204,4,5,5,2,2,2
205,5,5,5,2,2,2
206,4,5,5,2,2,2
207,3,4,5,2,2,2
208,2,5,4,2,2,2
209,3,3,5,2,2,2
210,5,5,5,2,2,2
211,1,2,1,1,1,1
212,5,5,5,2,2,2
213,5,5,5,2,2,2
214,5,5,5,2,2,2
215,2,2,5,1,2,1
216,4,4,5,1,2,2
217,2,1,3,2,2,1
218,4,5,5,2,2,2
219,4,4,5,2,2,2
220,3,4,4,1,2,2
221,5,5,5,2,2,2
222,1,3,2,2,2,1
223,4,4,5,2,2,2
224,1,3,2,1,1,2
225,5,5,5,2,2,2
226,5,4,5,2,2,2
227,5,3,5,1,2,2
228,4,5,5,2,2,2
229,5,5,5,2,2,2
230,4,5,5,2,2,2
231,3,3,5,2,2,2
232,5,5,5,2,2,2
233,5,5,5,2,2,2
234,1,2,2,2,1,1
235,3,5,3,2,2,2
236,4,5,3,2,1,2
237,3,1,5,2,2,1
238,3,5,4,2,2,2
239,5,5,5,2,2,2
240,5,5,5,2,2,2
241,2,4,3,2,2,2
242,5,5,3,2,2,2
243,5,5,5,2,2,2
244,5,3,5,2,2,2
245,3,5,5,2,2,2
246,5,5,2,2,1,2
247,4,4,3,2,1,2
248,5,5,5,2,2,2
249,5,5,5,2,2,2
250,3,3,5,2,2,2
251,1,2,2,1,1,1
252,5,5,5,2,2,2
253,3,4,4,2,2,2
254,3,4,2,2,1,2
255,2,2,2,2,2,2
256,3,4,3,2,2,2
257,1,1,1,2,2,2
258,5,5,5,2,2,2
259,3,2,3,2,2,2
260,3,1,4,2,2,1
261,3,3,3,1,2,2
262,3,3,4,2,2,2
263,3,3,3,2,2,2
264,2,3,3,2,1,1
265,3,5,5,2,1,2
266,4,3,4,2,2,2
267,2,2,3,2,1,1
268,5,3,5,2,2,1
269,5,4,5,2,2,2
270,1,1,1,1,1,1
271,5,3,3,2,1,1
272,4,4,4,2,2,2
273,5,4,5,2,1,1
274,4,3,3,1,2,2
275,5,3,5,1,1,2
276,4,5,5,2,2,2
277,4,1,1,1,1,1
278,2,1,3,1,2,2
279,1,3,2,2,1,1
280,4,5,5,2,2,2
281,5,5,5,2,2,2
282,4,5,4,2,2,2
283,2,2,2,1,2,1
284,5,5,5,2,2,2
285,4,5,5,2,1,2
286,5,5,5,2,2,2
287,5,2,5,2,2,1
288,2,3,2,2,2,2
289,5,5,5,2,2,2
290,5,5,4,2,2,2
291,4,5,5,2,2,2
292,5,5,5,2,2,2
293,4,3,4,2,1,2
294,5,5,5,2,2,2
295,4,5,5,2,1,2
296,5,4,3,2,2,2
297,5,5,5,2,1,2
298,5,5,5,2,2,2
299,3,4,4,2,2,1
300,4,4,3,1,1,2
301,5,5,5,2,1,2
302,5,5,5,2,2,2
303,1,5,4,2,2,2
304,1,3,3,1,1,2
305,4,5,5,2,2,2
306,5,5,4,2,2,2
307,4,5,3,2,2,2
308,1,3,3,2,1,1
309,5,5,5,2,2,2
310,3,4,3,2,2,2
311,5,5,5,2,2,2
312,1,5,5,2,2,2
313,4,5,5,2,2,2
314,3,3,2,2,1,1
315,5,5,5,2,2,2
316,4,5,5,2,2,2
317,3,1,3,2,1,1
318,2,4,3,2,1,2
319,1,1,1,1,1,1
320,5,5,5,2,1,2
321,5,5,3,2,2,2
322,3,1,4,2,1,1
323,1,3,2,2,1,2
324,5,5,5,2,2,2
325,4,2,3,2,1,1
326,5,3,5,2,2,2
327,5,1,5,2,2,1
328,4,5,5,2,2,2
329,5,5,5,2,2,2
330,1,1,2,2,1,1
331,2,3,3,2,1,2
332,2,3,1,1,2,1
333,4,5,5,2,2,2
334,3,2,4,2,2,1
335,2,2,3,2,2,1
336,5,5,5,2,2,2
337,1,1,1,1,1,1
338,5,5,5,2,2,2
339,4,5,5,2,2,2
340,4,4,4,2,2,2
341,5,4,5,2,2,2
342,5,5,5,2,2,2
343,3,4,5,2,2,2
344,3,5,5,2,2,2
345,5,2,3,1,2,1
346,5,5,5,2,2,2
347,5,5,5,2,2,2
348,2,3,4,1,1,2
349,4,5,5,2,2,2
350,4,5,4,2,2,2
351,4,3,5,2,2,2
352,5,5,5,2,2,2
353,4,4,5,2,2,2
354,5,4,5,2,2,2
355,5,5,5,2,2,2
356,5,5,5,2,2,1
357,5,3,3,2,2,2
358,4,4,4,2,2,2
359,5,4,5,2,2,2
360,3,4,4,2,2,2
361,5,5,5,2,2,2
362,3,3,3,1,1,2
363,5,5,5,2,2,2
364,3,3,3,1,2,2
365,4,4,4,2,2,1
366,2,2,3,1,2,1
367,3,3,3,2,1,2
368,3,3,3,2,2,2
369,3,4,5,2,2,2
370,4,5,3,2,2,2
371,3,4,4,2,2,2
372,5,5,5,2,2,2
373,2,2,3,2,2,2
374,5,5,5,2,2,2
375,4,4,4,2,2,2
376,5,3,5,2,2,2
377,3,4,3,2,2,2
378,4,5,4,2,2,2
379,5,4,5,2,2,2
380,5,5,5,2,2,2
381,5,5,5,2,2,2
382,2,5,5,2,2,2
383,5,5,5,2,2,2
384,1,2,3,1,1,1
385,5,5,5,2,2,2
386,5,5,5,2,2,2
387,3,3,3,2,2,2
388,4,5,5,2,2,2
389,5,5,5,2,2,2
390,4,4,3,2,1,2
391,5,5,5,2,2,2
392,4,4,4,2,2,2
393,2,2,2,2,2,2
394,2,1,1,2,1,1
395,2,2,4,1,1,1
396,4,5,5,2,2,2
397,5,5,5,2,2,2
398,5,5,5,2,2,2
399,4,5,5,2,2,2
400,1,3,3,1,1,2
401,4,4,4,2,1,2
402,3,5,5,2,2,2
403,5,5,3,2,2,2
404,3,4,4,2,1,2
405,5,5,5,2,2,2
406,2,3,3,1,2,2
407,5,5,5,2,2,2
408,3,4,5,2,2,2
409,3,5,5,2,1,2
410,4,4,5,2,2,2
411,5,5,5,2,2,2
412,1,1,1,2,2,2
413,4,4,4,2,2,2
414,3,2,4,2,1,2
415,5,3,5,2,2,2
416,4,5,3,2,2,2
417,4,4,5,2,2,2
418,1,1,3,2,1,1
419,4,2,3,2,2,1
420,2,4,2,2,2,1
421,5,5,5,2,2,2
422,1,3,2,2,1,1
423,5,5,5,2,2,2
424,5,5,5,2,1,2
425,3,4,3,2,1,2
426,3,1,3,2,1,1
427,3,4,5,2,2,1
428,5,5,5,2,2,2
429,5,5,5,2,2,2
430,5,5,5,2,2,2
431,2,2,4,2,2,1
432,5,5,5,2,2,2
433,4,5,3,2,2,2
434,4,4,5,2,2,2
435,5,5,5,2,2,2
436,4,2,3,2,2,2
437,5,5,5,1,1,1
438,2,2,2,1,1,1
439,3,4,3,2,2,2
440,2,2,2,2,1,1
441,5,5,5,2,2,2
442,2,2,3,2,2,1
443,5,5,5,2,2,2
444,5,2,3,2,2,1
445,1,1,3,2,2,1
446,2,3,4,2,1,2
447,5,4,5,2,2,2
448,3,2,3,1,1,1
449,5,5,5,2,1,1
450,5,5,5,2,2,2
451,5,4,5,2,2,1
452,5,4,5,2,2,2
453,5,5,5,2,2,2
454,2,3,4,2,2,2
455,5,5,5,2,2,2
456,1,1,3,2,1,1
457,4,3,5,2,2,2
458,5,5,5,2,1,1
459,1,4,2,2,2,2
460,5,5,5,2,2,2
461,2,2,2,1,1,1
462,5,5,5,2,2,2
463,5,4,5,2,2,2
464,1,2,1,1,1,1
465,3,3,4,2,2,2
466,4,4,4,2,1,2
467,5,5,5,2,2,2
468,2,1,2,1,1,1
469,4,2,4,2,1,1
470,1,1,1,1,1,1
471,3,4,2,2,1,2
472,1,4,4,1,2,2
473,4,4,5,2,1,2
474,4,3,3,2,2,2
475,4,4,5,1,2,2
476,5,5,4,2,2,2
477,5,5,5,2,2,2
478,1,1,1,2,2,2
479,3,3,3,2,2,2
480,4,4,4,1,2,2
481,2,2,5,2,1,1
482,3,3,3,2,2,2
483,5,2,5,2,2,1
484,5,5,5,2,2,2
485,4,4,3,2,2,2
486,3,3,4,2,1,1
487,5,5,5,2,2,2
488,5,4,5,2,2,2
489,4,3,3,1,1,1
490,4,2,1,2,1,1
491,5,5,4,2,2,1
492,5,5,5,2,2,2
493,5,4,4,2,1,2
494,3,4,4,2,2,2
495,5,5,5,2,1,1
496,4,5,5,2,2,2
497,4,2,3,2,2,2
498,5,4,5,2,2,2
499,1,4,3,2,2,2
500,4,5,4,2,2,2
501,4,4,5,2,2,2
502,2,3,2,2,1,2
503,2,2,2,2,2,2
504,1,2,2,1,1,2
505,3,5,3,2,2,2
506,2,2,3,2,1,1
507,5,5,4,2,2,2
508,5,5,5,2,2,2
509,4,5,4,2,2,2
510,2,3,3,2,2,2
511,4,5,1,2,2,2
512,5,5,4,2,2,2
513,5,5,5,2,2,2
514,2,5,5,2,2,2
515,1,1,1,2,2,1
516,4,4,5,2,2,2
517,5,5,5,2,2,2
518,1,1,2,1,1,1
519,3,5,3,2,2,2
520,3,4,4,2,1,2
521,5,4,4,2,2,2
522,2,1,1,2,1,1
523,5,2,5,2,1,2
524,4,5,3,2,1,2
525,3,2,2,2,2,1
526,4,2,1,2,2,2
527,1,2,2,1,1,1
528,2,4,4,2,2,2
529,3,4,5,2,2,1
530,5,4,4,2,2,1
531,3,3,5,2,2,2
532,5,5,5,2,2,2
533,5,5,1,2,2,2
534,5,5,5,2,2,2
535,3,3,3,2,2,2
536,4,2,5,2,1,1
537,2,4,3,2,2,2
538,5,5,5,2,2,2
539,4,5,5,2,2,2
540,2,5,3,1,2,2
541,5,5,5,2,2,2
542,3,3,4,2,1,1
543,5,5,5,2,2,2
544,5,3,3,2,2,2
545,5,5,5,2,2,2
546,3,3,3,1,2,2
547,5,5,5,2,2,2
548,5,5,5,2,2,2
549,3,5,3,2,1,2
550,5,5,5,2,2,2
551,4,3,4,2,1,2
552,5,5,5,2,2,2
553,5,4,4,2,2,2
554,2,1,3,2,1,1
555,4,4,4,2,2,2
556,5,5,5,2,2,2
557,5,5,5,2,2,2
558,5,5,5,2,2,2
559,1,1,1,1,1,1
560,2,2,3,1,2,2
561,1,2,5,2,2,2
562,1,1,1,1,1,1
563,5,5,5,2,2,2
564,3,5,5,2,2,2
565,2,1,3,1,1,1
566,4,4,5,2,2,2
567,4,4,5,2,2,2
568,5,5,5,2,2,2
569,1,1,1,1,1,1
570,1,5,1,2,2,2
571,3,5,4,2,2,2
572,3,3,3,2,2,2
573,5,5,5,2,2,2
574,5,5,5,2,2,2
575,5,5,5,2,2,2
576,5,3,5,2,2,2
577,4,2,2,2,2,1
578,5,5,4,2,2,2
579,5,5,5,2,2,2
580,4,5,4,1,1,1
581,4,1,2,2,2,1
582,5,4,5,2,2,1
583,1,1,1,2,2,2
584,2,3,4,2,2,2
585,5,5,5,2,2,2
586,1,1,2,1,1,1
587,5,3,4,2,2,1
588,5,5,5,2,2,2
589,5,5,5,2,2,1
590,5,5,5,2,2,2
591,5,5,4,2,2,2
592,2,3,3,1,1,2
593,5,3,3,1,2,2
594,5,5,5,2,2,2
595,5,4,4,2,1,1
596,5,5,5,2,2,2
597,5,5,5,2,2,2
598,1,2,3,2,1,2
599,5,5,5,2,2,2
600,5,5,5,2,2,2
601,4,4,4,1,2,1
602,2,3,2,2,1,1
603,5,5,5,2,2,2
604,3,2,4,2,1,1
605,2,2,2,2,2,2
606,5,5,5,2,2,2
607,5,5,5,2,2,2
608,4,5,5,2,2,2
609,1,1,1,1,1,1
610,1,1,1,1,1,1
611,5,3,5,2,2,2
612,3,4,4,2,2,2
613,2,2,2,1,1,1
614,4,5,5,2,2,2
615,5,5,4,2,2,2
616,5,5,5,2,2,2
617,4,3,3,2,2,2
618,3,3,3,1,1,2
619,3,3,3,2,2,2
620,4,5,5,2,2,2
621,3,5,1,2,2,2
622,5,3,5,2,2,2
623,5,5,5,2,2,2
624,3,3,3,2,2,2
625,3,5,5,2,2,2
626,5,5,5,2,2,2
627,5,5,4,2,2,2
628,3,3,3,2,2,2
629,5,5,5,2,2,2
630,5,5,5,2,1,2
631,3,3,4,2,1,1
632,4,5,5,2,2,2
633,5,5,4,2,2,2
634,4,4,4,2,2,2
635,5,5,5,2,2,2
636,3,1,5,2,2,2
637,3,4,4,2,2,2
638,3,2,5,2,2,1
639,4,4,5,2,1,2
640,3,2,3,2,2,1
641,3,3,3,2,2,2
642,5,5,5,2,2,2
643,5,5,4,2,2,2
644,5,5,5,2,2,2
645,4,5,5,2,2,2
646,4,4,4,2,2,2
647,5,5,5,2,2,2
648,4,4,4,2,2,2
649,5,5,5,2,2,2
650,5,3,5,1,2,1
651,3,4,5,2,2,2
652,4,5,5,2,2,2
653,5,5,5,2,2,2
654,4,3,5,2,2,1
655,5,5,4,2,2,2
656,5,5,5,2,2,2
657,5,5,5,2,2,2
658,4,5,5,2,2,2
659,5,5,5,2,2,2
660,3,4,4,2,2,2
661,1,1,5,2,2,2
662,1,1,1,1,2,1
663,3,4,4,2,2,2
664,2,5,5,1,2,2
665,5,5,5,2,2,2
666,4,4,1,2,2,2
667,5,4,4,2,2,2
668,5,5,5,2,2,2
669,1,2,2,2,2,2
670,4,5,5,2,2,2
671,1,3,3,2,2,2
672,5,5,5,2,2,2
673,5,5,5,2,2,2
674,5,3,3,2,2,1
675,1,4,1,1,1,2
676,4,4,5,1,2,2
677,3,5,4,2,2,2
678,2,4,5,2,2,2
679,2,3,2,1,1,2
680,5,5,4,2,1,1
681,1,2,1,2,2,2
682,4,5,5,2,2,2
683,3,4,3,2,1,2
684,3,4,4,2,2,1
685,4,2,4,2,2,2
686,4,5,5,2,2,2
687,5,5,5,2,2,2
688,3,2,5,1,1,1
689,3,3,2,2,1,2
690,5,5,5,2,2,2
691,3,4,3,2,1,2
692,3,5,5,1,2,2
693,3,5,5,2,2,2
694,5,4,5,2,2,2
695,3,5,5,2,2,2
696,3,3,3,2,1,2
697,2,5,5,2,2,2
698,4,5,5,2,2,2
699,1,3,1,1,1,1
700,2,3,4,2,2,1
701,2,1,1,1,1,2
702,3,3,5,2,2,2
703,3,4,3,2,2,2
704,5,1,4,2,2,1
705,4,4,4,1,1,1
706,5,3,5,2,2,2
707,3,3,4,2,2,2
708,3,4,3,2,2,2
709,4,5,5,2,2,2
710,1,1,1,2,2,1
711,5,5,5,2,2,2
712,4,4,4,2,2,2
713,2,2,4,2,1,2
714,2,2,3,2,2,2
715,3,5,3,2,2,2
716,4,4,4,2,2,2
717,3,4,3,2,2,2
718,3,5,4,2,2,2
719,3,5,4,2,2,2
720,5,5,5,2,2,2
721,5,5,5,2,2,1
722,4,3,3,2,2,2
723,3,1,4,2,2,1
724,3,5,2,1,2,2
725,2,3,3,2,2,2
726,3,2,3,2,2,2
727,5,5,5,2,2,2
728,2,2,2,2,2,2
729,3,3,3,2,2,2
730,5,5,5,2,2,2
731,3,4,3,2,2,2
732,5,4,5,2,2,2
733,2,2,3,1,1,1
734,1,5,5,2,2,2
735,5,5,5,2,2,2
736,5,5,5,2,1,2
737,3,5,3,2,2,2
738,3,4,4,2,2,2
739,4,4,4,1,2,2
740,3,2,3,2,2,2
741,2,2,1,1,2,2
742,3,3,4,2,2,2
743,4,4,3,2,2,2
744,3,5,4,2,2,2
745,5,4,5,2,2,2
746,5,5,4,2,2,2
747,3,2,3,1,1,1
748,5,5,5,2,2,2
749,5,5,5,2,2,2
750,4,5,5,2,2,2
751,4,4,5,2,2,2
752,5,5,5,2,2,2
753,5,5,5,2,2,2
754,5,5,5,2,2,2
755,2,2,3,2,2,2
756,3,3,3,2,2,2
757,2,4,5,2,2,2
758,5,3,3,2,2,2
759,5,4,5,2,2,2
760,4,4,3,2,2,2
761,5,5,5,2,2,2
762,2,4,5,2,1,2
763,5,2,3,2,1,1
764,5,5,5,2,2,2
765,1,1,1,1,1,1
766,5,5,5,2,1,2
767,3,2,4,2,2,2
768,5,5,5,2,2,2
769,5,5,5,2,2,2
770,5,4,5,2,2,1
771,5,5,5,2,2,2
772,4,5,4,2,2,2
773,2,4,4,2,2,2
774,3,5,4,1,2,2
775,1,1,2,2,2,2
776,5,5,5,2,2,2
777,4,5,5,2,2,2
778,3,5,3,2,2,2
779,3,3,5,2,2,2
780,4,5,5,2,2,2
781,4,3,3,2,2,1
782,3,4,5,2,2,2
783,5,5,5,2,2,2
784,5,5,5,1,2,2
785,4,5,5,2,2,2
786,3,4,5,2,2,2
787,3,3,3,1,1,1
788,4,5,4,2,2,2
789,5,5,5,2,2,2
790,5,5,5,2,2,2
791,1,5,5,2,2,2
792,4,3,4,2,2,2
793,3,4,4,2,2,2
794,3,4,3,2,2,1
795,5,5,5,2,2,2
796,3,4,4,2,2,2
797,2,4,5,1,2,2
798,2,4,4,2,2,2
799,1,1,1,1,1,1
800,2,4,3,2,2,2
801,3,3,3,2,2,2
802,5,5,5,2,2,2
803,5,5,5,2,2,2
804,3,4,4,2,2,2
805,3,4,4,2,1,2
806,5,5,5,2,2,2
807,5,4,5,2,2,2
808,4,5,5,2,2,2
809,4,4,3,2,1,2
810,3,4,5,2,2,2
811,3,5,5,1,2,2
812,4,5,4,2,2,2
813,1,1,1,2,1,2
814,4,5,1,2,2,2
815,5,3,5,2,2,2
816,1,2,2,1,2,2
817,5,5,5,2,2,2
818,3,3,3,1,2,1
819,5,5,5,2,2,2
820,4,5,5,2,2,2
821,4,5,5,1,2,2
822,4,4,4,2,2,2
823,5,5,5,2,2,2
824,3,3,3,2,2,2
825,3,5,4,2,1,2
826,4,4,5,2,2,2
827,3,3,3,2,1,1
828,4,4,5,2,2,2
829,5,5,5,2,2,2
830,5,5,5,2,2,2
831,5,5,5,2,2,2
832,4,4,5,2,2,2
833,4,3,5,2,1,2
834,4,4,4,2,2,2
835,2,4,4,2,2,2
836,4,4,4,2,1,1
837,5,4,4,1,1,2
838,4,5,5,2,2,2
839,3,3,5,2,2,2
840,5,5,5,2,2,2
841,5,5,5,2,2,2
842,1,3,1,1,1,1
843,1,2,2,1,1,1
844,5,5,5,2,2,2
845,3,5,5,2,1,2
846,2,2,3,1,2,1
847,5,5,5,2,2,2
848,3,1,3,2,2,2
849,5,5,5,1,2,2
850,5,5,5,2,2,2
851,3,4,3,1,1,1
852,5,5,5,2,2,2
853,5,4,3,2,2,1
854,3,2,3,2,2,1
855,5,5,5,2,2,2
856,4,5,5,2,2,2
857,5,5,5,1,2,2
858,5,5,5,2,2,2
859,4,5,5,2,2,2
860,4,3,5,2,2,2
861,5,5,5,2,2,2
862,4,5,4,2,2,2
863,2,4,4,2,1,2
864,4,5,5,2,2,2
865,5,5,5,2,2,2
866,3,5,3,2,2,2
867,5,5,5,2,2,2
868,4,5,5,2,2,2
869,5,5,5,2,2,2
870,5,3,4,2,2,2
871,5,5,5,2,2,2
872,4,4,5,2,2,2
873,4,4,3,2,2,2
874,5,5,4,2,2,2
875,3,4,3,2,2,2
876,3,2,1,2,2,2
877,2,1,4,2,1,1
878,5,5,5,2,2,2
879,5,5,5,2,2,2
880,2,2,4,2,2,2
881,1,2,4,2,2,2
882,2,3,3,2,2,2
883,5,5,4,2,2,2
884,4,5,3,2,2,2
885,5,5,5,2,2,2
886,4,4,1,2,2,2
887,5,5,5,2,2,2
888,5,5,5,2,2,2
889,2,5,5,2,2,2
890,3,3,5,2,2,1
891,3,4,4,2,2,2
892,5,4,5,2,2,2
893,5,5,2,2,2,2
894,5,4,5,2,2,2
895,5,4,4,2,2,2
896,4,3,4,2,2,2
897,1,1,1,1,1,1
898,5,5,5,2,2,2
899,4,4,5,2,2,2
900,3,2,2,1,2,1
901,3,4,3,2,2,2
902,2,2,3,1,2,1
903,1,1,1,1,1,1
904,3,2,3,2,1,1
905,5,5,5,2,2,2
906,5,5,5,2,2,2
907,5,2,3,2,2,2
908,5,5,5,2,2,2
909,3,4,4,2,2,2
910,3,4,5,2,2,2
911,5,5,5,2,2,2
912,4,3,5,2,1,1
913,4,5,4,2,2,2
914,3,4,2,2,1,1
915,4,5,5,2,2,2
916,1,1,1,1,2,1
917,5,5,5,2,2,2
918,5,5,5,2,2,2
919,4,5,5,2,2,2
920,4,5,4,2,2,2
921,3,4,4,2,1,2
922,3,3,4,2,1,1
923,3,3,2,2,2,2
924,1,2,3,2,2,1
925,4,4,4,2,1,2
926,5,3,5,2,1,2
927,2,1,1,1,1,1
928,5,5,5,2,2,2
929,2,3,2,1,1,2
930,4,4,5,1,2,2
931,1,5,5,2,2,2
932,5,5,5,2,2,2
933,5,5,5,2,2,2
934,5,5,5,2,1,2
935,5,5,5,2,2,2
936,5,5,5,2,2,2
937,4,2,3,2,2,1
938,3,4,5,2,2,2
939,5,5,4,2,2,2
940,3,5,4,2,2,2
941,3,3,3,1,1,2
942,5,4,5,2,2,2
943,3,2,3,2,2,1
944,3,3,3,1,1,1
945,5,5,4,2,2,2
946,5,5,5,2,2,2
947,4,5,4,2,2,2
948,4,3,3,2,2,2
949,5,5,5,2,2,2
950,5,4,5,2,2,2
951,3,2,2,1,2,1
952,1,1,1,1,1,2
953,4,4,5,2,2,2
954,3,4,1,2,2,2
955,2,1,3,1,2,1
956,4,5,4,2,2,2
957,5,5,5,2,2,2
958,4,5,5,2,1,2
959,5,4,5,2,2,2
960,5,5,5,2,2,2
961,4,4,4,2,2,2
962,4,5,5,2,1,2
963,5,5,1,2,2,2
964,3,2,3,2,2,2
965,3,4,4,2,2,2
966,3,3,3,2,2,2
967,3,4,3,2,2,2
968,3,5,5,1,2,2
969,1,1,1,1,1,2
970,2,3,4,1,2,2
971,2,2,1,2,2,2
972,3,3,3,2,2,2
973,1,4,2,2,1,2
974,1,3,5,2,2,1
975,2,2,1,1,1,2
976,1,1,1,2,1,1
977,2,2,3,2,1,1
978,3,2,5,2,2,1
979,1,5,3,2,2,2
980,1,1,1,1,1,1
981,4,1,2,2,1,1
982,5,5,5,2,2,2
983,5,4,5,2,2,2
984,2,2,2,2,1,2
985,5,5,5,2,2,2
986,2,5,4,2,2,2
987,1,1,3,2,1,1
988,2,2,2,1,2,1
989,5,4,4,2,2,2
990,3,2,3,2,2,2
991,3,3,3,1,2,2
992,3,4,5,2,2,2
993,5,5,4,2,2,2
994,3,5,4,1,1,1
995,1,2,2,2,1,2
996,1,1,1,2,2,2
997,2,1,1,1,2,1
998,5,5,5,2,2,2
999,2,1,2,2,2,1
1000,3,4,5,2,2,2
1001,4,4,5,2,2,2
1002,1,2,2,2,1,2
1003,3,3,3,2,2,2
1004,1,1,1,1,1,1
1005,4,5,5,1,2,2
1006,4,5,5,2,2,2
1007,5,5,5,1,2,2
1008,4,4,5,2,2,2
1009,4,5,4,2,2,2
1010,4,4,5,2,2,2
1011,4,4,4,2,2,2
1012,5,5,5,2,2,2
1013,4,2,4,2,1,1
1014,1,1,1,1,1,1
1015,5,5,5,2,2,2
1016,5,5,5,2,2,2
1017,2,4,3,2,1,2
1018,3,5,5,2,2,2
1019,3,3,3,2,2,2
1020,5,5,5,2,2,2
1021,4,4,5,2,2,2
1022,4,4,4,2,2,2
1023,4,5,5,2,2,2
1024,3,2,4,2,2,2
1025,5,2,4,1,2,2
1026,5,3,4,2,2,2
1027,5,3,5,2,2,2
1028,2,2,2,1,1,1
1029,5,5,5,2,2,2
1030,2,1,1,1,1,1
1031,5,5,5,2,2,2
1032,5,5,5,2,2,2
1033,4,5,4,2,2,2
1034,5,5,5,2,2,2
1035,5,5,5,2,2,2
1036,4,5,1,2,1,2
1037,4,5,5,2,2,2
1038,2,4,2,2,2,2
1039,5,5,5,2,2,2
1040,5,5,5,2,2,2
1041,1,1,1,2,1,1
1042,4,5,5,2,2,2
1043,4,2,1,2,1,1
1044,4,5,5,2,2,2
1045,1,2,2,2,1,2
1046,4,4,4,2,1,1
1047,5,5,5,2,2,2
1048,4,5,5,2,1,2
1049,5,4,5,1,1,1
1050,5,5,5,2,2,2
1051,2,2,2,2,2,1
1052,5,5,5,2,2,2
1053,5,5,4,2,2,2
1054,5,5,5,1,2,2
1055,5,5,4,2,2,2
1056,5,5,5,2,2,2
1057,5,5,5,2,2,2
1058,4,5,5,2,2,2
1059,1,1,1,1,1,1
1060,4,5,4,2,2,2
1061,2,2,3,1,2,1
1062,3,5,5,1,1,1
1063,5,5,5,2,2,2
1064,1,2,1,2,1,1
1065,5,5,5,2,2,2
1066,2,4,1,2,2,2
1067,5,4,4,2,2,2
1068,5,3,5,2,2,2
1069,5,4,5,2,2,2
1070,4,4,3,1,1,1
1071,4,5,5,2,2,2
1072,5,5,5,2,2,2
1073,4,4,4,2,1,1
1074,5,3,4,2,2,2
1075,3,3,2,1,2,2
1076,5,5,5,2,2,2
1077,5,5,5,2,2,2
1078,5,5,5,2,2,2
1079,5,5,5,2,2,2
1080,3,5,3,2,2,2
1081,2,2,2,2,2,2
1082,3,2,4,2,2,2
1083,3,3,5,2,1,2
1084,5,5,5,2,2,2
1085,3,5,5,2,2,2
1086,5,5,5,2,2,2
1087,4,4,3,2,1,2
1088,4,4,3,2,2,2
1089,4,3,4,2,2,2
1090,2,4,4,2,2,2
1091,4,4,4,1,1,1
1092,2,4,5,1,2,2
1093,4,4,4,2,2,2
1094,3,4,5,2,2,2
1095,2,3,4,1,1,2
1096,3,4,2,1,1,1
1097,2,1,2,2,1,1
1098,3,2,3,2,1,2
1099,4,5,5,2,2,2
1100,2,2,2,1,1,1
1101,3,3,3,1,1,2
1102,1,4,4,2,2,2
1103,3,5,5,2,2,2
1104,5,5,5,2,2,2
1105,1,1,1,1,1,1
1106,5,5,5,2,2,2
1107,5,4,4,2,2,2
1108,5,5,5,2,2,2
1109,5,5,5,2,2,2
1110,5,4,3,2,1,2
1111,5,5,5,2,2,2
1112,1,1,1,1,1,1
1113,5,4,4,1,1,2
1114,2,1,1,2,1,1
1115,3,2,2,1,1,1
1116,4,4,4,2,1,2
1117,3,3,5,2,2,2
1118,5,5,5,2,2,2
1119,5,5,5,2,2,2
1120,4,5,5,2,2,2
1121,5,5,5,2,2,2
1122,5,4,5,2,2,2
1123,3,3,3,2,2,2
1124,4,4,4,2,1,2
1125,3,3,3,2,2,2
1126,1,1,1,1,1,2
1127,1,1,3,1,2,2
1128,5,5,5,2,2,2
1129,5,3,3,2,2,2
1130,5,5,5,1,2,2
1131,2,2,1,1,1,1
1132,5,5,5,2,2,2
1133,5,4,5,2,2,2
1134,3,1,3,1,2,1
1135,3,4,5,2,2,2
1136,3,2,2,1,2,2
1137,3,3,3,2,1,2
1138,5,4,3,2,2,2
1139,3,3,3,2,2,2
1140,2,3,3,2,2,2
1141,4,4,3,2,1,2
1142,5,4,4,2,2,2
1143,5,5,5,2,2,2
1144,5,5,5,2,2,2
1145,3,2,3,1,1,1
1146,3,3,3,2,2,2
1147,5,5,5,2,2,2
1148,5,5,4,2,2,2
1149,4,5,5,2,2,2
1150,5,5,5,2,2,1
1151,5,5,5,2,2,2
1152,5,5,5,2,2,2
1153,3,3,5,1,2,2
1154,3,3,5,2,1,2
1155,3,3,5,2,2,2
1156,1,1,2,1,1,1
1157,4,5,5,2,2,2
1158,4,2,5,2,2,2
1159,5,3,5,2,2,2
1160,5,5,4,2,2,2
1161,4,4,4,2,1,2
1162,4,5,4,2,2,2
1163,4,5,5,2,2,2
1164,1,3,3,2,2,2
1165,2,3,3,2,1,2
1166,5,5,5,2,2,2
1167,5,5,5,2,2,2
1168,1,1,1,2,1,1
1169,5,5,5,2,2,2
1170,4,5,4,2,2,2
1171,3,4,4,2,2,2
1172,1,5,5,2,2,2
1173,5,5,4,2,2,2
1174,4,5,5,2,2,2
1175,4,3,2,1,1,1
1176,3,3,5,1,1,1
1177,4,5,5,2,2,2
1178,5,5,5,2,2,2
1179,4,5,5,2,1,2
1180,3,4,4,2,2,2
1181,5,5,5,2,2,2
1182,5,5,5,2,2,2
1183,5,5,5,2,2,2
1184,2,1,3,2,1,1
1185,3,1,3,2,1,1
1186,3,5,5,2,2,2
1187,1,1,1,1,1,1
1188,4,5,5,2,2,2
1189,3,3,2,1,1,2
1190,4,5,5,2,2,2
1191,5,5,4,2,2,2
1192,3,4,5,2,2,2
1193,3,1,3,1,2,1
1194,1,1,2,1,1,1
1195,5,5,5,2,2,2
1196,2,4,5,1,1,2
1197,5,5,5,2,2,2
1198,4,3,3,1,1,1
1199,3,3,3,2,2,2
1200,5,5,5,2,2,2
