caseid,srv_spend,campfin,immig_legal,immig_numb,equalpay,parleave,crimespend,death,terror_worry,minwage,healthspend,childcare,getahead,freetrade
1,7,1,1,2,1,2,5,7,5,1,1,1,4,4
2,6,1,5,3,1,1,2,2,9,1,2,2,2,4
3,2,6,2,6,4,6,5,5,1,4,6,6,1,4
4,6,1,1,2,2,1,4,7,5,1,1,1,2,5
5,1,7,1,1,1,7,4,1,9,4,7,7,3,4
6,1,4,2,2,7,5,7,4,2,4,7,6,1,1
7,7,1,1,1,1,1,2,7,4,1,1,1,2,6
8,3,4,2,4,1,7,4,1,3,2,4,5,3,6
9,1,1,2,3,4,5,4,1,3,4,7,7,3,4
10,6,1,1,3,1,1,3,5,4,1,2,2,2,6
11,2,4,2,4,2,5,2,1,1,2,7,4,4,1
12,3,4,2,5,1,2,3,2,1,1,5,6,3,5
13,5,1,2,5,2,1,3,3,9,1,2,4,1,4
14,2,4,7,7,1,3,4,1,9,2,4,4,4,4
15,3,6,2,6,1,2,2,1,2,2,4,3,2,4
16,1,4,3,5,5,5,7,5,9,4,5,6,3,7
17,6,3,3,3,3,3,4,4,2,2,1,1,2,3
18,4,1,2,4,1,1,2,4,3,1,4,3,2,7
19,1,7,5,7,1,7,1,1,1,2,7,7,2,7
20,6,1,2,3,1,1,4,6,4,1,2,2,2,3
21,5,1,2,4,1,5,3,7,9,1,2,3,3,2
22,2,2,7,7,3,4,3,2,1,1,3,2,2,4
23,7,1,1,2,1,2,5,4,4,1,2,3,3,5
24,7,1,2,4,1,1,1,1,5,1,1,2,3,2
25,5,1,2,3,1,1,3,5,4,1,3,3,3,3
26,5,3,1,1,2,2,3,3,3,1,3,2,4,1
27,2,2,1,4,1,3,3,1,9,1,4,4,4,2
28,6,1,1,3,1,1,4,7,9,1,1,2,4,5
29,7,1,4,5,1,1,1,2,4,1,1,1,1,5
30,5,1,1,3,5,3,3,7,4,1,2,2,2,3
31,997,7,1,1,1,1,4,7,9,1,1,1,3,3
32,7,1,1,2,1,1,3,7,5,1,1,2,2,7
33,1,4,1,4,4,4,6,1,9,2,4,4,4,4
34,2,3,2,4,7,7,3,3,1,4,4,4,4,4
35,5,2,2,3,2,4,4,6,9,1,3,3,3,2
36,6,1,1,2,1,1,6,7,3,1,2,1,3,4
37,7,1,4,5,2,2,1,4,2,1,3,3,3,7
38,4,1,2,4,1,4,4,3,3,2,3,3,3,1
39,3,4,2,4,4,4,4,2,9,2,4,4,5,5
40,2,2,2,4,3,2,4,1,2,2,4,4,3,4
41,6,1,2,5,1,2,3,4,3,1,2,4,3,2
42,4,1,1,2,1,3,4,6,3,1,2,3,4,1
43,3,4,2,4,2,5,2,2,9,2,3,5,3,3
44,7,4,1,1,1,1,1,1,1,1,1,1,2,1
45,6,7,2,4,2,2,4,6,9,1,2,2,4,3
46,1,4,1,3,2,5,6,4,9,2,4,4,2,3
47,5,5,2,5,1,2,2,4,2,1,4,4,3,4
48,5,3,2,4,4,1,7,6,9,1,4,4,4,5
49,7,1,1,2,1,1,2,3,3,1,1,2,2,6
50,3,7,7,7,7,5,3,3,1,4,4,6,3,7
51,5,2,2,4,1,4,4,4,3,2,4,4,2,4
52,6,1,2,3,1,1,4,7,5,1,1,1,2,2
53,3,7,2,3,6,6,5,5,4,2,4,4,3,2
54,4,2,2,4,1,1,2,1,3,1,3,7,2,4
55,3,4,6,5,1,1,4,4,2,2,4,4,4,3
56,2,6,2,4,1,1,3,7,4,1,4,3,2,3
57,2,5,3,6,2,4,3,1,1,2,4,4,3,3
58,7,1,2,2,1,1,2,6,5,1,1,1,3,4
59,3,4,2,4,4,7,4,1,5,1,5,2,4,5
60,4,1,4,4,3,1,7,7,5,1,1,7,1,7
61,1,7,7,7,7,7,4,3,1,4,6,7,4,1
62,5,1,5,4,1,1,2,5,1,2,3,4,3,4
63,7,7,2,1,1,1,4,6,5,1,1,2,2,4
64,3,7,3,5,3,3,5,6,9,2,4,3,3,2
65,7,1,1,1,1,1,7,7,5,1,1,1,1,7
66,5,1,1,4,3,1,3,6,4,1,1,1,2,3
67,6,1,1,1,2,2,6,5,3,1,2,2,3,2
68,7,1,2,2,1,1,3,4,9,1,1,1,2,4
69,1,4,4,4,5,6,3,2,9,4,5,5,3,3
70,3,1,7,1,6,4,7,7,4,4,2,6,7,7
71,3,4,1,2,2,3,4,5,4,2,2,2,2,3
72,7,1,2,2,1,2,4,7,5,1,1,1,3,7
73,6,1,7,7,4,1,4,7,9,1,1,1,1,7
74,3,1,2,7,3,3,1,1,1,3,6,2,2,3
75,4,7,5,6,2,4,2,7,4,1,3,2,3,4
76,2,2,6,7,1,1,4,7,9,2,4,4,3,4
77,4,1,3,3,1,1,4,4,5,1,2,3,3,4
78,1,7,1,2,4,4,2,4,1,4,7,4,3,2
79,1,7,2,5,1,7,2,1,1,2,4,4,3,4
80,997,4,1,4,4,4,3,1,9,2,7,4,5,6
81,3,1,5,7,1,5,3,1,9,2,4,4,1,7
82,2,3,3,4,4,4,4,4,9,1,4,5,3,4
83,6,2,4,4,1,1,2,3,9,1,2,2,2,2
84,2,1,5,7,1,1,4,5,1,1,4,2,1,7
85,4,1,2,2,2,3,5,6,5,1,7,7,2,3
86,2,2,2,2,1,3,4,2,9,4,7,5,4,4
87,7,1,2,2,1,1,3,4,9,1,1,1,1,5
88,997,5,3,5,1,5,3,3,3,1,5,5,2,4
89,3,1,3,5,4,5,4,4,2,2,7,7,3,6
90,5,4,2,7,4,4,1,1,9,1,2,4,4,6
91,7,1,2,3,1,1,5,7,4,1,1,1,2,3
92,7,1,1,1,1,1,1,7,5,1,1,4,3,6
93,1,1,1,5,1,7,1,1,1,2,7,7,5,4
94,5,1,3,5,1,2,1,6,3,1,1,2,2,5
95,7,1,2,2,1,1,2,5,9,1,2,2,2,7
96,4,1,2,3,1,1,4,7,9,1,1,2,2,6
97,1,2,2,5,4,4,4,2,9,3,6,6,3,6
98,2,4,3,5,1,7,4,1,1,3,5,5,3,2
99,4,1,3,4,1,1,4,5,9,1,2,3,2,4
100,3,1,3,7,2,7,1,1,2,1,6,7,1,7
101,5,1,4,5,2,1,5,4,4,1,2,2,3,4
102,1,4,3,7,1,4,3,1,9,2,7,7,3,4
103,7,1,1,1,1,1,1,4,9,1,1,1,3,7
104,1,7,3,4,1,1,1,1,1,2,4,4,2,1
105,3,7,2,4,4,4,5,6,4,2,4,4,3,6
106,997,2,2,2,1,1,8,7,3,1,1,1,1,4
107,1,7,1,1,4,7,7,7,9,4,7,7,3,1
108,4,1,1,6,1,3,3,7,5,1,2,3,2,2
109,7,1,6,3,1,1,4,3,5,1,1,1,2,6
110,1,3,1,4,1,2,4,1,1,2,7,5,2,5
111,1,2,1,4,3,5,4,1,2,2,4,5,2,4
112,5,7,2,4,2,3,3,2,3,1,2,4,2,3
113,2,3,7,7,5,7,1,1,2,2,7,7,2,6
114,2,4,2,5,1,3,1,2,9,4,7,7,5,5
115,4,4,1,3,1,1,4,6,5,1,4,4,4,2
116,997,4,4,7,1,1,4,4,1,8,8,4,1,4
117,4,2,1,2,1,4,4,6,4,1,3,3,3,1
118,7,1,1,4,1,1,1,3,3,1,2,2,2,7
119,3,2,3,3,3,3,5,2,9,2,3,4,2,3
120,5,1,4,4,1,1,3,2,2,1,2,3,2,4
121,4,2,2,4,2,1,4,2,9,2,4,4,2,5
122,6,4,5,5,1,3,3,1,9,1,2,4,2,4
123,4,7,2,4,1,7,4,1,2,4,3,4,3,4
124,4,4,2,5,1,2,3,1,9,1,5,5,3,4
125,3,1,4,4,1,1,1,1,9,1,1,2,2,7
126,6,2,1,3,1,2,2,4,3,1,3,2,2,4
127,5,4,2,3,1,1,2,3,1,1,3,4,3,3
128,2,4,1,4,4,6,4,1,1,3,7,4,5,4
129,997,4,4,4,4,4,4,4,9,2,5,4,2,4
130,4,1,2,4,1,5,3,2,9,1,3,7,2,2
131,5,1,4,2,1,1,4,6,5,1,1,2,1,4
132,3,2,2,2,1,3,3,3,4,2,3,4,4,2
133,2,1,3,6,1,1,1,1,2,1,7,1,5,4
134,4,1,6,6,1,2,3,1,9,1,4,4,2,4
135,4,1,2,4,1,1,2,4,9,1,3,3,3,4
136,1,1,6,5,1,2,2,2,1,2,4,2,2,5
137,1,1,3,3,1,3,2,1,3,2,5,4,2,4
138,997,4,4,7,1,1,2,3,9,2,4,4,2,4
139,1,4,1,4,1,1,4,1,9,1,4,4,5,7
140,1,4,5,5,3,3,4,1,9,2,3,4,2,4
141,4,4,4,5,2,4,3,1,3,2,4,3,3,5
142,3,1,1,4,2,4,2,1,1,1,5,4,2,4
143,6,1,1,4,1,1,2,2,9,1,1,1,5,1
144,7,1,1,3,1,3,4,1,3,1,1,3,3,7
145,6,4,2,4,2,4,4,3,4,1,3,4,3,3
146,997,4,4,4,1,3,4,1,3,1,4,4,3,4
147,5,1,1,4,1,2,3,7,9,1,2,3,3,2
148,1,4,3,3,1,3,2,1,2,1,1,5,2,6
149,4,4,1,4,2,3,2,1,9,1,1,2,2,4
150,3,1,2,2,1,3,2,5,5,2,5,6,4,5
151,1,1,3,5,1,7,4,1,9,2,6,7,3,5
152,997,1,7,7,1,1,4,1,9,1,1,4,2,4
153,2,7,7,7,1,4,3,1,2,1,4,6,1,2
154,4,4,3,4,1,1,2,5,2,1,3,3,2,4
155,2,1,3,5,1,2,3,1,3,2,2,3,3,5
156,4,6,6,7,1,1,3,2,2,1,3,4,3,3
157,4,6,4,4,1,5,2,3,5,2,3,3,5,4
158,1,4,4,4,4,1,2,1,3,4,4,4,5,4
159,7,1,7,7,1,1,1,1,1,1,1,1,1,4
160,7,1,2,3,1,1,3,3,9,1,1,2,2,7
161,2,4,2,5,1,2,4,3,3,2,6,6,2,6
162,5,4,3,7,1,4,1,2,1,2,3,3,1,5
163,4,4,4,4,1,4,3,3,4,1,4,4,2,4
164,2,1,2,7,2,3,3,1,9,2,3,4,4,5
165,997,4,4,5,3,4,4,4,9,1,2,4,2,7
166,1,1,1,3,2,3,3,1,2,2,7,7,3,2
167,2,4,2,4,4,5,5,7,2,4,7,7,3,6
168,3,2,2,5,1,4,4,3,9,2,4,4,4,3
169,1,1,1,3,2,4,5,3,3,2,6,7,3,6
170,4,5,3,4,1,2,5,4,3,1,4,4,3,3
171,1,6,2,7,6,7,2,1,9,4,7,7,4,6
172,997,4,4,4,2,7,4,1,1,2,4,4,1,4
173,5,1,2,3,1,1,3,7,4,1,2,1,3,3
174,1,1,3,7,2,7,1,1,9,2,4,4,1,7
175,6,1,1,1,1,1,5,7,9,1,1,1,2,7
176,1,1,6,5,3,6,2,1,3,4,6,5,4,5
177,4,2,4,7,1,4,2,1,2,2,4,4,3,4
178,4,2,5,6,5,3,2,1,9,2,6,5,4,2
179,4,4,4,4,2,2,3,7,9,1,1,3,2,4
180,5,4,2,4,1,2,2,1,9,2,3,2,2,4
181,997,1,3,6,2,2,1,1,9,1,7,3,3,7
182,7,3,6,5,3,3,5,2,2,2,3,3,2,3
183,1,4,4,4,7,7,3,1,4,3,7,7,4,5
184,997,4,4,4,1,1,1,2,3,1,1,1,2,4
185,3,2,2,3,6,5,4,3,3,4,3,4,3,3
186,5,1,1,3,1,6,2,5,9,1,3,7,3,5
187,4,1,4,3,1,1,4,1,9,1,1,4,2,4
188,1,4,1,3,5,3,2,1,3,2,7,7,3,6
189,1,3,1,4,4,6,4,3,9,2,5,5,3,7
190,4,1,7,7,1,1,4,1,2,2,6,4,1,7
191,7,1,1,1,1,1,4,6,9,1,1,1,3,2
192,5,1,2,4,1,2,4,6,4,1,2,2,2,6
193,3,2,2,4,4,3,4,2,1,2,7,7,2,4
194,4,4,4,4,7,4,4,2,5,4,4,4,4,3
195,1,4,1,6,4,4,8,2,2,4,7,7,2,4
196,3,4,4,4,1,7,2,1,9,4,4,7,4,2
197,1,4,6,6,4,4,4,1,1,2,4,6,1,6
198,4,4,1,4,2,5,3,2,1,1,5,4,2,5
199,3,1,2,3,1,1,4,2,9,1,3,3,2,4
200,1,4,5,5,4,1,7,1,1,1,7,7,1,7
201,997,4,2,5,3,7,2,1,3,2,7,4,5,4
202,997,4,4,4,4,4,4,4,2,2,4,4,3,4
203,6,1,2,3,1,1,2,7,9,1,1,1,2,1
204,4,4,2,5,1,1,1,2,9,1,4,4,2,3
205,2,7,3,4,3,5,4,1,4,2,7,7,2,4
206,3,1,2,5,3,3,2,4,2,2,2,3,2,4
207,997,6,1,2,2,2,1,2,2,1,2,4,3,2
208,1,1,1,4,1,1,1,4,1,1,4,4,2,1
209,5,1,2,4,1,1,5,7,9,1,2,3,3,2
210,1,1,6,5,2,6,2,1,3,4,6,5,5,4
211,2,3,2,6,4,3,4,2,9,2,2,4,2,7
212,1,1,2,3,1,2,2,1,1,1,5,4,1,4
213,5,2,4,4,1,1,3,2,9,1,2,2,2,4
214,5,2,4,6,1,2,3,1,9,1,3,3,2,5
215,1,4,2,4,1,7,6,1,3,4,7,7,3,7
216,5,1,5,4,1,1,4,7,9,1,2,2,2,4
217,5,6,1,2,1,2,2,2,1,1,4,4,2,3
218,3,2,2,4,4,4,4,2,1,2,4,4,4,4
219,2,1,1,6,1,1,2,2,1,2,4,2,3,2
220,1,6,3,5,7,7,5,3,9,4,7,7,5,2
221,1,4,4,5,1,1,4,1,9,1,4,3,5,2
222,6,1,2,4,1,1,4,7,4,1,2,3,2,4
223,2,1,5,6,4,6,1,2,9,2,6,7,2,6
224,997,4,4,4,4,4,4,4,2,1,4,4,4,4
225,7,1,2,4,1,1,2,7,9,1,1,2,2,6
226,2,6,4,7,3,3,4,3,2,2,5,5,2,7
227,1,7,1,2,2,7,4,2,9,2,7,7,4,3
228,1,1,4,4,1,3,4,2,2,2,6,6,3,4
229,5,1,2,4,1,1,3,3,9,1,2,2,3,4
230,2,4,1,4,1,3,5,2,9,2,6,6,3,2
231,3,7,2,4,2,1,4,1,1,1,2,3,2,6
232,3,2,2,4,2,2,2,1,2,2,4,4,4,3
233,4,7,1,4,1,1,3,3,5,1,4,3,1,3
234,1,3,1,1,4,7,7,1,9,4,7,7,4,6
235,3,4,2,5,1,4,2,1,1,2,4,4,2,4
236,6,1,1,2,4,1,2,6,9,1,1,1,1,6
237,7,7,1,1,1,1,1,2,3,1,1,1,2,7
238,4,4,2,5,5,4,4,2,3,2,3,5,2,3
239,3,2,6,4,4,4,4,4,9,3,4,3,4,6
240,1,1,6,7,1,1,1,4,1,1,1,2,1,7
241,6,2,6,2,1,1,1,1,9,1,2,2,4,3
242,5,3,2,4,1,1,3,7,9,1,2,3,1,3
243,2,1,4,4,1,1,4,3,4,1,4,4,3,4
244,2,6,2,3,2,2,1,3,4,1,5,4,2,3
245,2,4,4,4,4,4,4,2,9,2,4,4,3,4
246,4,1,4,4,2,3,2,4,9,1,1,4,3,2
247,7,1,2,4,1,1,4,7,4,1,1,2,5,1
248,4,2,2,4,1,1,3,3,3,2,3,4,2,6
249,1,2,4,4,3,4,3,3,9,2,3,5,2,3
250,5,2,5,4,1,1,3,1,5,2,2,2,3,2
251,3,4,3,4,4,2,3,1,3,1,4,4,4,6
252,3,2,5,5,2,1,3,2,3,1,2,3,2,7
253,4,6,2,4,4,3,3,1,9,2,2,3,3,3
254,4,5,3,6,1,3,3,2,4,2,4,7,3,4
255,2,1,1,4,1,7,4,3,5,1,4,4,3,4
256,5,2,5,6,4,1,3,6,3,1,6,4,1,6
257,997,5,4,7,1,3,7,7,1,4,7,7,2,3
258,4,4,3,4,2,4,3,4,3,2,4,4,3,7
259,6,1,2,4,1,1,2,7,4,1,1,1,2,4
260,7,1,1,2,1,4,2,3,4,1,2,3,2,3
261,3,3,2,4,5,6,3,2,3,2,4,4,3,3
262,7,7,2,4,1,2,4,3,4,2,2,3,2,5
263,1,4,2,4,4,7,2,1,2,2,7,7,2,3
264,4,7,4,2,3,4,4,2,9,2,3,3,3,3
265,1,4,2,6,1,4,3,2,1,2,1,7,2,1
266,6,7,2,2,1,4,2,6,3,1,2,4,3,1
267,997,1,2,4,4,2,2,3,4,1,3,4,4,1
268,3,2,2,6,1,3,3,3,9,1,3,3,3,6
269,4,3,2,4,2,1,4,5,3,1,3,3,3,4
270,6,1,2,3,1,3,3,7,2,1,2,2,2,4
271,7,1,1,3,1,1,6,7,9,1,1,3,2,3
272,1,4,4,7,1,2,2,3,1,2,5,4,2,5
273,1,7,1,1,7,7,7,7,4,4,7,7,5,4
274,2,4,2,3,1,5,4,2,9,2,4,4,4,4
275,997,7,1,1,1,1,2,7,5,1,1,1,3,6
276,5,4,7,7,1,5,4,1,2,2,7,7,3,7
277,7,1,1,2,1,1,3,7,4,1,1,1,1,4
278,6,1,4,4,1,1,2,5,9,1,2,3,2,4
279,1,1,5,7,4,7,1,1,1,4,5,6,1,4
280,4,2,2,6,3,4,4,4,9,1,4,4,2,3
281,4,2,4,7,1,2,3,1,9,1,1,1,2,4
282,4,2,3,6,1,1,3,2,9,2,3,3,2,5
283,5,1,2,3,1,1,4,7,9,1,1,1,2,5
284,4,7,3,6,3,6,3,2,2,1,2,3,2,5
285,5,2,4,5,3,2,1,1,2,1,1,1,1,1
286,2,2,4,3,2,1,1,2,1,1,3,3,2,4
287,5,3,2,3,1,1,2,2,4,1,2,2,3,1
288,4,2,4,3,1,5,4,7,5,2,4,5,3,5
289,2,2,3,5,1,2,3,1,3,1,6,3,1,4
290,4,4,4,5,1,6,2,1,2,1,3,6,1,6
291,4,4,4,2,4,4,4,4,9,1,2,2,2,3
292,4,4,2,4,4,4,4,1,9,1,4,4,5,1
293,4,4,2,3,1,2,2,6,3,1,2,2,2,4
294,997,4,3,5,2,3,4,3,9,1,3,2,2,4
295,4,3,3,4,4,3,2,1,2,3,4,4,3,3
296,2,4,2,2,1,7,3,7,9,3,4,6,4,3
297,4,1,1,4,1,2,3,3,3,1,3,3,2,2
298,4,7,7,7,1,1,3,1,9,2,4,1,1,6
299,7,1,2,4,1,1,6,6,5,1,1,1,2,7
300,3,4,2,7,1,1,5,1,3,3,2,3,3,5
301,5,4,4,7,1,1,4,2,9,1,7,6,4,1
302,4,4,4,4,4,4,4,4,3,1,1,2,2,4
303,2,4,2,5,4,1,4,1,9,2,6,6,3,4
304,4,4,4,5,1,1,1,2,3,1,4,3,3,4
305,1,4,4,4,4,4,4,4,9,1,7,7,1,4
306,7,4,1,4,1,1,1,7,2,1,2,1,3,4
307,997,1,1,7,1,7,7,1,1,2,7,7,2,7
308,7,1,7,7,1,7,7,1,5,1,1,2,1,1
309,1,7,3,2,7,7,3,6,9,4,7,7,2,3
310,1,4,2,5,1,1,4,3,3,1,4,4,2,4
311,4,2,4,4,1,3,3,1,9,4,4,4,4,4
312,1,2,2,2,1,2,4,4,1,1,3,4,3,4
313,1,1,4,4,1,1,4,1,1,1,3,3,3,2
314,7,1,6,5,4,2,4,2,3,1,2,4,5,2
315,4,4,6,5,1,2,2,4,2,1,2,1,1,2
316,2,4,3,4,4,2,3,4,9,2,5,5,3,4
317,6,1,1,2,1,4,4,1,5,1,1,2,3,2
318,1,6,2,4,4,6,5,2,3,4,7,7,3,3
319,7,4,1,1,3,3,3,3,1,2,1,3,3,3
320,997,1,4,5,2,1,2,4,2,1,6,3,2,4
321,4,4,4,7,1,1,4,7,2,1,1,1,3,1
322,2,2,3,5,4,5,4,3,9,2,5,5,3,4
323,7,4,4,4,1,1,4,1,9,1,1,2,2,4
324,3,3,4,5,1,1,4,4,3,1,2,3,2,4
325,1,6,4,4,7,7,2,1,1,2,7,7,5,2
326,6,1,2,4,1,1,5,2,4,1,1,2,1,7
327,4,7,3,3,1,2,2,7,1,1,4,3,3,4
328,4,7,2,4,5,3,3,1,4,1,4,4,3,5
329,997,4,4,4,4,4,4,4,5,1,4,4,2,4
330,5,2,1,2,1,2,2,6,4,1,2,2,4,2
331,1,5,2,6,2,4,3,1,9,2,2,2,4,3
332,7,1,2,5,1,2,4,5,2,1,2,2,3,5
333,2,7,2,4,6,5,4,2,3,4,4,4,3,3
334,6,1,2,6,1,1,4,2,2,1,1,2,3,7
335,7,5,6,7,1,1,3,2,9,1,2,3,5,5
336,1,4,2,4,7,7,7,6,4,4,7,7,4,1
337,1,7,3,6,7,7,7,1,9,3,7,7,5,1
338,1,4,2,4,1,6,4,1,9,2,6,7,1,7
339,3,1,4,4,4,4,3,3,9,1,3,4,4,4
340,7,1,4,2,1,1,1,7,4,1,1,1,4,3
341,7,7,7,7,1,1,1,7,9,1,1,1,3,7
342,7,6,2,5,1,1,1,1,2,1,1,1,2,5
343,4,1,4,4,1,6,2,1,1,2,4,4,5,4
344,1,7,4,4,3,4,4,1,2,2,7,7,4,6
345,6,1,1,3,1,1,4,6,4,1,1,1,2,6
346,3,1,2,4,2,2,2,2,9,1,2,2,3,6
347,4,2,4,4,2,3,4,4,4,2,4,5,2,4
348,7,1,3,3,1,1,2,7,9,1,1,1,2,5
349,3,1,2,6,1,2,3,1,2,2,4,4,3,5
350,3,1,2,4,1,3,4,4,3,1,7,4,3,4
351,6,1,1,1,1,1,4,7,3,1,1,1,2,2
352,1,7,1,6,1,7,7,1,1,2,7,7,5,4
353,5,1,7,4,5,3,4,4,1,1,5,5,3,6
354,5,4,3,4,1,1,1,3,5,1,3,2,3,1
355,997,2,3,5,1,2,3,1,4,1,4,4,2,4
356,2,4,5,5,2,4,4,4,2,3,4,4,2,3
357,5,1,2,4,5,5,4,2,9,1,2,2,3,1
358,1,7,2,1,7,7,3,3,2,4,7,7,3,2
359,5,3,4,4,3,2,3,3,9,1,3,4,3,3
360,3,2,2,3,2,1,5,3,9,2,4,4,3,1
361,7,1,7,7,7,1,5,1,3,1,1,4,1,4
362,2,1,7,7,1,2,2,1,9,1,3,6,1,7
363,6,3,4,4,1,1,4,1,2,3,1,1,2,2
364,1,4,2,4,4,4,5,3,5,4,4,4,2,5
365,2,4,1,2,3,5,3,3,2,2,4,4,3,5
366,1,1,3,4,1,1,2,1,1,2,7,7,3,6
367,7,7,1,4,1,1,1,4,9,1,1,1,3,4
368,4,4,4,5,1,3,3,4,3,1,2,2,2,4
369,4,4,6,7,2,3,3,3,9,1,4,4,2,3
370,997,4,6,7,1,3,2,3,9,1,1,4,2,4
371,1,4,6,7,2,3,1,1,9,2,7,3,4,3
372,1,4,1,4,1,6,4,4,3,4,6,6,4,1
373,1,4,4,7,1,7,4,1,1,1,7,7,3,4
374,6,2,7,7,4,3,4,2,4,1,3,4,4,3
375,2,6,7,7,1,4,1,1,2,1,1,4,4,4
376,2,7,2,3,7,7,5,2,1,2,4,5,4,7
377,1,7,1,2,4,7,5,7,9,2,4,5,4,1
378,2,7,7,7,3,4,4,4,9,2,7,5,1,6
379,1,7,4,6,4,6,2,7,1,4,8,7,4,2
380,3,4,2,5,4,4,4,1,9,2,7,7,4,6
381,7,4,6,4,2,2,2,3,1,1,3,3,1,6
382,5,1,1,1,1,1,2,7,9,1,1,1,3,1
383,4,4,4,6,1,1,4,3,5,1,3,1,2,4
384,6,1,1,4,1,1,1,7,9,1,1,1,2,2
385,3,1,1,7,4,7,2,1,1,2,2,4,4,7
386,4,4,2,4,1,1,2,1,2,1,2,2,2,1
387,6,4,4,4,4,4,4,4,3,2,4,4,3,4
388,4,1,3,4,3,2,4,5,9,1,4,4,3,2
389,1,4,6,2,4,1,2,1,9,1,1,7,1,7
390,7,1,1,3,1,1,2,1,1,1,2,1,2,7
391,1,2,3,4,1,5,4,2,3,1,4,4,2,4
392,997,4,4,4,4,4,4,4,9,1,1,1,3,4
393,5,4,4,4,4,4,4,4,9,2,2,3,3,4
394,2,3,2,3,4,2,3,1,1,2,5,3,3,3
395,2,5,2,5,2,4,2,1,1,1,3,4,3,6
396,1,1,7,6,4,4,3,2,2,2,7,6,2,4
397,1,3,1,5,7,7,3,7,3,4,7,7,3,5
398,997,1,4,4,2,1,2,5,9,1,2,2,2,4
399,997,4,4,7,1,2,2,2,9,1,3,3,2,4
400,1,4,2,4,4,3,5,1,9,2,7,7,5,3
401,7,3,3,4,1,2,2,2,1,1,2,1,4,3
402,3,4,1,2,1,4,1,1,1,1,7,4,4,1
403,4,1,1,6,1,1,4,1,1,1,2,3,2,5
404,1,1,1,5,1,2,3,1,1,2,5,4,3,6
405,6,1,2,4,1,2,2,4,5,1,2,2,3,3
406,5,7,3,6,2,2,5,4,5,1,3,4,2,4
407,2,4,2,5,4,4,5,2,9,4,4,6,4,2
408,5,4,2,4,1,1,3,1,9,1,2,2,2,2
409,1,4,4,6,4,7,4,1,5,2,7,7,2,5
410,1,1,5,6,1,1,2,1,1,1,3,3,1,4
411,5,1,1,3,1,2,4,6,9,1,3,4,3,4
412,4,1,1,4,1,4,1,1,1,2,4,4,5,4
413,1,4,2,2,7,4,7,1,2,4,7,7,3,4
414,3,7,4,6,1,2,2,1,9,1,5,3,1,3
415,5,1,2,4,1,1,2,7,3,1,1,2,3,3
416,2,5,5,4,1,1,3,1,1,1,2,4,2,4
417,1,4,7,7,4,7,6,4,3,2,6,7,2,5
418,1,7,2,6,1,2,1,7,9,4,7,3,5,1
419,2,1,2,3,2,4,6,1,1,4,7,5,3,2
420,1,1,1,4,4,5,7,4,2,4,7,7,4,4
421,4,4,3,5,1,2,4,2,9,2,4,6,4,4
422,7,3,2,4,2,1,1,1,4,1,2,3,3,4
423,2,2,4,6,3,3,4,3,9,2,4,4,3,4
424,997,1,2,6,2,6,3,1,2,2,5,5,4,7
425,6,1,2,4,1,4,3,4,9,1,4,3,3,7
426,6,1,2,4,1,2,6,3,5,1,1,1,4,6
427,5,1,2,3,1,1,3,3,9,1,2,2,2,5
428,1,1,6,7,1,1,7,1,5,4,7,7,2,4
429,5,2,2,4,1,2,2,5,9,1,2,3,2,2
430,5,1,3,4,1,1,1,1,9,1,1,2,3,2
431,2,6,4,5,4,4,4,1,2,3,7,5,4,4
432,5,4,2,4,1,2,2,2,9,1,2,3,3,4
433,1,7,2,4,4,6,2,1,9,2,7,7,3,3
434,7,1,1,2,1,1,6,7,4,1,1,1,2,2
435,4,1,4,4,1,1,2,2,3,1,7,2,2,4
436,4,4,2,3,1,1,3,3,2,1,2,3,3,5
437,1,4,4,6,4,7,4,2,9,2,7,6,3,4
438,6,1,2,4,1,1,4,5,9,1,2,2,2,5
439,2,1,4,6,1,2,3,1,1,2,7,4,2,1
440,1,1,1,4,1,4,4,1,2,2,4,3,5,7
441,2,4,4,4,1,3,3,1,9,2,4,4,2,3
442,5,2,2,3,3,1,4,7,4,1,2,2,2,3
443,3,4,6,5,1,1,4,4,1,1,7,2,1,7
444,4,6,3,7,1,5,5,3,9,1,2,4,5,5
445,3,1,2,5,1,1,5,7,1,1,4,2,3,3
446,6,1,1,1,2,2,5,7,9,1,2,2,4,6
447,1,1,2,4,1,5,1,1,1,2,3,4,4,4
448,5,1,3,5,4,3,4,2,9,3,3,4,3,4
449,1,4,7,7,4,4,7,4,3,2,4,4,1,7
450,997,4,4,6,1,2,3,2,2,1,4,4,4,6
451,1,6,6,7,1,1,3,1,9,2,7,6,5,6
452,1,3,3,5,6,2,3,1,3,4,5,4,3,3
453,3,4,4,4,4,4,4,3,2,1,2,2,2,4
454,7,3,1,4,1,1,2,7,9,1,1,1,1,7
455,2,1,2,4,1,1,4,6,3,1,5,5,2,1
456,5,1,2,4,1,2,4,5,4,1,3,3,2,4
457,2,1,2,5,1,5,4,1,1,2,6,6,2,4
458,997,1,4,4,4,4,4,3,9,2,4,3,2,5
459,7,1,7,6,1,1,1,6,9,1,1,1,1,7
460,3,3,6,6,2,5,3,1,9,1,5,7,3,5
461,4,5,2,2,1,1,2,2,2,1,3,2,2,6
462,4,4,5,4,1,3,3,1,9,1,3,3,2,4
463,4,1,1,4,1,2,5,2,4,1,3,3,2,2
464,7,1,1,1,1,1,1,1,3,1,1,1,5,1
465,1,7,4,7,7,7,4,1,9,4,7,7,3,2
466,6,4,2,2,1,2,3,7,2,2,2,2,2,3
467,1,1,1,4,1,1,7,7,5,4,4,4,2,1
468,1,7,2,3,4,6,4,2,2,2,6,5,3,6
469,4,4,1,5,1,1,5,4,9,1,3,4,4,5
470,7,1,1,1,1,1,1,1,1,1,1,1,5,1
471,4,4,3,3,4,5,5,4,9,2,4,4,2,5
472,2,7,6,7,4,4,7,3,9,4,7,7,4,4
473,4,1,2,5,1,4,3,4,3,1,4,4,2,3
474,3,1,3,4,7,7,4,1,9,2,2,4,2,4
475,6,1,6,6,1,1,2,2,3,2,3,2,3,4
476,1,1,7,7,1,4,4,1,1,2,7,7,4,4
477,3,1,7,7,1,2,2,2,9,1,7,7,3,6
478,4,4,1,4,1,1,4,4,5,1,4,4,5,4
479,3,4,1,2,1,4,4,1,9,2,5,6,5,2
480,4,2,5,5,5,3,5,2,4,1,3,4,2,5
481,7,1,1,4,1,1,1,1,9,1,1,1,2,1
482,4,4,4,4,1,3,2,2,2,2,4,4,3,4
483,6,1,1,1,1,1,1,7,3,1,1,1,3,4
484,4,4,3,4,4,1,5,4,4,1,4,4,2,4
485,6,4,2,3,2,2,3,1,2,1,1,1,2,3
486,3,4,3,4,4,4,3,2,4,2,4,4,3,5
487,7,3,5,4,1,2,3,4,3,1,3,3,4,3
488,3,4,3,4,4,1,3,1,9,2,4,4,3,3
489,6,1,2,3,1,1,2,6,3,1,1,1,4,5
490,1,7,2,4,7,7,7,2,4,4,7,7,4,6
491,5,7,4,4,1,1,2,7,9,2,4,3,2,4
492,4,4,4,4,4,4,4,4,3,1,5,5,3,4
493,4,4,4,6,1,1,2,4,2,2,6,4,2,4
494,3,5,7,7,2,3,3,7,2,2,2,2,3,2
495,7,4,4,3,1,1,1,3,9,1,1,1,1,4
496,997,4,2,3,1,1,2,1,9,1,3,3,2,3
497,6,1,4,5,1,1,3,4,4,1,2,4,2,7
498,5,1,2,4,1,1,1,2,9,1,2,4,3,2
499,7,7,4,5,1,3,2,7,4,1,1,1,1,3
500,6,1,2,2,1,1,3,6,9,1,1,2,2,4
501,3,4,3,4,1,1,4,2,4,2,5,2,4,3
502,4,4,6,4,1,1,3,4,9,1,2,3,4,4
503,5,4,4,6,4,4,2,1,2,2,4,4,4,7
504,2,1,1,4,1,2,4,1,2,4,4,4,2,2
505,4,4,1,4,1,4,4,1,9,1,2,4,5,4
506,5,5,2,4,1,1,1,6,2,1,1,3,4,3
507,2,4,6,6,1,2,2,1,1,1,3,3,3,1
508,7,4,6,6,1,1,5,1,1,1,3,6,2,4
509,2,1,5,7,1,3,5,2,2,2,6,4,2,4
510,2,2,1,4,1,3,4,1,3,4,6,6,4,7
511,3,1,3,3,7,1,6,2,1,9,2,7,6,7
512,997,7,4,4,1,2,2,6,9,1,2,4,3,4
513,1,7,7,7,7,3,7,1,9,4,7,7,1,7
514,4,4,4,5,4,3,2,1,3,1,2,4,2,6
515,1,7,2,2,1,4,7,1,3,4,7,7,5,4
516,3,4,1,4,1,4,4,6,9,2,6,7,4,4
517,997,7,1,6,4,2,2,2,1,2,4,4,4,4
518,7,1,1,2,1,1,4,7,5,1,1,1,2,5
519,7,1,3,7,1,1,3,1,1,1,2,3,1,3
520,1,7,7,7,1,7,4,1,9,2,7,7,1,3
521,2,6,1,2,2,3,3,3,2,2,5,5,3,5
522,1,6,2,7,3,6,4,1,1,2,7,5,3,7
523,997,7,1,4,1,1,2,2,5,1,1,1,2,7
524,2,1,4,7,1,1,7,1,1,2,7,7,1,7
525,7,5,2,4,1,1,1,4,3,1,1,1,5,2
526,997,4,3,3,4,4,4,3,9,1,3,4,3,4
527,1,4,6,6,4,6,1,1,1,3,6,7,4,7
528,4,2,2,4,1,1,2,6,3,1,2,2,1,4
529,5,1,2,4,1,1,2,7,9,1,1,4,2,2
530,2,7,2,4,1,1,4,1,1,1,4,4,5,4
531,4,5,2,4,1,4,4,2,3,2,6,4,2,4
532,1,1,1,1,1,4,7,7,4,1,4,4,3,1
533,2,1,2,4,1,2,1,3,9,1,4,5,2,5
534,7,4,4,4,1,1,1,1,9,1,1,1,1,4
535,997,3,3,4,3,4,5,7,9,2,5,3,3,4
536,1,2,2,4,6,7,4,3,9,4,7,7,3,4
537,7,7,2,4,1,2,4,4,9,1,2,4,3,2
538,7,2,4,4,5,1,1,7,1,1,1,1,4,4
539,5,4,2,3,1,1,1,2,9,1,2,1,3,2
540,2,1,3,4,3,1,1,1,9,1,3,4,3,4
541,2,4,2,5,1,5,1,1,9,2,5,4,2,7
542,7,1,1,1,1,1,2,7,9,1,3,2,3,4
543,5,3,4,5,2,1,3,3,4,1,4,5,2,3
544,4,2,2,3,2,3,4,3,4,1,4,4,4,3
545,5,4,5,5,1,1,1,5,1,1,1,1,2,4
546,5,1,2,4,1,1,3,4,5,1,3,4,2,4
547,2,1,5,5,1,5,4,2,4,1,4,4,2,4
548,1,4,3,5,4,2,6,1,9,1,6,4,4,4
549,5,5,6,6,1,1,4,1,1,1,3,2,3,3
550,2,2,2,4,1,2,2,1,1,2,3,1,2,5
551,5,1,2,4,1,2,3,3,3,1,4,4,2,3
552,6,4,6,6,1,4,4,2,2,1,4,4,2,4
553,4,3,6,4,5,4,2,2,2,4,1,4,3,9
554,7,1,1,1,1,1,5,7,9,1,1,1,3,4
555,5,4,7,7,4,4,4,4,1,1,1,1,2,1
556,1,1,7,1,1,4,1,1,9,2,4,1,1,1
557,4,2,5,6,1,1,2,3,1,1,1,3,1,5
558,3,4,4,4,1,2,2,1,9,1,4,4,3,4
559,6,2,1,2,1,1,5,5,3,1,2,2,3,3
560,3,1,1,5,1,1,4,1,2,1,4,5,3,3
561,6,1,3,1,1,1,4,7,2,1,3,1,2,1
562,5,3,2,3,1,2,4,7,3,1,2,1,3,2
563,2,1,2,4,1,2,2,3,1,2,4,3,3,3
564,1,1,2,7,7,7,7,3,5,4,7,7,5,1
565,5,1,2,3,1,1,2,7,4,1,1,2,3,2
566,4,2,2,4,1,2,2,2,2,1,2,2,2,4
567,1,3,2,7,1,1,4,1,1,2,4,4,2,3
568,2,6,3,4,3,2,6,3,2,1,2,2,5,3
569,7,1,1,1,1,1,1,1,2,1,1,1,4,1
570,1,1,1,4,1,7,1,1,1,2,7,7,5,1
571,5,3,5,7,4,4,5,2,2,2,5,4,1,4
572,3,4,6,5,4,4,4,1,9,2,6,4,3,4
573,7,2,4,4,3,3,4,3,3,2,3,3,3,3
574,4,3,2,2,2,2,4,3,9,1,4,4,2,2
575,7,4,7,7,1,1,1,7,3,1,1,1,5,4
576,6,1,2,3,1,1,3,5,4,1,2,3,2,4
577,2,4,2,7,4,6,2,1,1,4,7,7,4,7
578,997,2,5,2,1,1,4,4,2,1,4,4,2,5
579,2,1,2,5,1,3,4,3,2,1,3,3,3,5
580,7,4,1,2,2,1,1,2,9,2,2,1,2,1
581,7,1,4,4,1,1,7,7,5,1,1,1,2,7
582,3,4,1,3,1,2,2,1,2,1,2,3,3,3
583,997,1,7,7,7,7,1,1,9,4,7,7,1,7
584,4,2,4,5,1,3,2,1,9,4,7,4,4,5
585,4,6,6,6,1,5,4,3,9,1,5,6,2,4
586,5,1,1,4,2,1,3,6,4,1,1,1,3,6
587,6,1,2,4,1,1,3,7,5,1,2,2,2,4
588,7,1,4,5,1,1,1,4,9,1,1,1,1,5
589,7,1,1,1,2,4,7,7,9,1,1,3,4,5
590,3,1,7,7,1,7,7,7,9,1,1,4,1,5
591,1,4,5,7,1,1,3,1,1,1,4,5,3,4
592,6,2,2,1,2,3,1,2,9,1,2,2,3,3
593,3,4,4,2,2,1,5,1,9,2,4,5,2,4
594,7,6,2,4,1,1,1,7,1,1,1,1,5,2
595,4,5,2,4,4,7,1,1,9,2,3,7,4,4
596,5,7,7,4,5,4,4,4,9,4,4,4,5,4
597,4,2,2,4,1,1,4,1,3,1,3,5,2,3
598,5,1,2,2,2,2,2,6,9,1,2,2,3,1
599,4,4,4,4,1,4,1,3,5,1,3,4,3,2
600,997,4,5,4,1,2,3,1,1,1,3,3,2,4
601,2,1,2,5,1,1,1,7,9,4,1,4,3,3
602,6,2,2,2,1,1,2,7,3,1,2,2,2,2
603,997,6,6,7,1,2,1,1,3,1,3,4,2,3
604,5,1,1,2,1,1,4,5,5,1,2,1,3,1
605,5,1,6,6,1,2,2,6,5,1,1,3,2,2
606,997,4,7,7,1,1,5,2,2,1,3,2,2,4
607,2,6,6,7,6,4,3,1,1,2,5,7,2,5
608,1,7,2,5,7,1,2,1,5,2,7,7,2,4
609,5,2,4,2,4,3,2,2,9,1,1,5,1,1
610,7,1,1,4,1,1,4,1,1,2,3,1,4,1
611,4,6,2,4,1,1,2,3,1,1,4,3,4,7
612,2,3,1,2,1,3,2,1,1,1,1,4,2,6
613,5,1,3,4,1,1,6,6,5,2,3,3,3,5
614,7,4,4,4,4,4,4,4,9,1,4,4,3,4
615,5,1,2,4,1,1,2,3,9,1,2,3,3,4
616,4,4,4,3,1,2,2,3,3,1,3,2,3,2
617,4,4,4,4,4,4,4,4,3,2,4,4,3,4
618,7,7,2,2,1,1,2,7,4,1,1,1,2,6
619,997,4,4,4,4,4,3,4,9,2,1,1,3,4
620,4,1,2,3,1,2,2,5,9,2,3,4,2,2
621,4,4,7,7,1,1,3,1,1,1,1,1,1,4
622,6,1,1,1,1,1,2,4,9,1,2,1,2,4
623,1,1,4,6,1,2,1,3,9,2,5,4,2,5
624,4,4,4,4,4,4,4,4,9,2,3,4,3,4
625,5,4,4,4,4,4,4,1,3,3,4,4,3,4
626,2,2,2,4,2,4,4,2,4,2,4,4,4,3
627,4,1,4,7,1,1,1,1,9,2,2,4,1,6
628,997,4,4,4,4,4,4,4,9,1,4,4,1,4
629,4,7,2,3,1,2,3,1,1,1,7,4,5,3
630,997,5,5,6,3,2,4,4,9,1,3,4,3,4
631,3,2,1,4,1,1,3,2,3,1,3,4,3,3
632,4,3,1,4,1,1,3,3,3,1,4,4,2,4
633,3,4,2,4,1,1,2,2,3,2,6,3,4,3
634,7,4,4,4,1,7,1,1,9,1,1,2,5,7
635,997,7,3,6,1,2,2,1,3,2,4,4,3,3
636,7,1,1,1,1,1,2,7,5,1,1,1,2,4
637,4,6,4,7,1,1,5,4,5,2,1,1,1,7
638,2,7,1,5,1,4,3,1,9,2,3,4,5,5
639,2,1,3,3,1,3,2,1,2,4,4,3,2,1
640,997,3,2,3,1,1,2,1,1,1,1,2,4,2
641,997,4,4,4,4,4,4,4,9,2,4,4,3,4
642,7,4,5,4,7,1,1,1,9,1,4,1,1,4
643,4,5,4,5,2,1,3,5,2,1,2,2,1,3
644,7,4,7,7,7,7,7,7,5,3,7,7,2,7
645,1,4,4,4,1,1,4,3,9,4,7,5,3,4
646,5,2,5,6,1,1,3,6,9,1,2,3,2,4
647,997,4,4,4,4,4,4,4,9,2,4,4,3,4
648,4,1,2,4,1,4,4,6,5,1,4,4,2,4
649,4,1,2,2,1,1,4,4,4,1,2,4,2,4
650,5,1,2,3,1,1,1,2,4,1,2,1,2,3
651,5,1,3,6,1,1,2,2,3,1,2,2,2,3
652,4,4,3,5,1,2,4,2,3,1,2,3,2,3
653,4,1,7,5,1,4,2,1,2,1,2,4,2,2
654,3,2,2,2,4,3,3,1,4,1,3,4,4,2
655,4,4,4,4,4,2,3,4,5,2,2,2,1,4
656,6,2,1,4,1,4,2,5,9,1,2,4,3,2
657,5,3,2,4,1,1,4,4,9,1,2,3,2,3
658,5,4,5,7,2,6,2,1,2,1,3,1,3,2
659,997,4,4,6,1,1,2,4,2,1,1,1,1,4
660,1,2,1,4,1,2,2,1,9,4,6,6,2,7
661,7,1,1,1,1,1,1,1,1,1,1,1,1,1
662,1,7,1,1,7,7,6,2,4,4,7,7,2,1
663,997,4,4,4,1,5,2,4,4,1,5,4,3,4
664,2,6,2,4,6,2,2,4,3,2,3,2,3,4
665,3,1,5,5,1,1,3,4,2,1,2,3,1,3
666,2,4,6,7,7,7,6,4,1,2,4,7,3,4
667,3,2,4,4,1,1,1,4,2,1,1,2,3,4
668,997,4,4,4,1,2,4,7,4,1,2,4,4,4
669,7,2,3,3,3,3,3,3,3,2,4,4,3,3
670,997,4,6,6,4,2,4,2,9,1,2,4,2,4
671,4,4,4,4,4,4,4,2,2,2,4,4,3,4
672,5,3,1,2,1,1,2,7,4,1,2,2,2,5
673,4,1,6,4,1,6,2,1,9,1,1,1,5,1
674,1,4,1,1,7,7,6,4,9,4,7,7,3,1
675,5,1,2,4,1,1,3,6,4,1,2,4,2,5
676,4,3,1,2,1,2,2,7,9,1,2,4,3,3
677,997,4,2,5,1,4,4,1,2,1,4,2,2,1
678,5,7,1,2,1,1,2,4,3,1,1,2,2,3
679,6,3,1,1,1,2,4,5,9,2,1,1,2,4
680,4,3,2,3,3,3,5,7,1,1,5,5,2,4
681,6,2,4,3,3,4,2,3,1,2,3,4,3,2
682,7,1,6,7,1,1,1,1,9,1,1,1,1,6
683,5,3,5,4,1,1,4,4,3,1,1,1,2,5
684,6,1,2,4,1,1,3,7,4,1,2,2,2,6
685,4,4,2,3,1,1,4,5,9,1,2,2,4,4
686,4,1,4,4,1,1,2,2,5,1,3,2,3,2
687,3,4,4,7,1,2,2,1,3,1,2,2,1,4
688,1,1,7,7,7,1,1,3,2,2,7,7,4,5
689,7,2,5,5,1,1,2,2,9,1,1,1,4,2
690,1,4,2,5,1,1,4,1,1,1,5,4,3,4
691,997,4,2,4,2,1,3,6,5,1,2,1,1,5
692,7,4,4,4,4,4,4,4,3,1,1,1,2,1
693,1,5,3,5,4,2,3,1,3,1,6,2,2,2
694,3,4,2,4,2,1,2,1,3,1,3,7,2,2
695,5,2,1,3,1,2,3,1,9,1,2,3,3,1
696,1,1,4,7,1,1,4,1,9,2,7,7,2,4
697,7,4,2,4,1,1,1,1,1,1,1,5,3,4
698,3,1,2,6,1,3,3,4,3,4,4,4,2,6
699,1,1,1,4,1,1,7,1,5,4,7,7,3,7
700,2,3,5,6,3,3,4,2,9,2,4,4,4,5
701,5,2,2,2,2,2,2,3,9,2,3,2,3,1
702,5,4,4,4,4,4,4,4,4,2,4,4,3,4
703,997,3,3,3,1,1,2,1,9,1,4,3,2,4
704,7,1,1,4,1,1,6,5,5,1,1,1,1,7
705,7,3,4,3,3,4,4,2,9,2,3,3,2,3
706,5,4,1,4,1,1,2,7,4,1,2,1,3,2
707,997,5,4,4,3,2,3,2,3,2,2,2,3,4
708,5,4,4,3,5,4,1,3,3,1,2,5,3,4
709,1,1,7,7,4,4,4,1,3,3,4,2,3,2
710,2,7,1,4,1,1,4,1,9,2,4,6,1,4
711,2,4,3,4,1,3,3,4,9,1,3,4,3,3
712,7,1,4,6,1,1,4,4,3,1,1,1,2,6
713,2,6,3,5,1,4,5,2,9,2,5,6,3,2
714,6,3,3,3,1,1,3,3,2,1,3,2,2,2
715,5,4,4,4,1,4,4,3,9,2,4,4,1,1
716,4,3,1,4,4,5,5,3,1,1,6,6,2,3
717,4,4,7,7,1,1,3,1,1,1,3,4,2,6
718,6,4,3,2,1,2,3,4,3,1,2,3,3,2
719,1,2,1,6,1,7,7,1,4,4,7,4,4,6
720,3,4,4,4,1,1,2,4,4,1,1,1,2,4
721,2,4,2,5,2,4,3,1,1,1,7,4,2,7
722,5,4,3,2,2,2,2,2,9,2,2,3,3,3
723,2,6,2,6,2,4,4,1,1,2,6,4,2,2
724,2,3,6,6,4,4,4,3,9,2,7,5,5,4
725,7,4,2,3,1,2,4,2,9,2,1,2,2,1
726,1,1,7,7,1,1,4,1,5,2,4,3,3,4
727,4,5,4,5,2,3,3,4,2,2,4,4,2,4
728,7,2,3,4,2,2,3,3,9,1,2,2,2,3
729,4,4,2,4,5,4,3,2,9,1,2,2,2,4
730,1,4,1,1,1,1,1,1,1,1,4,4,1,4
731,1,3,3,4,3,3,6,4,4,4,5,6,2,4
732,3,1,2,4,1,1,4,1,9,2,3,4,2,4
733,7,1,1,1,1,1,1,1,9,1,1,1,4,1
734,2,7,2,6,4,1,7,7,9,1,7,7,2,7
735,7,6,7,7,1,1,3,1,9,1,2,2,1,4
736,5,4,4,5,1,1,1,7,9,1,1,1,2,4
737,2,1,5,6,2,7,4,2,2,2,2,4,3,5
738,5,1,2,3,1,1,4,5,4,1,3,3,2,2
739,5,6,4,3,1,1,4,4,4,1,2,3,2,4
740,6,1,2,2,1,1,4,4,4,1,2,2,3,4
741,2,2,2,1,2,2,4,6,3,2,6,6,4,3
742,7,4,4,4,4,4,4,4,4,1,1,1,3,5
743,5,7,1,4,2,1,4,3,3,1,2,4,3,3
744,7,4,2,3,1,1,1,2,1,3,7,2,4,1
745,3,3,3,4,5,2,4,4,9,2,5,4,3,4
746,4,6,7,6,1,6,2,1,1,2,2,6,2,2
747,7,1,1,2,1,1,6,7,5,1,1,1,1,4
748,4,5,5,4,2,1,2,2,9,1,3,3,4,3
749,1,4,7,7,1,1,3,1,1,2,7,7,2,7
750,3,3,3,4,2,1,3,4,3,1,2,3,3,4
751,5,1,2,3,1,3,4,5,9,1,4,4,3,4
752,3,4,4,5,4,3,3,4,9,2,4,4,2,5
753,4,7,1,1,1,1,2,4,2,1,3,3,2,4
754,4,4,2,7,1,1,3,1,3,2,7,7,2,4
755,6,1,2,3,3,1,2,4,9,1,2,1,2,2
756,4,4,4,4,4,4,4,1,9,2,4,4,3,4
757,4,4,2,4,1,1,2,4,9,1,4,3,1,3
758,6,4,4,4,4,3,4,4,4,1,4,3,3,4
759,3,1,1,1,4,4,2,1,3,2,6,2,3,1
760,4,7,2,3,1,1,2,5,3,1,2,2,3,3
761,4,6,7,4,1,1,3,1,2,1,1,1,1,4
762,997,4,5,6,1,1,4,2,9,2,3,3,1,4
763,2,4,2,4,2,5,3,1,2,4,4,4,3,3
764,7,7,5,5,3,1,3,1,1,1,7,2,3,5
765,1,7,4,4,7,7,7,1,4,4,7,7,5,5
766,997,4,1,2,1,1,1,1,9,1,1,1,1,4
767,6,4,1,4,4,1,1,4,1,1,1,1,4,4
768,997,4,4,4,3,3,3,3,3,2,4,4,3,4
769,997,4,3,4,1,1,4,1,9,1,2,1,3,4
770,7,7,5,7,1,1,6,7,4,1,1,1,3,7
771,7,1,6,6,1,1,4,1,5,1,3,3,2,6
772,4,4,2,3,2,2,3,4,3,1,1,2,4,2
773,997,3,7,7,2,5,3,5,9,1,6,2,2,6
774,3,1,1,3,1,1,2,1,9,1,3,4,2,1
775,7,3,4,2,4,4,4,4,3,2,2,3,3,4
776,997,2,6,1,1,2,2,7,1,2,4,4,1,4
777,2,2,2,3,3,5,4,1,3,2,3,5,3,2
778,4,2,1,2,2,1,3,3,4,2,5,3,2,3
779,5,3,3,4,3,5,4,6,4,1,3,4,2,2
780,4,1,2,4,1,1,3,1,4,1,4,3,4,3
781,1,1,4,7,1,1,1,1,1,2,4,4,2,4
782,2,4,3,6,4,4,3,1,1,2,4,4,2,4
783,7,7,2,1,1,1,4,6,3,1,1,1,2,3
784,997,1,3,3,1,1,4,1,4,1,1,1,2,4
785,997,4,1,4,2,1,1,5,3,1,1,2,5,2
786,3,1,4,3,5,4,5,7,2,1,3,4,2,4
787,7,3,4,4,4,4,4,4,3,2,3,4,3,4
788,5,7,2,2,2,2,1,4,3,1,1,1,1,5
789,5,1,1,1,1,1,1,1,5,4,7,7,5,7
790,7,4,4,2,4,4,2,4,3,2,2,2,2,4
791,7,4,4,4,4,4,4,4,3,2,4,4,3,4
792,1,2,4,5,4,6,4,1,2,4,6,6,2,6
793,1,2,6,7,1,3,2,1,9,2,6,6,2,3
794,7,1,1,1,3,3,3,3,9,3,3,2,3,3
795,997,4,1,4,1,2,3,3,2,1,4,4,3,4
796,2,3,1,4,5,3,3,1,9,2,7,4,2,5
797,7,5,3,2,2,4,2,3,9,1,3,4,3,6
798,6,1,1,4,1,1,2,2,4,1,2,2,2,3
799,7,1,1,1,1,1,1,1,5,2,1,1,5,1
800,6,1,3,3,1,2,2,7,9,1,3,5,3,2
801,3,4,2,4,1,4,3,4,9,1,2,2,3,4
802,2,1,6,7,6,7,4,1,9,2,1,7,2,6
803,1,7,2,4,1,4,4,2,3,4,4,4,4,4
804,5,4,1,4,1,1,4,3,4,1,2,2,3,3
805,5,2,1,2,1,1,3,4,5,1,2,3,3,4
806,5,4,4,4,1,2,3,4,4,1,4,4,3,4
807,3,3,2,4,1,1,3,5,3,1,5,4,2,3
808,997,2,2,4,1,2,3,4,5,2,3,4,3,2
809,6,2,1,2,1,4,1,1,2,1,2,2,3,3
810,2,4,2,4,3,4,4,3,4,2,7,7,3,3
811,4,1,6,6,1,1,3,6,2,1,2,2,2,7
812,3,4,4,4,1,3,4,4,9,2,5,4,3,4
813,3,4,6,7,1,1,2,1,9,1,2,7,2,7
814,7,1,1,2,1,1,4,7,3,1,1,1,2,2
815,7,7,2,4,1,1,2,3,9,1,2,2,2,4
816,4,3,3,4,3,3,3,2,9,1,2,3,3,3
817,997,4,4,5,4,4,3,4,9,1,3,3,2,4
818,5,4,2,2,4,1,6,4,3,1,1,1,3,4
819,1,1,3,4,3,3,4,2,2,2,3,3,3,4
820,2,2,2,4,1,1,6,4,3,4,3,3,2,3
821,1,4,2,4,1,4,7,1,2,3,7,7,1,6
822,5,2,2,4,1,2,2,5,2,1,2,2,3,3
823,5,4,4,3,4,4,4,4,5,2,4,4,3,4
824,1,1,1,4,4,4,4,4,4,1,1,1,2,1
825,5,1,2,5,1,1,3,1,9,1,2,3,2,2
826,2,7,1,2,5,2,3,1,4,4,5,4,3,2
827,997,4,4,4,4,4,4,4,9,2,4,4,3,4
828,3,3,2,4,2,2,3,3,4,2,5,4,5,3
829,7,1,1,1,1,1,1,4,9,1,1,1,2,4
830,997,4,4,4,4,4,3,7,5,2,4,4,2,3
831,997,2,2,3,1,2,2,6,2,1,3,3,3,1
832,5,2,1,2,3,2,2,5,9,1,2,3,2,1
833,5,1,2,4,1,2,4,5,3,1,3,1,2,3
834,4,3,2,5,1,1,4,1,9,1,5,2,2,3
835,7,7,4,3,1,1,4,5,2,1,3,3,3,5
836,2,2,2,4,2,2,2,1,9,2,2,3,4,4
837,7,2,2,4,1,1,3,3,9,1,3,3,2,4
838,4,6,2,4,2,2,4,1,9,1,2,2,2,4
839,4,1,1,3,1,1,5,5,9,1,3,3,2,3
840,997,4,6,2,2,2,1,2,4,1,3,4,1,4
841,6,2,2,4,2,2,2,2,2,1,2,4,3,4
842,7,1,1,1,1,1,1,1,1,1,1,1,1,1
843,7,1,1,2,2,3,1,2,2,2,1,3,2,4
844,997,4,4,2,4,4,1,4,9,1,1,1,2,4
845,5,4,2,4,1,2,2,3,9,1,2,2,2,5
846,4,4,3,3,6,3,5,4,3,3,3,5,2,2
847,7,4,1,4,1,1,4,4,2,2,4,4,3,4
848,4,1,2,2,1,1,2,6,2,1,2,2,3,2
849,5,2,2,3,2,3,2,2,1,1,1,3,2,1
850,5,4,5,6,2,3,3,4,3,1,3,5,2,4
851,4,6,2,4,5,2,4,1,9,2,2,4,2,2
852,1,5,3,5,3,1,2,1,4,2,6,5,5,5
853,4,7,2,6,1,2,3,1,4,1,4,3,2,4
854,7,1,1,1,1,1,4,7,3,1,1,1,1,6
855,3,4,4,4,4,4,7,4,3,1,5,5,3,4
856,6,1,1,2,1,1,4,2,4,1,2,2,3,4
857,7,2,6,4,1,1,2,2,9,1,1,3,1,4
858,1,7,4,6,7,3,3,1,9,2,7,7,3,4
859,2,1,3,5,4,1,4,1,4,4,7,7,4,1
860,6,1,1,1,1,1,4,7,4,1,1,1,2,7
861,997,4,4,4,4,4,3,3,9,1,3,3,3,2
862,6,1,2,4,1,3,2,6,5,1,1,1,2,5
863,6,1,1,2,1,1,2,7,3,1,1,1,3,4
864,4,4,4,4,5,3,6,4,9,4,2,4,3,4
865,997,1,2,4,1,1,1,2,2,1,2,3,4,4
866,6,3,4,4,1,1,2,1,3,2,4,3,1,3
867,1,1,4,6,1,1,7,4,2,1,1,7,2,7
868,3,3,4,4,1,2,4,1,4,2,6,6,3,2
869,997,2,2,4,1,1,2,2,1,1,4,4,2,4
870,4,2,2,2,1,1,6,5,3,1,3,3,2,6
871,6,4,4,4,3,4,4,4,4,1,3,4,2,4
872,4,4,5,6,4,3,1,2,2,1,4,3,4,3
873,6,1,1,4,1,1,4,3,5,1,1,1,2,6
874,4,5,4,4,1,2,5,1,9,4,4,3,2,4
875,3,4,3,5,2,4,2,4,4,2,4,4,4,4
876,6,1,3,5,1,1,5,6,3,1,1,1,1,7
877,6,1,2,4,1,2,2,7,9,1,1,2,2,6
878,4,1,3,6,1,1,2,2,9,2,3,3,2,2
879,4,1,2,4,1,2,4,1,3,2,3,3,2,3
880,6,1,1,2,1,1,4,6,4,1,2,3,3,6
881,4,3,3,4,7,7,2,2,1,2,4,4,2,3
882,997,4,4,4,4,4,4,4,9,1,1,1,1,4
883,4,5,2,3,1,1,3,7,9,1,2,2,2,6
884,5,2,2,2,1,1,3,6,9,1,1,1,2,5
885,997,2,7,4,1,1,4,7,3,2,4,4,3,4
886,4,4,4,5,1,1,1,2,2,1,1,4,2,7
887,7,4,5,6,2,1,4,1,9,1,1,6,1,4
888,997,1,2,4,7,4,3,2,9,1,4,4,2,2
889,4,1,2,4,3,4,1,1,1,1,4,4,3,7
890,4,1,1,1,2,1,4,7,5,1,1,1,3,1
891,4,1,1,3,1,1,4,7,9,1,3,2,2,7
892,5,7,1,4,1,1,1,1,9,1,2,3,3,1
893,6,1,4,5,1,3,2,3,9,1,1,2,1,6
894,2,5,4,4,2,4,5,3,4,3,7,4,3,7
895,2,4,2,5,1,5,4,5,9,4,4,4,2,3
896,3,1,2,2,1,2,3,7,9,1,2,3,2,2
897,7,7,1,1,1,1,1,6,4,1,1,1,2,6
898,1,4,5,4,5,5,5,2,2,2,7,7,3,4
899,3,4,4,4,1,1,4,3,3,1,3,3,3,4
900,6,1,2,2,1,1,4,7,4,1,1,1,2,6
901,6,1,2,2,1,1,4,5,3,1,3,4,2,5
902,7,1,1,1,2,1,6,1,4,1,2,5,8,2
903,4,4,7,7,7,7,7,1,2,2,4,3,3,4
904,7,1,1,1,1,1,5,7,4,1,1,1,2,7
905,1,1,2,4,3,3,2,1,2,1,5,4,2,4
906,4,4,1,4,3,3,7,1,5,1,1,4,2,1
907,1,6,1,4,3,6,3,1,9,2,4,4,3,5
908,997,4,4,4,1,4,4,4,5,2,4,4,3,4
909,1,3,2,3,2,5,3,1,3,2,5,3,1,6
910,5,5,3,3,5,2,6,5,3,1,3,4,2,3
911,5,7,1,6,3,1,3,2,4,1,1,1,2,6
912,6,1,1,2,1,1,6,7,5,1,1,2,2,6
913,4,4,7,2,1,1,3,1,1,1,4,4,2,5
914,7,4,3,5,4,5,5,3,9,3,3,4,3,5
915,2,1,3,6,1,1,2,1,1,2,6,4,2,4
916,1,7,2,4,1,4,3,2,1,2,7,7,5,4
917,997,1,3,4,2,4,2,2,9,2,4,4,4,4
918,5,1,1,1,1,1,3,4,4,1,5,1,2,1
919,1,7,1,3,4,7,2,6,1,4,7,7,3,1
920,997,4,4,4,1,1,4,3,5,1,1,1,2,4
921,997,3,6,5,2,4,2,7,9,1,2,4,2,7
922,2,7,2,4,1,7,2,1,9,2,7,4,1,4
923,5,2,3,4,1,1,4,7,9,1,2,2,3,4
924,5,7,1,4,1,2,3,6,2,1,3,5,5,2
925,5,3,3,4,3,3,3,3,4,1,4,4,2,4
926,4,2,4,4,1,1,2,3,9,1,3,2,2,3
927,4,4,1,5,1,3,1,4,5,1,1,1,3,4
928,3,4,2,2,1,1,4,1,1,1,1,1,3,3
929,4,3,5,7,7,2,4,7,1,1,5,5,4,6
930,5,3,3,5,1,2,2,1,2,1,1,1,4,2
931,6,1,1,4,1,1,5,4,5,1,1,1,1,2
932,997,4,2,4,1,2,4,4,2,1,4,4,5,4
933,4,4,2,4,1,1,5,7,9,2,2,1,2,4
934,6,4,4,3,3,4,3,3,9,3,3,3,5,4
935,997,4,4,4,4,4,4,4,3,2,4,4,3,4
936,3,4,3,4,1,2,2,1,1,2,4,3,2,6
937,5,1,4,3,1,3,4,6,9,1,2,3,2,4
938,4,3,5,7,3,2,4,4,9,2,4,4,5,4
939,4,4,3,2,4,3,2,4,9,4,4,5,4,2
940,4,2,6,7,1,3,3,2,2,2,4,4,3,4
941,4,4,4,4,4,4,4,4,9,2,4,4,3,4
942,5,2,1,4,2,2,3,2,4,1,2,4,4,2
943,1,2,5,3,3,5,3,3,7,4,1,1,1,9
944,7,3,3,4,4,3,3,2,1,2,3,3,3,3
945,3,7,2,2,1,2,4,7,4,1,4,3,3,3
946,5,4,7,7,1,2,1,1,1,1,2,3,4,4
947,5,4,4,4,4,4,5,4,5,1,2,4,2,4
948,4,4,4,4,4,4,5,3,9,1,2,3,3,4
949,1,7,7,7,1,1,4,1,1,1,1,1,1,7
950,1,6,5,7,2,4,2,2,2,2,6,6,2,6
951,997,2,2,3,1,1,4,7,9,1,4,4,2,4
952,6,1,2,2,3,2,3,2,2,1,3,2,2,1
953,3,1,1,4,2,3,2,1,9,4,6,4,2,3
954,5,2,1,2,1,1,2,7,9,1,1,1,3,4
955,7,1,1,3,3,1,4,7,4,1,1,1,2,4
956,7,4,2,3,1,2,3,4,4,2,1,1,3,4
957,6,1,3,5,1,1,2,1,2,1,2,1,1,4
958,4,4,1,3,2,1,5,2,4,2,3,5,3,2
959,4,1,1,2,1,1,3,2,3,1,3,3,2,4
960,5,4,3,4,1,1,2,3,3,1,2,2,1,4
961,6,4,4,4,4,3,3,3,3,2,4,4,3,4
962,7,7,1,7,4,7,2,6,9,3,6,2,5,7
963,6,4,1,1,1,1,1,7,4,1,1,1,1,4
964,6,3,5,4,5,2,5,2,3,3,2,5,5,3
965,2,3,3,3,2,4,4,3,4,2,4,4,3,2
966,7,4,4,4,4,4,4,4,9,3,4,4,3,4
967,7,3,2,3,1,1,3,4,9,1,1,1,2,4
968,7,1,4,2,1,1,2,5,5,1,1,1,2,4
969,7,1,1,1,1,1,1,7,9,1,1,1,2,1
970,3,2,1,4,1,1,6,3,9,1,4,3,2,4
971,6,2,1,1,1,1,6,7,9,1,2,2,2,4
972,4,2,4,4,4,3,3,4,9,2,3,4,4,4
973,4,5,2,3,2,1,2,5,5,1,1,1,4,2
974,4,2,1,1,1,2,4,5,5,1,3,3,3,4
975,4,7,2,3,1,1,6,5,9,1,2,1,2,7
976,6,1,2,4,1,1,4,7,3,1,4,2,3,6
977,3,3,2,3,2,3,2,2,9,2,3,2,3,1
978,4,4,2,5,2,4,2,2,9,2,5,4,3,2
979,5,7,5,4,1,7,4,5,4,1,1,7,1,5
980,7,1,1,2,1,1,7,7,5,1,1,1,1,7
981,7,1,2,3,1,1,1,4,4,1,1,1,1,6
982,997,4,7,4,1,1,4,4,1,1,1,1,3,4
983,1,4,1,4,2,3,4,2,9,2,7,7,3,6
984,1,7,3,7,5,7,1,1,1,4,7,7,5,7
985,6,4,4,6,4,4,4,4,2,1,3,3,3,4
986,5,4,6,7,1,1,2,2,9,2,1,3,2,4
987,1,1,1,4,4,7,2,1,1,2,4,4,4,6
988,6,2,2,4,1,1,4,3,3,1,1,2,1,5
989,3,4,4,6,1,1,4,4,2,2,6,4,3,5
990,2,1,4,6,1,1,3,4,2,4,1,1,3,4
991,1,7,4,4,3,2,4,1,9,2,1,7,3,5
992,5,1,1,2,2,1,2,7,9,1,1,1,4,1
993,3,3,2,5,1,1,3,2,2,2,3,1,2,4
994,7,1,1,1,1,2,1,2,1,2,2,2,2,1
995,5,4,2,2,1,2,1,4,1,2,2,1,2,2
996,997,4,4,3,4,4,4,4,3,2,2,4,3,4
997,4,3,3,2,4,5,4,4,4,4,2,4,3,6
998,6,6,3,3,1,3,3,4,9,1,3,3,2,6
999,6,7,1,2,1,1,5,7,9,1,1,1,3,3
1000,7,7,1,4,1,1,1,4,4,1,2,2,2,6
1001,6,4,4,5,4,4,4,4,3,2,4,4,3,4
1002,3,4,1,4,4,2,4,2,1,2,4,4,2,7
1003,3,3,4,3,3,4,3,3,9,2,3,3,3,4
1004,1,4,5,6,5,4,2,1,2,2,3,3,4,5
1005,6,3,3,1,1,1,3,6,9,2,4,3,3,2
1006,4,2,4,6,1,1,5,1,1,1,3,7,1,4
1007,4,6,4,2,4,4,4,4,9,2,4,4,2,4
1008,4,4,4,4,4,1,5,2,9,2,6,6,2,4
1009,6,2,2,6,1,1,1,2,2,1,2,2,2,5
1010,4,1,2,4,1,1,4,3,3,1,3,3,3,3
1011,3,2,1,4,4,3,1,4,1,2,4,2,4,1
1012,3,2,2,6,1,7,4,4,9,1,3,3,4,1
1013,6,1,2,2,2,2,4,4,9,1,2,4,1,7
1014,6,7,3,4,1,1,4,7,4,1,1,1,2,4
1015,7,3,3,4,1,1,2,5,3,1,1,1,1,4
1016,6,4,7,7,1,2,1,2,1,1,4,5,3,4
1017,3,1,2,5,1,1,3,1,3,2,2,1,2,5
1018,7,4,4,4,4,1,1,1,2,1,2,2,2,4
1019,3,1,5,7,1,1,1,2,9,1,1,1,1,7
1020,6,1,4,4,1,1,4,6,9,1,4,4,2,4
1021,6,4,2,4,1,1,3,2,9,2,2,2,2,4
1022,6,3,3,3,3,4,4,4,3,1,5,5,1,4
1023,5,2,4,6,1,2,3,1,1,1,2,2,3,4
1024,6,5,3,7,1,1,7,1,1,1,1,1,2,7
1025,7,4,3,3,1,1,4,4,1,1,1,2,2,3
1026,4,4,4,6,1,1,2,1,1,1,4,1,3,2
1027,1,1,4,4,1,1,3,1,4,1,1,4,3,4
1028,6,2,2,1,2,2,3,2,9,1,2,2,3,2
1029,4,7,5,7,4,1,4,1,1,1,1,1,2,5
1030,6,1,2,3,1,1,5,7,4,1,2,2,2,4
1031,4,5,3,4,1,1,3,7,4,1,4,4,2,4
1032,997,4,4,4,2,3,4,4,9,1,4,3,2,4
1033,5,3,2,4,1,1,2,3,3,1,2,3,2,4
1034,5,4,6,5,1,1,2,2,9,1,1,1,2,4
1035,1,4,3,5,4,6,4,3,9,2,7,7,3,4
1036,2,6,4,4,3,6,6,5,2,2,6,7,2,2
1037,6,3,2,2,1,1,2,4,3,1,3,3,2,4
1038,2,6,1,4,1,2,4,3,9,2,7,3,2,3
1039,4,4,4,4,1,1,4,2,9,1,1,1,2,6
1040,4,7,4,4,3,1,6,4,5,1,2,3,3,4
1041,7,1,1,1,2,1,5,6,5,1,1,1,2,7
1042,5,1,1,1,1,2,5,7,4,1,3,3,3,1
1043,6,2,3,2,2,1,2,2,1,2,3,3,2,1
1044,5,2,2,4,2,2,4,2,2,1,3,3,3,2
1045,4,1,3,6,1,3,4,1,2,4,2,4,3,7
1046,7,2,3,2,2,1,3,2,2,1,2,1,3,2
1047,2,4,1,4,5,2,2,1,9,2,5,4,5,2
1048,4,6,2,2,2,2,1,2,9,2,2,3,3,5
1049,4,1,2,4,1,1,4,4,5,1,1,1,1,6
1050,4,4,6,5,1,1,2,2,1,1,3,3,3,4
1051,7,1,1,4,1,1,4,2,4,1,1,1,2,7
1052,997,2,2,2,1,1,1,6,2,1,1,1,2,2
1053,4,3,2,3,1,1,2,2,9,1,3,3,2,3
1054,7,7,1,1,1,1,1,7,5,1,1,1,1,4
1055,997,4,7,7,1,2,3,1,1,4,3,2,2,4
1056,5,4,2,4,1,1,4,5,2,2,5,4,4,4
1057,3,4,2,4,1,1,4,2,3,1,4,4,1,4
1058,997,3,7,7,4,3,3,1,9,2,7,1,2,3
1059,1,2,2,4,1,1,6,7,4,4,7,4,4,7
1060,7,6,2,4,4,1,3,2,2,1,2,2,2,3
1061,5,1,1,1,1,1,5,1,5,1,2,1,2,1
1062,4,4,5,4,4,2,6,4,3,2,4,2,3,4
1063,4,4,3,5,3,1,3,2,3,2,2,1,2,3
1064,4,2,3,6,1,1,1,1,9,2,7,3,2,2
1065,5,2,1,2,1,1,1,7,4,1,1,2,2,4
1066,4,1,1,1,1,1,1,1,9,1,1,1,2,7
1067,4,3,2,5,1,1,2,3,3,1,5,4,2,3
1068,997,4,7,7,1,4,1,7,9,1,1,1,4,4
1069,5,1,1,4,1,1,3,2,9,2,3,2,2,3
1070,6,3,2,1,2,2,3,3,2,1,2,3,2,2
1071,1,4,6,6,3,3,3,2,3,1,7,3,3,3
1072,997,4,6,6,1,1,4,4,3,1,4,4,3,4
1073,3,4,2,3,1,4,4,3,2,2,5,6,3,3
1074,5,6,3,5,1,1,3,2,1,1,3,2,2,4
1075,3,4,6,6,4,4,2,2,1,2,7,4,5,4
1076,7,1,6,6,4,3,3,1,2,1,1,2,1,4
1077,3,2,3,4,1,3,4,4,2,3,4,3,5,3
1078,6,1,2,4,1,1,3,3,9,1,1,1,2,3
1079,4,4,4,5,1,1,1,1,9,2,1,3,1,5
1080,7,4,5,5,1,1,5,1,1,1,2,1,3,4
1081,6,2,3,3,3,3,3,3,2,2,2,3,3,3
1082,5,2,2,5,1,1,6,7,5,1,2,4,2,2
1083,5,5,7,6,2,2,3,1,2,2,5,5,2,4
1084,3,3,1,4,1,5,3,2,9,3,4,4,3,2
1085,3,3,3,2,1,1,3,1,3,1,3,1,2,6
1086,1,4,1,3,1,1,4,2,2,2,3,3,5,1
1087,7,1,2,1,1,1,7,7,4,1,1,1,1,2
1088,4,1,1,3,1,1,6,6,9,1,3,3,2,4
1089,3,2,6,6,2,2,3,1,3,1,3,3,2,5
1090,7,3,3,5,5,5,5,4,3,2,5,5,3,4
1091,7,2,1,1,2,1,1,2,1,1,2,2,3,2
1092,4,1,1,1,1,2,2,1,3,1,4,3,5,2
1093,7,3,3,3,3,4,3,2,9,2,4,4,3,4
1094,5,1,1,1,1,1,4,2,4,1,3,2,2,2
1095,6,2,1,1,1,2,1,3,1,1,1,1,3,1
1096,4,7,6,6,1,2,4,1,9,1,3,3,1,3
1097,6,1,1,5,1,1,3,6,4,1,1,3,2,5
1098,4,5,3,4,3,2,4,1,9,2,5,3,2,5
1099,5,4,3,3,2,2,3,3,1,1,3,3,3,4
1100,6,1,1,1,3,3,1,1,9,2,1,1,5,1
1101,3,4,4,3,3,4,4,4,9,4,1,3,4,4
1102,1,3,5,2,2,3,2,7,9,2,7,7,5,7
1103,1,1,2,3,1,2,2,7,1,2,2,3,4,7
1104,1,4,6,7,3,1,3,1,2,1,7,1,1,5
1105,2,1,4,5,1,2,2,4,1,2,7,6,4,4
1106,6,3,3,4,3,4,3,4,3,2,3,4,4,4
1107,6,4,3,4,1,1,3,3,3,2,6,5,2,4
1108,5,2,2,6,1,4,3,1,5,4,4,4,2,6
1109,997,4,1,4,1,1,1,7,4,1,1,1,5,4
1110,5,4,2,5,1,2,3,3,2,1,2,3,2,3
1111,5,4,2,4,1,6,2,1,3,1,1,7,1,3
1112,3,4,1,4,7,6,7,7,1,4,7,4,1,1
1113,7,2,2,3,1,2,4,6,9,1,1,2,2,5
1114,6,1,2,4,1,2,2,6,5,1,2,3,4,3
1115,6,1,1,1,1,1,4,5,9,1,1,1,4,4
1116,4,3,6,5,2,1,3,1,9,1,3,3,2,5
1117,5,4,2,5,1,1,3,3,3,1,4,3,3,4
1118,3,4,3,5,1,1,3,2,3,2,2,3,4,3
1119,997,7,7,1,4,4,7,4,1,1,4,4,1,4
1120,5,4,2,4,2,2,2,2,9,2,4,4,2,5
1121,1,4,4,4,4,4,4,4,3,4,4,4,2,4
1122,997,5,6,6,2,2,2,2,9,1,1,1,2,4
1123,1,6,2,3,7,5,7,5,9,4,7,7,3,4
1124,3,1,3,5,1,1,3,4,2,2,3,4,3,4
1125,4,1,4,4,2,2,2,2,3,1,2,2,3,4
1126,7,2,2,4,1,3,4,2,5,1,1,6,3,6
1127,7,1,1,1,1,2,4,6,3,1,2,2,2,5
1128,6,2,4,4,1,1,3,2,3,1,2,2,3,4
1129,5,1,1,2,1,3,4,6,9,1,1,1,3,3
1130,4,1,7,7,1,1,1,5,3,1,2,1,2,6
1131,7,1,1,1,2,1,2,1,9,2,1,2,2,3
1132,5,4,3,5,2,2,3,3,9,2,3,3,2,4
1133,3,4,2,5,1,2,3,1,1,2,3,4,1,3
1134,5,1,2,2,1,1,7,5,9,1,1,2,2,6
1135,7,3,3,5,2,4,1,3,9,3,3,2,2,5
1136,5,4,5,4,2,1,2,2,2,2,1,3,5,4
1137,5,1,1,2,1,2,3,2,5,2,4,3,3,2
1138,4,1,1,2,4,4,4,2,1,4,4,4,4,1
1139,997,4,4,4,4,4,4,4,3,2,4,4,3,4
1140,1,7,1,2,4,3,1,1,3,3,7,7,5,1
1141,5,4,3,5,1,1,2,2,2,1,2,2,2,2
1142,6,1,2,4,1,1,3,6,4,1,1,1,3,4
1143,5,1,6,6,1,1,2,1,1,1,2,2,1,4
1144,4,4,4,4,2,2,4,2,3,2,2,3,1,4
1145,4,4,3,4,4,4,4,4,9,2,4,4,3,4
1146,5,4,4,5,1,2,3,3,2,1,1,2,2,4
1147,3,7,2,4,1,1,4,2,9,2,3,3,2,4
1148,997,4,4,4,4,4,4,7,9,1,4,4,3,1
1149,7,4,4,3,1,2,3,2,1,1,5,3,3,4
1150,7,4,3,4,3,3,2,2,3,1,3,4,3,4
1151,4,4,2,4,1,1,3,1,3,1,1,1,2,4
1152,997,1,6,6,1,1,7,1,1,1,1,1,2,6
1153,5,1,1,3,1,1,3,5,4,1,2,3,1,6
1154,4,2,2,6,1,3,4,5,3,2,2,3,3,3
1155,7,4,2,4,1,1,5,6,9,1,1,1,2,4
1156,7,2,1,1,2,2,1,2,2,2,1,2,2,2
1157,5,2,2,4,1,1,2,1,9,1,2,1,4,4
1158,6,2,2,2,1,1,4,3,4,1,1,1,3,4
1159,2,2,3,4,1,2,3,1,9,2,4,4,3,3
1160,4,4,4,4,4,4,4,4,9,1,3,3,3,4
1161,6,5,6,6,3,3,2,2,4,1,4,3,2,4
1162,5,3,3,4,1,4,4,1,3,1,5,5,1,3
1163,6,6,2,4,6,6,6,1,3,1,3,6,2,2
1164,6,2,2,2,1,4,3,5,5,1,1,3,1,4
1165,997,2,4,4,1,1,3,3,4,2,3,3,3,4
1166,7,2,3,4,1,1,5,3,4,1,1,1,1,4
1167,6,4,3,4,1,1,3,7,9,3,2,3,3,3
1168,7,1,5,5,1,1,5,1,4,2,4,1,2,1
1169,997,4,4,4,4,4,4,1,1,1,5,1,5,1
1170,7,3,6,3,6,1,1,1,1,1,1,1,5,6
1171,4,2,2,4,2,2,4,2,4,1,3,3,2,3
1172,6,1,1,1,1,2,2,6,2,1,2,2,3,2
1173,3,1,2,3,4,4,3,2,9,4,3,3,3,2
1174,1,1,2,4,2,2,3,2,2,2,3,3,3,4
1175,7,1,4,2,1,1,1,6,5,1,1,1,1,6
1176,6,4,1,2,1,1,3,6,4,1,1,1,3,3
1177,5,4,4,6,1,5,4,3,1,4,2,5,2,3
1178,6,7,7,7,7,7,1,4,1,1,1,1,1,1
1179,2,4,4,6,1,3,4,6,1,2,5,5,4,3
1180,7,1,4,4,1,1,3,4,3,1,1,1,3,4
1181,3,6,3,2,4,2,2,2,4,2,3,2,2,2
1182,6,4,3,4,1,3,4,3,9,1,3,3,2,4
1183,5,4,2,4,1,1,5,2,9,2,2,1,3,4
1184,1,7,2,7,7,7,1,1,9,2,7,7,5,7
1185,5,1,1,3,1,1,4,6,9,1,2,2,2,6
1186,3,1,2,4,1,2,4,3,2,1,5,4,1,4
1187,5,6,3,4,1,1,2,3,1,1,1,3,2,4
1188,4,4,3,4,1,2,2,4,9,1,2,1,2,6
1189,7,4,7,5,4,5,3,1,1,1,1,3,2,2
1190,4,4,4,7,4,4,5,3,3,1,3,3,1,6
1191,5,1,2,5,1,3,3,7,9,1,1,3,2,4
1192,3,4,3,4,1,5,4,7,5,2,3,3,3,1
1193,6,2,4,4,1,1,3,4,5,1,1,4,4,2
1194,7,1,1,1,1,1,1,2,2,2,1,2,3,1
1195,5,2,6,5,1,1,3,7,1,2,3,3,3,4
1196,4,2,3,3,2,2,4,5,3,2,3,3,3,3
1197,4,4,2,3,2,3,2,2,1,1,3,3,3,3
1198,6,1,2,3,4,1,5,7,9,1,2,2,2,4
1199,6,3,4,4,1,2,4,7,4,2,6,6,3,4
1200,6,1,7,6,1,1,1,2,9,1,1,1,1,7
