caseid,follow,compromise,reg,demcand,repcand
1,1,1,1,1,6
2,2,1,2,1,1
3,1,2,1,5,9
4,1,1,1,1,11
5,1,2,1,5,4
6,1,2,1,2,7
7,1,1,1,3,7
8,1,1,1,2,9
9,1,2,1,5,4
10,1,1,1,3,6
11,1,1,1,5,4
12,1,1,1,4,9
13,1,1,1,3,11
14,1,1,1,4,4
15,1,2,1,5,2
16,2,2,3,4,7
17,1,1,1,1,4
18,1,1,1,3,6
19,1,2,1,5,4
20,1,1,1,1,11
21,1,1,1,1,1
22,1,2,1,3,2
23,1,1,1,3,6
24,1,1,1,3,11
25,1,1,1,3,6
26,1,1,1,1,8
27,1,1,1,5,8
28,1,1,1,3,11
29,2,2,1,3,11
30,1,1,1,1,11
31,1,1,1,1,11
32,1,1,1,3,11
33,3,2,2,5,11
34,1,2,1,5,5
35,1,1,1,1,6
36,1,1,1,3,11
37,1,1,1,1,11
38,2,1,2,3,7
39,1,1,1,4,6
40,2,2,1,2,2
41,1,1,1,1,9
42,2,1,1,1,11
43,2,1,1,5,4
44,1,1,1,1,4
45,1,1,1,1,6
46,1,1,1,3,11
47,1,2,1,1,1
48,1,1,1,3,7
49,1,1,1,3,11
50,1,2,1,4,4
51,3,1,1,1,11
52,1,1,1,3,6
53,1,1,1,4,3
54,1,1,1,1,11
55,2,2,1,5,9
56,2,1,1,3,11
57,1,2,1,2,9
58,1,1,1,1,10
59,2,1,1,3,7
60,1,1,1,2,6
61,1,1,1,4,10
62,4,1,1,2,2
63,1,1,1,3,6
64,2,1,1,5,8
65,2,1,1,3,10
66,1,1,1,2,6
67,1,1,1,3,8
68,1,1,1,3,11
69,1,2,1,5,2
70,1,2,1,5,9
71,2,1,1,5,9
72,1,1,1,1,11
73,1,1,1,3,7
74,1,2,1,5,9
75,1,1,1,1,6
76,2,1,1,5,9
77,1,1,1,1,11
78,1,2,1,5,4
79,1,2,1,5,4
80,1,2,1,3,9
81,1,1,1,3,9
82,3,1,2,5,11
83,2,2,1,1,11
84,2,2,1,1,11
85,1,1,1,3,7
86,2,2,1,5,4
87,2,1,1,3,11
88,4,1,1,5,9
89,1,1,1,4,9
90,1,2,1,5,9
91,1,1,1,3,6
92,1,1,1,3,11
93,1,2,1,5,9
94,1,1,1,3,11
95,1,1,1,3,11
96,3,1,1,1,5
97,1,2,1,5,4
98,3,2,1,4,9
99,1,1,1,1,11
100,1,1,1,5,9
101,1,1,1,3,11
102,1,2,1,4,9
103,1,2,1,1,11
104,1,1,1,1,11
105,2,2,1,3,7
106,2,2,1,3,11
107,1,2,1,2,7
108,1,1,1,1,11
109,1,1,1,1,8
110,2,2,1,4,4
111,1,2,1,5,9
112,1,1,1,1,11
113,1,1,1,5,9
114,1,2,1,2,9
115,2,1,1,1,8
116,2,2,3,5,9
117,1,1,1,2,11
118,2,1,1,3,10
119,3,1,1,2,3
120,1,1,1,3,10
121,2,2,1,4,9
122,2,2,1,5,2
123,1,1,1,2,4
124,3,2,1,5,1
125,2,2,2,5,11
126,1,2,1,3,11
127,2,2,1,1,2
128,2,2,1,2,9
129,2,1,1,3,9
130,1,1,1,1,6
131,1,2,1,3,11
132,2,1,1,1,2
133,2,2,1,3,9
134,2,2,1,5,9
135,2,2,1,1,11
136,2,1,1,1,9
137,1,1,1,5,9
138,4,1,1,5,1
139,3,2,1,3,4
140,1,2,1,3,8
141,3,2,1,3,4
142,1,2,1,5,8
143,1,2,1,1,3
144,1,2,1,1,8
145,4,1,1,1,1
146,3,1,2,5,10
147,1,1,1,1,8
148,3,2,1,5,8
149,2,2,1,2,2
150,1,1,1,3,11
151,1,1,1,3,9
152,3,1,1,3,9
153,2,1,1,5,4
154,2,2,1,5,8
155,1,2,1,2,9
156,3,1,2,1,11
157,1,2,1,1,11
158,1,1,1,3,8
159,2,1,1,5,11
160,1,1,1,3,11
161,2,2,1,5,10
162,2,2,1,3,4
163,2,1,1,1,3
164,1,1,1,1,4
165,3,2,1,5,11
166,1,1,1,2,2
167,1,2,1,4,2
168,2,1,2,5,11
169,1,2,1,4,11
170,2,2,1,3,1
171,1,2,1,4,4
172,1,1,1,4,9
173,1,1,1,1,6
174,1,2,1,5,9
175,1,1,1,3,11
176,2,2,1,5,9
177,1,2,1,5,3
178,1,1,1,3,1
179,1,1,1,3,9
180,2,1,2,1,9
181,1,2,1,5,4
182,2,2,1,2,9
183,1,1,1,2,3
184,3,2,1,3,11
185,1,1,1,3,8
186,1,1,1,3,10
187,1,1,1,3,11
188,1,2,1,5,9
189,1,2,1,5,4
190,2,2,1,5,11
191,1,1,1,3,10
192,1,1,1,3,11
193,1,1,1,5,3
194,1,1,1,1,7
195,1,2,1,5,4
196,1,2,1,5,4
197,2,2,1,5,9
198,1,1,1,5,9
199,2,2,1,3,11
200,1,2,1,5,9
201,1,1,1,5,9
202,2,1,1,1,9
203,1,1,1,3,2
204,2,2,1,1,9
205,2,2,1,5,2
206,3,1,1,5,9
207,2,1,1,1,11
208,1,1,1,5,9
209,2,2,1,3,11
210,2,2,1,5,9
211,1,2,1,2,9
212,2,2,1,3,9
213,3,1,3,3,11
214,2,1,1,1,11
215,1,2,1,2,9
216,1,1,1,3,11
217,1,2,1,2,1
218,1,1,1,5,1
219,1,1,1,2,9
220,1,2,1,5,4
221,1,1,1,5,8
222,2,1,1,3,11
223,1,1,1,3,2
224,1,1,1,1,11
225,2,1,1,1,11
226,1,2,1,5,4
227,1,1,1,3,8
228,1,1,1,5,9
229,1,1,1,3,11
230,1,2,1,2,9
231,2,2,1,3,10
232,1,1,1,2,9
233,2,1,1,3,3
234,1,2,1,5,4
235,1,2,1,2,5
236,1,2,1,3,11
237,1,1,1,1,11
238,1,2,1,3,4
239,1,2,1,5,9
240,1,2,1,3,9
241,1,1,1,1,11
242,1,2,1,3,4
243,1,1,1,2,7
244,1,1,1,2,8
245,2,2,1,5,8
246,1,1,1,3,6
247,1,1,1,1,8
248,4,1,1,1,7
249,3,2,1,1,11
250,1,1,1,1,5
251,1,2,1,5,4
252,3,1,1,1,1
253,1,1,1,3,8
254,1,1,1,5,9
255,2,1,1,1,11
256,2,1,1,1,11
257,4,2,1,5,4
258,3,2,1,3,1
259,1,1,1,3,11
260,1,1,1,1,11
261,1,1,1,4,8
262,2,1,1,1,8
263,1,2,1,4,2
264,1,2,1,2,8
265,1,1,1,3,9
266,1,1,1,1,1
267,1,1,1,1,10
268,2,2,1,3,11
269,2,1,1,3,6
270,1,1,1,3,7
271,1,1,1,3,8
272,2,1,1,5,4
273,1,2,1,5,7
274,1,2,1,5,3
275,1,1,1,1,6
276,2,2,1,4,9
277,1,2,1,3,11
278,1,1,1,3,8
279,1,2,1,5,9
280,1,1,1,5,1
281,2,1,2,5,9
282,2,2,1,5,9
283,1,2,1,1,11
284,1,1,1,1,2
285,1,1,1,3,9
286,2,1,1,5,8
287,3,1,1,1,1
288,2,1,1,2,3
289,2,1,1,3,9
290,2,1,1,5,9
291,4,1,2,1,11
292,1,2,1,5,9
293,1,1,1,3,3
294,3,2,1,5,11
295,1,1,1,5,9
296,2,1,1,5,4
297,1,1,1,1,10
298,4,2,1,5,9
299,2,1,1,3,11
300,1,1,1,5,8
301,1,1,1,3,7
302,2,1,1,1,11
303,1,2,1,5,8
304,1,2,1,5,9
305,2,1,1,5,11
306,2,2,1,1,11
307,1,2,1,5,9
308,1,2,1,3,4
309,2,2,1,5,7
310,2,2,1,3,7
311,1,1,1,3,10
312,1,2,1,5,9
313,1,1,1,2,11
314,1,1,1,2,9
315,1,2,2,1,11
316,1,2,1,5,9
317,1,1,1,1,11
318,1,2,1,5,2
319,1,1,1,1,3
320,3,2,1,1,11
321,3,2,1,1,11
322,1,1,1,5,8
323,2,2,1,4,11
324,2,2,1,1,9
325,1,2,1,5,8
326,2,1,1,3,7
327,1,1,1,1,3
328,1,1,1,1,3
329,3,2,1,5,11
330,1,1,1,1,11
331,1,1,1,2,4
332,1,1,1,1,1
333,1,2,1,5,9
334,1,1,1,3,9
335,2,2,1,1,9
336,1,2,1,5,7
337,1,2,1,5,4
338,1,2,1,5,8
339,2,1,1,3,11
340,1,1,1,1,6
341,2,1,1,1,8
342,1,2,2,1,9
343,1,1,1,5,6
344,1,1,1,5,5
345,1,1,1,3,6
346,1,1,1,3,9
347,3,2,1,3,1
348,1,1,1,3,11
349,2,2,1,5,9
350,1,1,1,5,9
351,1,2,1,3,11
352,1,2,1,5,9
353,2,1,1,1,9
354,3,1,2,1,5
355,2,1,1,3,11
356,1,2,1,4,5
357,1,1,1,3,3
358,2,2,1,4,4
359,1,2,1,1,8
360,1,1,1,3,4
361,1,2,1,3,11
362,1,2,2,5,11
363,3,1,1,4,11
364,1,1,1,5,9
365,1,1,1,5,8
366,1,1,1,5,4
367,1,1,1,1,11
368,3,1,1,4,10
369,2,2,1,1,9
370,1,2,1,1,11
371,1,2,1,5,4
372,1,2,1,5,4
373,1,2,1,5,8
374,4,2,1,4,7
375,2,1,1,1,11
376,1,1,1,5,9
377,1,1,1,3,7
378,2,1,1,5,9
379,1,1,1,5,4
380,1,2,1,5,4
381,1,2,1,1,11
382,1,1,1,1,11
383,2,1,1,4,11
384,1,1,1,1,11
385,1,1,1,1,9
386,2,1,1,1,9
387,4,1,1,5,11
388,2,1,1,3,3
389,1,1,1,5,9
390,1,1,1,1,7
391,2,2,1,3,11
392,2,1,1,1,11
393,2,2,1,5,11
394,1,2,1,5,4
395,1,1,1,2,8
396,1,1,1,2,9
397,1,2,1,4,4
398,1,1,1,3,11
399,2,2,1,2,9
400,1,2,1,4,9
401,1,2,1,1,11
402,1,1,1,5,8
403,2,2,1,1,11
404,1,1,1,5,9
405,4,1,1,1,1
406,1,1,1,3,11
407,1,2,1,5,4
408,3,2,1,3,4
409,1,2,1,3,4
410,1,2,1,4,9
411,1,1,1,3,11
412,1,2,1,5,5
413,1,2,1,5,5
414,1,1,1,5,9
415,1,2,1,3,11
416,1,2,1,1,11
417,2,1,2,5,9
418,1,2,1,2,9
419,1,2,1,4,8
420,1,2,1,2,4
421,2,1,1,3,3
422,1,2,1,1,2
423,3,1,3,5,11
424,2,2,1,5,9
425,2,2,1,4,10
426,1,1,1,3,10
427,1,1,1,3,7
428,1,1,1,5,11
429,3,1,1,3,5
430,2,1,1,3,11
431,1,2,1,2,4
432,2,1,1,1,11
433,1,1,1,2,8
434,1,1,1,3,11
435,3,1,1,5,11
436,1,1,1,3,8
437,2,1,1,5,9
438,1,1,1,3,6
439,1,1,1,5,9
440,1,2,1,4,9
441,2,1,1,5,2
442,1,1,1,1,11
443,3,1,1,5,9
444,1,1,1,5,7
445,1,1,1,2,6
446,1,2,1,3,11
447,1,2,1,5,9
448,2,1,1,1,3
449,1,2,1,5,4
450,3,1,1,1,11
451,1,1,1,2,9
452,1,2,1,2,4
453,4,2,1,3,11
454,1,2,1,3,9
455,2,1,2,1,11
456,1,1,1,3,11
457,1,1,1,4,2
458,2,1,1,5,11
459,1,1,1,1,11
460,1,1,1,5,1
461,2,1,1,1,1
462,2,2,2,1,3
463,1,1,1,1,7
464,1,1,1,1,9
465,1,2,1,5,7
466,1,2,1,3,11
467,1,1,1,5,11
468,1,2,1,5,2
469,1,1,1,1,11
470,1,1,1,3,2
471,2,2,1,4,4
472,1,2,1,5,9
473,1,2,1,5,5
474,2,2,1,3,2
475,1,2,1,1,6
476,2,2,1,5,2
477,1,2,1,2,9
478,1,1,1,2,6
479,1,2,1,4,8
480,2,1,3,1,11
481,1,1,1,3,8
482,3,2,1,1,9
483,1,1,1,1,11
484,3,2,1,5,2
485,1,2,1,1,4
486,1,2,1,2,4
487,3,1,1,1,4
488,1,2,1,5,7
489,1,1,1,1,1
490,1,2,1,5,7
491,1,1,1,3,9
492,3,2,1,5,9
493,2,1,1,5,9
494,2,2,2,1,4
495,2,2,1,1,9
496,3,2,1,5,9
497,1,2,1,3,11
498,1,1,1,1,11
499,1,1,1,1,6
500,2,1,1,3,1
501,3,1,2,5,11
502,1,2,1,1,3
503,1,1,1,1,5
504,1,2,1,5,2
505,1,1,1,1,7
506,1,1,1,1,11
507,1,2,2,5,9
508,2,1,1,3,11
509,3,1,1,1,9
510,1,2,1,4,4
511,1,2,1,5,9
512,1,2,1,2,9
513,1,2,2,5,11
514,1,2,1,5,4
515,1,2,1,2,4
516,1,1,1,2,8
517,2,1,1,5,9
518,1,1,1,2,6
519,1,1,1,5,10
520,2,1,1,1,11
521,1,2,1,5,9
522,1,2,1,4,9
523,1,1,1,1,11
524,1,2,1,5,9
525,1,1,1,1,1
526,1,2,1,1,11
527,1,2,1,4,4
528,2,2,1,3,11
529,1,1,1,1,11
530,2,1,1,2,8
531,1,2,1,4,9
532,3,1,1,5,11
533,1,1,1,5,2
534,2,1,1,2,4
535,2,2,2,4,4
536,1,1,1,2,2
537,1,1,1,1,11
538,2,1,3,5,9
539,3,1,1,3,4
540,2,2,1,3,11
541,2,2,1,4,2
542,1,1,1,3,11
543,3,2,1,1,11
544,1,1,1,5,8
545,2,2,2,5,9
546,1,1,1,1,6
547,2,1,1,5,8
548,2,1,1,2,7
549,1,2,1,1,11
550,2,2,1,3,1
551,1,1,1,3,3
552,3,1,1,1,9
553,2,1,1,5,2
554,1,1,1,3,6
555,1,2,1,1,11
556,1,1,1,5,2
557,1,1,1,1,9
558,2,1,1,3,9
559,1,1,1,3,8
560,1,1,1,3,6
561,1,1,1,1,1
562,1,1,1,1,1
563,1,1,1,2,6
564,2,1,1,3,7
565,1,1,1,1,11
566,2,1,1,3,11
567,2,1,1,3,9
568,4,2,1,5,3
569,1,1,1,1,11
570,1,1,1,5,9
571,2,2,1,5,9
572,1,1,1,5,8
573,2,2,1,1,11
574,3,1,1,3,8
575,2,2,1,1,11
576,2,1,1,3,11
577,1,2,1,5,9
578,3,1,2,4,9
579,1,1,1,4,9
580,1,1,1,8,3
581,1,2,1,3,11
582,1,1,1,5,3
583,1,2,1,5,11
584,1,2,1,5,4
585,3,1,1,1,11
586,1,1,1,3,11
587,1,1,1,1,8
588,3,2,1,3,11
589,1,1,1,1,11
590,2,1,1,3,11
591,2,1,1,3,9
592,1,1,1,1,9
593,1,2,2,5,11
594,1,2,1,3,9
595,1,1,1,2,4
596,3,2,2,5,11
597,3,2,1,5,9
598,1,1,1,1,9
599,3,1,1,1,11
600,3,2,1,5,8
601,1,1,1,1,9
602,1,1,1,3,11
603,2,1,1,5,9
604,2,1,1,1,11
605,2,1,1,3,11
606,4,1,1,5,11
607,2,1,1,3,8
608,2,2,1,5,9
609,1,1,1,3,2
610,1,1,1,1,2
611,1,1,1,5,8
612,1,2,2,1,10
613,1,1,1,3,11
614,1,2,1,1,11
615,3,1,1,1,11
616,2,1,1,1,11
617,2,1,1,1,2
618,1,1,1,1,8
619,3,2,2,5,11
620,2,2,1,3,6
621,1,1,3,1,9
622,1,1,1,3,11
623,2,1,1,5,9
624,2,2,1,5,11
625,3,1,2,3,4
626,2,1,1,3,3
627,1,1,1,3,9
628,4,2,2,5,11
629,2,2,1,5,9
630,3,1,1,5,5
631,1,2,1,3,9
632,1,1,1,3,11
633,1,1,1,5,9
634,1,1,1,5,4
635,4,2,2,5,9
636,1,1,1,1,11
637,1,1,2,5,11
638,1,2,1,5,4
639,1,2,1,5,1
640,2,1,1,1,9
641,3,2,3,5,11
642,2,1,1,1,11
643,2,2,1,1,9
644,4,1,1,3,11
645,3,2,1,3,2
646,2,2,1,1,11
647,4,2,2,5,11
648,1,1,1,1,7
649,1,1,1,1,1
650,2,1,1,3,9
651,2,1,1,1,11
652,2,2,1,5,2
653,1,2,1,5,9
654,2,1,1,1,9
655,3,2,2,3,7
656,2,1,1,1,11
657,2,1,1,1,11
658,2,2,1,3,6
659,3,1,2,5,11
660,1,2,1,5,4
661,4,2,1,1,4
662,1,2,1,1,7
663,2,2,1,1,1
664,2,1,1,3,7
665,2,2,1,3,9
666,1,2,1,5,4
667,4,1,1,3,9
668,2,1,1,1,11
669,1,2,1,1,6
670,3,1,1,5,9
671,1,2,1,1,1
672,2,1,1,1,1
673,3,1,1,4,10
674,2,2,1,3,7
675,1,1,1,1,6
676,1,1,1,1,11
677,1,1,1,1,11
678,2,1,1,1,11
679,1,1,2,1,2
680,3,1,1,5,11
681,1,1,1,5,9
682,1,1,1,3,9
683,1,2,1,1,2
684,2,1,1,3,11
685,2,1,2,3,1
686,1,1,1,1,9
687,3,1,2,1,11
688,1,2,1,5,9
689,1,2,1,1,11
690,2,1,1,5,9
691,1,2,1,3,11
692,1,2,1,1,8
693,1,1,1,4,9
694,1,1,1,3,9
695,1,1,2,1,9
696,1,2,1,5,9
697,3,1,1,1,1
698,2,2,1,5,4
699,1,2,1,2,7
700,1,2,1,5,9
701,1,2,1,5,4
702,3,2,1,1,4
703,2,1,2,1,11
704,1,1,1,3,7
705,1,1,1,1,3
706,2,1,1,1,6
707,1,1,1,1,11
708,2,2,2,1,11
709,1,2,1,5,8
710,1,2,1,5,9
711,2,2,1,5,4
712,2,1,1,3,8
713,1,1,1,2,6
714,2,2,1,3,1
715,2,2,2,1,1
716,3,1,1,3,9
717,2,1,1,5,4
718,1,1,1,1,11
719,1,2,1,5,9
720,4,2,1,1,2
721,2,2,1,5,2
722,3,2,1,1,2
723,1,2,1,5,9
724,1,2,1,5,4
725,2,2,1,3,1
726,2,2,1,5,9
727,4,2,2,5,11
728,1,2,1,5,4
729,3,2,2,3,11
730,2,2,1,1,11
731,2,1,1,3,7
732,1,1,1,5,6
733,1,1,1,1,9
734,1,1,1,5,11
735,3,1,2,3,9
736,2,2,1,1,4
737,1,1,1,3,4
738,2,1,1,3,11
739,2,1,1,1,11
740,2,1,1,3,11
741,1,2,1,2,4
742,3,2,1,1,11
743,1,1,1,1,9
744,2,2,1,1,8
745,3,1,2,5,8
746,3,1,2,1,9
747,1,2,1,3,11
748,2,2,1,3,3
749,3,2,1,5,9
750,2,1,1,5,4
751,2,1,1,3,11
752,1,1,1,5,8
753,3,2,2,5,11
754,4,2,1,1,9
755,1,2,1,3,11
756,4,2,1,1,9
757,1,1,1,1,11
758,2,1,3,4,9
759,1,1,1,5,10
760,1,1,1,3,11
761,2,1,1,1,11
762,1,2,1,1,2
763,1,1,1,3,3
764,2,1,2,1,11
765,1,2,1,5,4
766,2,2,1,3,11
767,2,1,2,1,1
768,3,2,1,5,9
769,4,1,2,1,11
770,1,1,1,3,10
771,3,1,1,4,3
772,3,1,1,1,11
773,3,1,1,3,9
774,1,1,1,1,11
775,1,2,1,5,1
776,3,1,1,1,9
777,3,2,1,5,2
778,2,1,1,3,9
779,2,1,1,3,6
780,3,1,2,1,11
781,1,1,1,5,9
782,1,1,1,4,9
783,2,1,1,3,10
784,2,2,1,1,11
785,1,2,1,1,5
786,3,1,1,2,6
787,2,1,1,1,9
788,2,2,1,1,3
789,4,1,1,1,11
790,3,1,1,4,2
791,1,2,1,5,9
792,1,2,1,4,3
793,2,1,1,1,3
794,3,2,1,5,1
795,4,1,1,1,11
796,1,2,1,5,9
797,2,2,1,1,11
798,1,1,1,3,1
799,1,1,1,1,9
800,1,1,1,1,5
801,1,1,1,4,11
802,4,1,2,5,9
803,1,1,1,4,5
804,2,2,1,3,11
805,2,1,1,3,11
806,4,1,2,1,11
807,3,1,1,3,1
808,3,2,2,3,11
809,2,2,1,1,11
810,2,2,1,5,2
811,3,1,2,3,2
812,4,2,1,3,7
813,1,2,1,1,9
814,1,1,1,1,8
815,2,1,1,3,6
816,2,2,1,2,4
817,4,1,2,1,11
818,2,2,1,3,11
819,2,1,1,3,1
820,2,1,1,1,11
821,2,2,1,5,2
822,2,1,1,1,11
823,4,1,2,5,11
824,3,1,2,1,4
825,2,2,1,1,1
826,2,2,1,3,8
827,3,2,1,5,11
828,2,2,1,3,5
829,2,1,1,1,6
830,2,1,1,1,11
831,4,1,2,1,1
832,1,1,1,2,6
833,2,2,2,3,11
834,2,2,1,5,2
835,2,1,1,1,2
836,1,1,1,3,9
837,1,1,1,3,3
838,2,2,1,5,1
839,1,1,2,3,11
840,3,2,1,1,11
841,3,2,2,1,9
842,2,1,1,1,9
843,2,1,2,1,2
844,4,2,1,1,6
845,4,2,1,1,11
846,3,1,3,2,3
847,2,1,3,1,1
848,2,1,1,3,7
849,2,2,2,5,9
850,1,1,1,5,9
851,1,1,1,2,6
852,3,1,1,3,2
853,2,1,1,3,9
854,1,1,1,1,11
855,3,2,3,1,11
856,2,1,2,3,11
857,2,1,1,3,9
858,3,2,1,5,9
859,1,1,1,4,10
860,1,1,1,3,11
861,2,1,1,1,11
862,1,1,1,3,7
863,1,1,2,3,11
864,3,2,1,3,11
865,3,1,1,5,11
866,3,2,2,5,2
867,4,1,2,1,9
868,3,1,1,5,8
869,2,1,1,4,9
870,1,1,1,3,7
871,3,2,2,1,11
872,2,1,2,5,1
873,2,1,1,3,11
874,4,1,1,1,11
875,1,2,1,5,9
876,1,2,1,3,11
877,1,1,1,1,6
878,3,2,1,5,4
879,3,1,1,3,7
880,2,1,1,1,6
881,1,1,1,2,6
882,2,2,1,3,5
883,2,1,1,1,1
884,1,1,1,3,11
885,2,2,1,3,9
886,1,2,1,3,9
887,4,2,2,5,9
888,2,1,1,1,9
889,1,1,1,3,9
890,1,1,1,1,6
891,1,1,1,3,10
892,1,1,1,1,1
893,2,1,1,3,6
894,1,2,1,5,9
895,1,2,1,3,5
896,1,1,1,3,1
897,1,1,1,3,6
898,1,2,1,2,8
899,2,1,1,2,8
900,1,1,1,3,11
901,1,1,1,3,7
902,2,1,1,3,1
903,2,1,1,5,4
904,2,2,1,3,11
905,2,1,2,5,9
906,4,1,2,5,11
907,1,2,1,2,3
908,3,2,2,1,11
909,1,2,1,5,4
910,2,2,2,3,11
911,3,2,2,3,9
912,1,1,1,1,6
913,1,2,1,4,4
914,2,1,1,2,4
915,1,1,1,5,9
916,1,2,1,2,5
917,3,2,1,5,9
918,2,2,1,3,1
919,2,1,1,5,4
920,3,1,2,3,11
921,2,2,1,3,4
922,1,2,1,3,4
923,1,2,1,3,9
924,1,1,1,3,11
925,2,1,3,1,4
926,2,1,1,3,11
927,1,1,1,2,11
928,2,2,1,3,9
929,1,2,1,2,9
930,2,1,1,1,4
931,2,1,1,5,11
932,3,1,3,3,1
933,3,1,1,3,11
934,4,2,1,1,11
935,4,2,2,3,11
936,2,1,1,5,9
937,1,1,1,3,8
938,1,1,1,2,9
939,2,2,2,5,11
940,3,2,1,3,2
941,4,2,1,5,11
942,2,1,1,3,4
943,2,1,2,5,10
944,2,1,1,1,9
945,2,1,1,1,9
946,4,1,1,3,11
947,2,1,1,1,11
948,1,2,3,4,5
949,3,2,1,4,2
950,1,1,1,5,8
951,1,1,1,3,7
952,1,2,1,3,9
953,2,2,1,4,9
954,1,2,1,3,11
955,2,1,1,3,7
956,2,2,2,3,11
957,3,2,1,3,9
958,1,1,1,3,6
959,4,1,2,3,2
960,3,1,1,5,11
961,1,2,1,3,9
962,3,2,3,1,10
963,2,1,1,3,11
964,4,2,2,5,11
965,1,1,1,1,6
966,4,2,3,5,11
967,2,2,1,3,11
968,1,1,1,3,11
969,1,2,1,3,11
970,2,1,1,3,8
971,2,1,1,3,8
972,3,2,2,3,11
973,1,1,1,1,3
974,1,1,1,1,8
975,1,1,1,3,7
976,1,2,1,3,11
977,1,1,1,1,8
978,1,2,1,2,6
979,1,2,1,3,10
980,1,2,1,3,7
981,1,2,1,3,11
982,4,2,2,1,11
983,1,2,1,5,9
984,1,2,1,5,4
985,4,1,2,5,9
986,1,2,1,2,9
987,1,1,1,5,9
988,1,2,1,3,11
989,3,2,1,5,11
990,1,1,3,3,8
991,1,2,1,5,8
992,1,1,1,1,6
993,1,2,1,5,9
994,1,1,1,1,11
995,2,1,1,1,4
996,1,2,1,5,9
997,1,2,1,1,11
998,3,2,2,5,11
999,1,1,1,1,9
1000,1,1,1,1,11
1001,2,2,1,3,1
1002,1,2,1,5,4
1003,2,1,1,3,9
1004,1,2,1,3,9
1005,4,1,2,1,8
1006,3,1,1,3,4
1007,3,2,1,5,6
1008,2,2,1,3,7
1009,1,1,1,1,6
1010,2,1,1,3,1
1011,3,1,1,1,11
1012,3,2,1,5,4
1013,1,1,1,3,11
1014,1,1,1,3,11
1015,2,2,1,3,3
1016,3,2,1,1,1
1017,1,2,1,3,9
1018,2,2,3,1,11
1019,2,2,1,1,2
1020,2,1,1,3,7
1021,2,2,3,3,11
1022,2,2,1,1,11
1023,3,1,1,3,11
1024,2,1,1,3,6
1025,2,2,2,1,4
1026,2,1,1,3,9
1027,2,1,2,1,11
1028,1,1,1,1,9
1029,4,1,2,1,11
1030,1,1,1,3,6
1031,3,1,1,3,11
1032,4,1,2,5,11
1033,3,2,1,2,2
1034,3,1,1,1,4
1035,1,2,1,5,9
1036,1,2,1,2,9
1037,2,1,2,1,1
1038,2,2,1,3,6
1039,3,2,1,4,9
1040,2,2,1,3,11
1041,2,1,1,3,6
1042,1,1,1,1,1
1043,1,1,1,1,4
1044,2,1,1,3,1
1045,1,1,1,1,9
1046,2,1,1,1,7
1047,2,1,2,5,9
1048,2,1,1,5,9
1049,1,1,1,3,10
1050,3,2,1,5,9
1051,1,1,1,3,11
1052,3,1,1,3,11
1053,2,2,1,3,10
1054,4,1,1,3,11
1055,2,1,1,5,1
1056,3,1,1,5,4
1057,1,2,1,3,8
1058,2,2,3,5,9
1059,1,1,2,5,7
1060,3,2,2,3,4
1061,2,1,1,3,4
1062,2,2,1,3,9
1063,4,2,2,5,11
1064,1,2,1,3,9
1065,3,2,1,3,2
1066,3,1,1,3,11
1067,4,1,2,3,1
1068,3,1,1,1,11
1069,2,1,1,3,1
1070,1,1,1,1,2
1071,2,2,1,3,9
1072,4,2,2,5,11
1073,2,2,1,5,2
1074,2,1,1,5,6
1075,1,2,1,5,2
1076,2,2,1,5,9
1077,4,2,1,3,3
1078,3,1,1,3,11
1079,3,2,1,5,9
1080,2,1,2,5,11
1081,2,2,3,1,10
1082,1,1,1,3,3
1083,2,2,1,3,9
1084,2,1,1,3,3
1085,2,1,2,1,9
1086,4,2,2,3,9
1087,1,2,2,3,6
1088,3,1,1,3,11
1089,2,1,1,1,11
1090,2,1,2,1,10
1091,1,1,1,1,9
1092,1,1,2,1,8
1093,2,2,2,1,9
1094,3,1,1,3,11
1095,1,1,1,1,8
1096,1,2,1,3,9
1097,1,1,1,3,9
1098,2,2,1,5,7
1099,3,1,2,1,1
1100,1,1,1,1,9
1101,2,2,2,1,2
1102,1,1,2,5,8
1103,1,1,2,1,11
1104,2,1,1,5,9
1105,1,2,1,4,8
1106,3,2,1,1,2
1107,3,1,1,1,11
1108,2,1,1,5,11
1109,3,2,1,1,11
1110,1,2,2,1,1
1111,3,1,3,2,3
1112,1,2,1,3,4
1113,1,2,1,3,6
1114,1,1,1,1,11
1115,2,1,1,3,11
1116,2,1,3,5,9
1117,1,2,1,5,4
1118,2,2,1,3,1
1119,4,2,2,5,11
1120,3,1,1,3,9
1121,4,2,1,5,11
1122,4,1,2,5,9
1123,1,2,1,5,7
1124,1,1,1,1,11
1125,3,2,3,1,11
1126,1,1,1,3,6
1127,1,1,1,1,6
1128,2,2,1,5,4
1129,2,1,1,3,1
1130,4,1,1,1,11
1131,1,1,1,1,2
1132,4,2,3,4,9
1133,1,2,1,5,9
1134,2,2,1,3,7
1135,1,2,2,1,5
1136,2,1,3,5,11
1137,1,2,1,3,2
1138,1,1,1,5,4
1139,4,2,2,5,11
1140,1,2,1,3,8
1141,1,2,1,5,9
1142,1,1,1,1,6
1143,3,2,1,4,11
1144,3,1,3,5,11
1145,2,1,1,1,11
1146,1,2,1,5,9
1147,3,2,1,5,11
1148,3,2,1,3,11
1149,2,1,1,5,4
1150,1,1,1,1,11
1151,2,2,1,3,9
1152,2,2,1,5,11
1153,1,1,1,3,7
1154,1,1,1,3,8
1155,2,1,1,1,11
1156,1,1,1,1,2
1157,2,2,1,1,9
1158,2,1,3,3,11
1159,1,1,1,5,7
1160,3,2,1,5,11
1161,2,2,1,3,8
1162,1,1,1,5,1
1163,3,1,1,5,1
1164,1,2,1,3,11
1165,3,1,1,3,6
1166,4,2,2,3,11
1167,4,2,1,3,2
1168,1,2,1,2,6
1169,1,1,1,1,11
1170,2,2,1,1,9
1171,2,1,1,3,7
1172,1,1,1,2,1
1173,3,1,1,1,4
1174,1,2,1,5,11
1175,1,2,1,3,11
1176,1,2,1,1,11
1177,2,2,1,4,9
1178,3,1,2,1,1
1179,1,1,2,1,1
1180,2,2,3,1,1
1181,3,2,2,5,11
1182,3,1,2,1,11
1183,3,1,1,1,3
1184,1,2,1,5,4
1185,1,1,1,3,11
1186,2,1,1,1,10
1187,1,2,1,3,3
1188,3,1,1,3,9
1189,1,2,1,2,9
1190,3,1,1,3,11
1191,2,1,1,3,11
1192,2,1,1,5,11
1193,2,2,1,3,10
1194,1,1,1,1,3
1195,3,2,2,3,2
1196,2,2,1,1,2
1197,3,2,1,1,4
1198,1,1,1,3,11
1199,2,2,2,1,4
1200,3,2,1,5,11
