caseid,pid1d,pid1r,lcself,lcd,lcr,lchc,lcdt
1,9,1,4,3,4,5,4
2,9,3,4,4,4,5,6
3,9,2,6,1,4,1,4
4,1,9,2,3,7,4,6
5,9,4,6,1,3,1,1
6,9,3,6,1,2,1,5
7,9,1,1,3,7,5,5
8,2,9,7,2,5,1,5
9,3,9,6,1,3,1,3
10,1,9,2,3,6,3,5
11,2,9,6,1,5,2,5
12,9,3,6,1,5,1,4
13,9,1,3,1,7,2,4
14,2,9,7,1,6,1,3
15,2,9,6,1,6,1,6
16,3,9,4,1,3,1,3
17,1,9,2,2,7,2,6
18,9,1,3,3,6,3,4
19,3,9,7,1,5,1,5
20,1,9,2,3,7,3,6
21,9,1,2,3,7,3,7
22,9,2,6,1,5,1,5
23,9,3,2,3,7,3,6
24,1,9,2,2,6,3,7
25,1,9,1,2,7,2,5
26,9,3,4,1,6,2,7
27,2,9,5,1,5,1,6
28,1,9,2,3,7,5,7
29,9,1,2,3,7,4,7
30,9,1,2,3,7,2,5
31,2,9,4,5,7,5,7
32,1,9,1,5,7,7,7
33,9,3,6,1,5,1,5
34,2,9,7,1,5,2,5
35,9,1,4,3,7,4,4
36,9,1,2,2,6,3,6
37,9,1,1,2,7,1,7
38,3,9,4,2,7,3,7
39,9,3,5,1,5,1,4
40,9,2,5,1,5,1,5
41,1,9,6,2,6,2,4
42,1,9,1,3,7,3,5
43,9,3,5,2,7,1,6
44,9,1,4,4,4,4,7
45,1,9,3,2,7,2,6
46,3,9,5,1,5,1,5
47,1,9,4,7,1,7,2
48,9,1,5,2,7,3,6
49,9,1,2,3,5,3,6
50,3,9,7,1,3,1,6
51,1,9,1,3,7,3,6
52,9,1,3,3,7,3,6
53,2,9,6,1,6,1,5
54,1,9,1,2,7,2,7
55,9,2,6,3,5,1,5
56,9,4,4,2,7,2,7
57,4,9,5,1,5,1,5
58,9,3,3,3,7,3,7
59,3,9,5,1,6,1,6
60,9,2,5,2,7,1,3
61,9,2,7,1,6,1,3
62,9,2,5,2,7,2,4
63,1,9,1,4,7,3,7
64,9,3,6,1,3,1,2
65,9,1,1,2,7,5,7
66,9,3,3,2,7,2,7
67,9,1,2,3,6,3,4
68,1,9,1,2,7,2,7
69,3,9,6,1,4,1,4
70,9,4,3,4,1,5,1
71,9,3,6,2,3,1,6
72,9,3,1,3,6,2,4
73,1,9,1,3,7,4,4
74,9,3,6,1,5,1,5
75,9,3,4,3,5,3,4
76,3,9,6,1,3,1,6
77,1,9,3,3,7,2,7
78,3,9,7,2,3,1,4
79,9,2,7,1,3,1,6
80,3,9,4,1,5,1,2
81,9,4,4,2,6,1,5
82,9,3,2,2,2,3,4
83,1,9,3,2,7,2,7
84,9,1,1,3,7,3,7
85,9,2,3,3,5,5,5
86,2,9,7,1,3,1,3
87,9,1,1,4,7,4,7
88,9,3,4,1,5,3,5
89,3,9,5,2,6,2,5
90,9,3,5,1,7,1,7
91,9,1,2,3,7,3,7
92,9,1,2,3,7,2,4
93,9,3,6,1,5,1,6
94,1,9,3,1,7,1,7
95,1,9,1,3,7,4,6
96,9,3,3,3,6,4,7
97,2,9,7,1,6,1,5
98,3,9,5,2,5,1,5
99,3,9,1,2,7,2,4
100,3,9,6,1,6,1,5
101,3,9,1,2,7,2,7
102,2,9,5,1,6,1,6
103,9,1,2,2,7,3,6
104,9,1,1,2,7,1,7
105,9,3,4,1,5,1,3
106,4,9,4,4,7,4,7
107,9,4,7,2,6,1,3
108,1,9,4,2,5,4,6
109,9,1,2,2,7,1,4
110,9,2,6,1,2,1,4
111,9,2,6,1,6,1,6
112,1,9,4,3,7,4,7
113,9,3,6,1,5,1,4
114,2,9,7,1,6,1,6
115,9,1,1,2,6,2,5
116,3,9,4,4,4,4,4
117,3,9,2,3,7,3,5
118,9,1,6,5,1,4,1
119,9,3,5,5,2,1,7
120,9,1,4,2,7,2,6
121,4,9,4,2,5,1,6
122,3,9,4,4,4,4,4
123,1,9,5,1,4,1,4
124,2,9,7,1,6,2,5
125,3,9,4,4,4,4,4
126,9,1,2,2,7,3,7
127,1,9,6,2,5,5,5
128,9,4,7,1,4,1,5
129,2,9,5,2,5,2,6
130,1,9,1,2,6,2,6
131,9,1,1,2,7,4,6
132,2,9,4,3,5,2,5
133,3,9,4,4,4,4,4
134,9,2,5,2,3,2,3
135,9,1,2,2,7,2,7
136,9,1,4,4,4,4,4
137,9,2,4,2,7,1,6
138,9,2,4,4,4,4,4
139,9,1,6,4,1,4,1
140,1,9,6,2,6,1,5
141,9,1,4,5,3,4,3
142,9,3,4,1,7,1,3
143,1,9,1,2,7,6,7
144,9,1,1,2,7,2,4
145,9,3,3,3,6,3,4
146,9,2,6,1,6,1,6
147,1,9,2,1,6,2,7
148,9,2,4,3,4,1,3
149,9,2,6,1,6,4,4
150,1,9,2,2,7,3,5
151,3,9,4,1,7,2,6
152,2,9,4,4,4,4,4
153,2,9,7,1,6,1,6
154,2,9,6,2,6,1,3
155,9,2,6,1,6,1,5
156,9,4,5,4,1,5,2
157,1,9,3,3,7,3,7
158,2,9,7,2,5,1,4
159,3,9,4,1,4,1,4
160,1,9,1,2,7,3,7
161,2,9,7,1,5,1,3
162,9,3,5,1,6,1,4
163,9,1,1,2,7,2,5
164,1,9,4,3,6,3,7
165,1,9,4,5,4,5,1
166,9,2,6,1,5,1,4
167,9,2,5,1,6,1,3
168,9,3,4,2,5,4,7
169,9,3,6,1,3,1,4
170,1,9,3,3,5,3,4
171,3,9,7,1,6,1,6
172,9,3,2,4,3,4,6
173,9,1,2,2,7,2,4
174,2,9,7,1,4,1,6
175,1,9,1,3,7,3,5
176,2,9,6,2,5,1,7
177,3,9,6,1,5,1,7
178,9,2,6,1,6,1,6
179,9,2,6,1,7,1,6
180,1,9,2,2,7,5,5
181,3,9,6,1,6,1,5
182,9,2,4,2,4,2,4
183,9,2,6,1,7,1,7
184,9,1,4,4,4,4,4
185,9,3,5,2,5,2,4
186,9,1,2,3,7,4,7
187,9,1,1,2,7,2,7
188,2,9,6,3,5,1,6
189,3,9,7,1,5,1,6
190,9,3,7,1,1,1,1
191,3,9,4,5,7,5,6
192,1,9,2,2,7,3,5
193,9,2,5,1,6,1,4
194,9,3,4,1,6,1,5
195,9,3,5,1,3,1,2
196,9,2,7,1,5,1,3
197,2,9,6,1,5,1,5
198,3,9,5,1,5,2,5
199,1,9,2,2,7,2,7
200,9,2,7,1,6,1,7
201,9,2,7,1,6,1,6
202,9,1,7,6,6,7,6
203,9,1,2,3,7,3,7
204,9,1,5,4,5,4,4
205,2,9,7,1,5,1,5
206,1,9,4,4,4,4,4
207,9,1,4,3,6,5,7
208,9,3,7,1,5,1,4
209,9,3,3,3,7,2,7
210,2,9,6,2,5,1,7
211,9,3,6,1,5,1,6
212,9,2,6,1,7,1,6
213,9,3,2,3,7,4,7
214,9,1,4,2,7,2,2
215,3,9,4,1,5,1,5
216,3,9,1,3,7,4,7
217,3,9,6,2,5,1,4
218,9,3,5,1,6,1,3
219,9,2,5,2,6,1,6
220,9,2,7,1,5,2,4
221,9,2,6,1,7,1,6
222,3,9,3,2,7,4,6
223,3,9,6,3,6,2,7
224,9,1,1,1,4,1,4
225,1,9,1,2,7,2,7
226,9,2,6,1,5,1,4
227,3,9,5,1,4,1,4
228,9,2,6,1,7,1,6
229,1,9,2,3,7,2,4
230,3,9,7,1,6,1,7
231,1,9,4,5,1,6,2
232,3,9,5,1,7,1,5
233,9,3,4,2,6,2,5
234,9,3,7,1,3,1,2
235,9,1,5,1,7,1,5
236,1,9,2,3,7,4,5
237,9,1,2,2,7,2,5
238,9,3,4,1,3,1,3
239,9,2,4,2,5,1,5
240,9,2,5,1,6,1,3
241,1,9,4,3,7,3,7
242,3,9,6,3,7,3,1
243,3,9,3,2,5,3,5
244,2,9,4,2,6,1,7
245,9,2,6,2,4,2,5
246,9,1,1,2,7,2,7
247,9,1,3,3,7,4,4
248,4,9,4,3,5,3,2
249,9,1,3,4,6,4,7
250,9,2,4,3,5,3,6
251,2,9,7,1,6,1,5
252,1,9,5,3,2,5,1
253,2,9,6,1,6,1,4
254,3,9,7,4,7,1,7
255,9,1,2,2,6,2,7
256,1,9,2,2,6,2,5
257,9,2,7,1,1,1,1
258,9,1,4,4,4,4,4
259,9,1,1,3,5,2,5
260,9,3,3,3,7,2,4
261,9,2,5,1,6,1,4
262,3,9,2,3,7,3,3
263,9,3,4,1,3,1,4
264,2,9,7,1,5,1,6
265,3,9,5,1,3,1,7
266,3,9,3,2,5,3,4
267,1,9,1,3,5,1,3
268,9,1,2,2,6,2,6
269,3,9,2,2,6,2,5
270,9,1,1,3,7,2,6
271,3,9,2,2,6,2,7
272,9,2,5,1,7,1,6
273,4,9,5,1,6,3,4
274,9,4,4,2,6,2,4
275,1,9,1,1,7,1,7
276,2,9,5,4,5,4,5
277,9,1,4,3,7,4,6
278,1,9,2,2,7,2,4
279,9,4,7,1,2,1,4
280,9,3,4,1,6,1,4
281,4,9,4,1,1,1,3
282,2,9,4,4,4,4,4
283,9,1,1,3,7,2,7
284,9,1,4,4,7,4,7
285,2,9,6,2,6,1,6
286,9,3,4,2,5,1,6
287,9,1,5,3,6,4,4
288,9,1,4,2,6,1,6
289,9,3,5,1,5,1,4
290,9,1,4,3,4,5,7
291,1,9,7,7,1,7,1
292,9,2,6,1,6,1,5
293,9,1,3,2,5,2,7
294,9,3,6,4,4,4,4
295,3,9,5,1,6,1,6
296,9,3,7,1,5,2,4
297,1,9,2,2,5,3,4
298,2,9,6,1,5,1,5
299,1,9,1,3,7,4,7
300,9,3,7,1,3,1,4
301,9,1,2,2,5,4,4
302,9,2,4,4,4,4,4
303,2,9,6,2,5,1,5
304,9,2,5,2,6,1,5
305,1,9,4,4,4,4,4
306,1,9,1,2,7,2,7
307,9,4,7,1,2,1,6
308,9,3,1,2,7,2,7
309,3,9,6,1,5,1,3
310,9,3,5,3,4,4,5
311,3,9,4,1,7,1,6
312,9,2,7,1,2,1,5
313,1,9,2,2,7,2,5
314,2,9,6,1,6,6,6
315,9,1,4,4,4,4,4
316,3,9,5,3,5,3,5
317,1,9,4,2,7,3,5
318,9,4,6,1,4,1,5
319,1,9,7,1,7,1,7
320,1,9,6,4,4,4,4
321,1,9,7,7,1,7,1
322,1,9,5,1,6,1,4
323,3,9,5,5,4,4,3
324,9,1,1,2,6,3,4
325,9,3,4,1,4,1,5
326,9,3,3,2,6,2,4
327,1,9,4,2,7,2,7
328,9,2,4,2,6,3,6
329,1,9,4,4,4,4,4
330,1,9,2,2,7,2,6
331,9,2,7,2,5,1,5
332,9,3,4,2,7,1,4
333,2,9,6,2,5,2,6
334,9,1,3,2,7,3,4
335,1,9,4,6,2,4,5
336,3,9,6,2,3,1,4
337,9,2,7,1,5,1,1
338,2,9,7,1,6,1,7
339,9,3,5,4,4,4,4
340,1,9,1,2,7,2,4
341,9,1,4,4,4,4,1
342,1,9,6,6,7,7,4
343,9,2,7,1,7,1,4
344,3,9,6,1,5,2,4
345,9,1,2,2,7,3,5
346,4,9,4,3,4,3,4
347,9,2,6,3,6,1,1
348,3,9,2,3,7,3,7
349,9,3,5,2,7,1,7
350,2,9,6,1,6,1,4
351,9,3,2,2,6,2,4
352,2,9,7,2,6,1,6
353,9,3,5,1,7,1,7
354,3,9,5,6,6,6,7
355,9,3,4,1,7,2,5
356,3,9,6,1,4,1,5
357,9,1,3,2,7,3,6
358,9,3,4,2,6,1,4
359,3,9,3,3,6,2,5
360,9,2,6,2,5,3,3
361,1,9,2,2,7,5,7
362,1,9,3,2,5,6,2
363,1,9,4,4,4,4,4
364,3,9,7,1,4,1,6
365,3,9,5,2,5,2,4
366,9,2,6,1,6,1,1
367,1,9,1,1,7,2,7
368,2,9,4,4,4,4,4
369,9,2,5,2,6,3,6
370,9,1,4,5,3,4,1
371,2,9,7,1,6,1,5
372,9,3,6,1,5,2,4
373,2,9,7,1,6,1,5
374,9,1,3,2,2,5,3
375,9,1,3,3,7,3,7
376,9,2,6,2,6,3,6
377,9,3,6,2,6,2,4
378,2,9,7,1,7,1,7
379,9,3,7,1,5,1,2
380,3,9,6,1,1,1,2
381,1,9,4,3,6,2,7
382,1,9,2,1,7,2,7
383,3,9,4,3,7,1,7
384,1,9,1,1,7,2,5
385,9,2,4,1,7,2,6
386,9,2,5,1,7,1,7
387,9,3,4,3,5,3,5
388,3,9,4,5,3,5,2
389,2,9,7,1,7,1,7
390,9,3,3,2,5,3,5
391,9,1,6,5,3,4,4
392,9,1,4,4,1,4,1
393,9,1,4,4,4,4,4
394,9,2,7,1,5,1,3
395,4,9,5,1,6,2,6
396,9,3,4,1,4,1,5
397,9,4,5,1,3,1,3
398,1,9,3,1,7,4,4
399,3,9,4,4,4,4,4
400,3,9,7,1,4,1,6
401,9,1,5,4,1,7,4
402,9,2,5,1,6,1,3
403,9,1,2,2,5,2,7
404,9,3,6,1,6,1,6
405,9,1,2,2,7,2,5
406,9,1,1,3,7,3,6
407,9,2,6,1,5,1,4
408,1,9,4,3,6,2,4
409,9,3,6,2,4,2,4
410,9,3,6,1,5,1,5
411,1,9,3,2,6,2,5
412,3,9,5,1,5,1,7
413,9,3,4,2,4,1,3
414,9,2,6,1,6,1,7
415,1,9,2,2,5,2,4
416,9,1,1,1,7,1,7
417,9,2,4,4,4,3,4
418,2,9,7,3,6,1,6
419,9,3,7,1,4,1,4
420,3,9,7,1,1,1,4
421,3,9,5,3,5,3,4
422,9,1,2,2,7,4,6
423,3,9,4,4,4,4,4
424,9,2,6,1,4,1,6
425,3,9,4,2,7,2,6
426,9,3,2,3,7,4,5
427,3,9,2,2,7,2,5
428,2,9,7,1,5,1,1
429,9,3,3,3,6,3,6
430,3,9,6,5,3,4,4
431,9,3,7,1,5,1,5
432,1,9,7,7,1,7,1
433,9,3,5,1,5,1,4
434,1,9,1,5,7,5,7
435,9,2,4,4,4,4,4
436,9,2,6,2,5,1,6
437,2,9,7,1,5,1,6
438,1,9,2,3,7,3,5
439,9,2,6,1,4,1,5
440,9,2,7,1,3,1,6
441,9,2,6,1,6,1,6
442,9,3,2,3,6,3,4
443,9,3,6,4,4,4,3
444,3,9,4,1,6,1,4
445,9,2,6,1,7,1,6
446,1,9,1,3,7,2,6
447,9,3,6,1,6,1,6
448,1,9,4,2,4,6,1
449,4,9,7,1,5,1,5
450,9,3,5,4,4,4,4
451,9,2,6,1,6,1,5
452,2,9,7,2,4,1,3
453,9,1,2,3,4,5,5
454,4,9,4,3,7,3,4
455,9,3,4,1,7,1,7
456,9,1,2,2,6,3,4
457,9,3,5,1,6,2,4
458,1,9,4,4,4,4,4
459,9,1,4,3,7,1,5
460,3,9,4,6,4,4,4
461,9,1,4,3,5,3,5
462,9,1,2,1,7,2,7
463,1,9,3,2,7,2,5
464,2,9,1,1,1,1,1
465,2,9,7,1,4,2,5
466,1,9,1,1,7,1,6
467,3,9,4,2,7,5,7
468,4,9,7,1,3,1,2
469,1,9,2,2,7,2,5
470,3,9,4,4,4,4,4
471,9,3,7,2,3,3,4
472,2,9,7,1,4,1,3
473,9,2,4,3,5,3,1
474,9,2,7,1,5,1,3
475,1,9,4,2,5,3,7
476,9,2,7,1,5,1,5
477,2,9,7,1,5,1,7
478,1,9,1,1,1,1,1
479,3,9,5,2,6,1,3
480,1,9,3,2,6,2,5
481,1,9,2,2,7,2,4
482,9,3,4,4,4,4,4
483,9,1,1,1,6,1,6
484,9,3,4,1,5,2,1
485,9,1,6,7,7,6,6
486,2,9,6,2,6,2,5
487,9,1,5,1,7,2,7
488,9,2,6,1,5,1,5
489,9,1,1,3,6,3,7
490,3,9,7,1,5,1,4
491,1,9,4,2,7,3,4
492,9,2,6,1,5,1,5
493,9,2,5,1,4,1,5
494,1,9,7,1,7,1,4
495,9,1,5,6,2,3,1
496,2,9,6,1,6,1,5
497,1,9,1,2,7,2,6
498,1,9,1,1,7,1,6
499,9,3,3,2,7,2,5
500,9,1,1,2,7,2,7
501,1,9,3,2,6,2,7
502,9,1,4,4,4,4,4
503,9,1,1,2,7,2,7
504,9,4,7,2,5,1,4
505,9,2,3,2,7,3,7
506,1,9,4,2,6,2,5
507,9,2,4,5,5,3,4
508,9,1,2,4,1,3,7
509,3,9,4,4,5,3,2
510,2,9,6,2,3,1,3
511,4, tea party",1,7,1,2,1
512,9,1,6,5,3,5,4
513,9,4,7,4,4,1,4
514,9,2,7,1,5,1,4
515,4,9,7,1,2,1,1
516,9,2,6,1,6,1,4
517,2,9,7,1,3,1,6
518,9,1,2,2,7,3,7
519,4,9,3,2,7,3,4
520,1,9,4,3,4,4,4
521,2,9,7,1,6,1,7
522,9,3,6,1,5,1,4
523,9,1,1,1,7,1,4
524,3,9,7,1,4,1,6
525,9,1,1,1,7,1,7
526,1,9,2,3,7,4,5
527,4,9,7,1,3,1,4
528,1,9,1,2,7,2,7
529,9,1,1,1,7,2,6
530,9,3,6,1,7,1,6
531,2,9,6,1,6,2,6
532,4,9,4,3,7,3,7
533,3,9,6,1,5,1,6
534,9,1,4,4,4,4,4
535,9,3,3,5,3,3,2
536,9,2,7,1,6,1,5
537,1,9,1,1,5,1,5
538,9,1,4,4,4,4,4
539,3,9,4,3,6,3,5
540,9,3,1,1,2,3,1
541,3,9,6,1,6,1,5
542,1,9,1,3,7,5,7
543,1,9,1,1,7,2,7
544,9,4,5,1,7,1,6
545,9,3,5,1,1,1,4
546,9,1,2,2,7,3,6
547,1,9,4,5,4,5,1
548,3,9,4,2,5,2,4
549,1,9,2,2,7,2,7
550,3,9,4,6,3,1,1
551,9,1,2,2,6,2,5
552,9,1,4,5,3,4,4
553,9,4,3,4,1,7,1
554,9,1,2,2,6,2,5
555,1,9,1,1,7,1,7
556,2,9,7,1,6,1,5
557,9,4,4,2,6,2,5
558,9,2,4,4,4,4,4
559,9,1,1,2,6,3,6
560,9,3,3,1,7,2,6
561,2,9,4,2,7,2,4
562,1,9,2,2,6,2,3
563,3,9,4,1,6,1,4
564,4,9,4,2,6,2,6
565,9,1,2,2,6,2,4
566,3,9,4,5,6,1,7
567,9,2,6,1,6,1,7
568,9,3,4,4,5,3,1
569,1,9,1,1,7,1,7
570,9,2,6,1,6,1,6
571,9,3,6,1,6,1,6
572,2,9,6,1,5,1,4
573,1,9,4,4,1,4,1
574,9,3,5,1,7,1,4
575,9,1,7,7,8,7,3
576,9,3,3,2,7,3,4
577,2,9,7,1,3,1,6
578,9,1,4,4,5,5,4
579,3,9,5,1,4,1,4
580,1,9,5,5,4,5,5
581,9,1,1,5,7,5,7
582,3,9,6,1,6,1,5
583,9,4,4,4,4,4,4
584,9,2,7,1,7,2,5
585,3,9,4,3,5,1,7
586,9,1,1,2,7,3,4
587,1,9,2,2,7,3,6
588,1,9,2,3,7,4,7
589,9,3,3,6,7,6,4
590,1,9,4,4,4,4,4
591,9,3,4,2,6,2,6
592,1,9,1,1,1,1,1
593,9,3,4,3,7,3,7
594,9,1,1,1,7,1,5
595,9,3,7,1,7,1,6
596,3,9,1,1,1,1,1
597,2,9,4,4,4,4,4
598,1,9,1,1,7,1,4
599,9,1,4,4,4,4,4
600,9,1,4,4,4,4,4
601,9,1,2,2,5,3,3
602,9,1,2,2,6,2,5
603,9,2,7,1,6,1,6
604,9,1,2,1,7,2,7
605,3,9,4,4,7,4,6
606,9,3,4,4,4,4,4
607,1,9,4,2,7,1,4
608,9,2,7,1,6,1,6
609,1,9,7,1,7,1,8
610,9,1,1,1,1,1,1
611,9,2,4,1,5,1,5
612,1,9,1,1,7,1,7
613,1,9,1,2,7,5,7
614,9,1,1,1,4,1,4
615,1,9,4,4,3,4,1
616,1,9,2,2,7,3,7
617,3,9,4,4,4,4,4
618,9,1,1,1,7,2,7
619,9,3,1,4,4,4,4
620,9,3,2,3,5,3,4
621,3,9,4,4,4,4,4
622,9,1,1,2,7,3,7
623,2,9,5,1,5,1,7
624,9,1,4,4,4,4,4
625,3,9,4,4,4,4,4
626,9,2,6,2,5,2,4
627,3,9,4,4,4,7,1
628,4,9,4,4,4,4,4
629,3,9,6,4,6,4,7
630,2,9,4,5,3,4,3
631,3,9,5,3,6,1,5
632,9,1,2,1,7,1,7
633,2,9,6,2,6,2,6
634,9,1,1,4,4,4,4
635,2,9,4,2,5,1,5
636,9,1,1,2,7,2,7
637,4,9,6,1,7,3,7
638,9,3,7,1,5,1,4
639,9,2,7,1,5,1,6
640,9,2,6,6,4,5,1
641,3,9,4,4,4,4,4
642,9,1,4,4,7,4,3
643,9,1,4,4,6,5,6
644,9,3,7,4,4,4,4
645,9,2,5,1,7,1,5
646,9,1,2,1,7,1,7
647,3,9,4,4,4,4,4
648,1,9,1,3,7,3,5
649,3,9,5,2,6,2,4
650,9,1,2,2,7,2,4
651,9,1,2,3,6,3,6
652,2,9,4,3,5,3,6
653,9,2,6,1,5,1,4
654,9,3,4,3,6,3,6
655,3,9,4,1,5,1,4
656,1,9,2,1,7,3,7
657,9,1,2,2,7,2,6
658,2,9,4,3,7,1,7
659,9,3,5,3,2,3,3
660,9,2,7,1,5,1,5
661,1,9,1,1,7,1,7
662,9,2,7,1,5,2,4
663,9,3,5,4,4,4,4
664,3,9,3,1,7,4,7
665,1,9,2,2,6,2,3
666,9,3,6,3,5,2,5
667,2,9,4,4,4,4,4
668,9,1,4,4,4,4,4
669,9,1,2,2,2,2,2
670,2,9,4,4,4,1,4
671,1,9,5,4,5,4,5
672,9,1,1,2,7,3,7
673,1,9,4,6,3,4,5
674,9,4,4,1,5,1,5
675,1,9,1,2,7,2,7
676,9,1,3,2,6,3,6
677,9,1,1,4,7,1,7
678,9,1,3,4,7,2,7
679,9,2,7,5,4,7,3
680,3,9,4,2,6,2,4
681,2,9,4,5,3,4,4
682,3,9,4,4,4,4,4
683,9,1,1,1,5,1,3
684,9,3,2,4,7,4,7
685,1,9,1,3,7,3,7
686,3,9,4,1,7,2,5
687,9,1,1,2,7,3,7
688,9,2,7,1,5,1,6
689,9,1,1,1,7,1,7
690,2,9,5,1,4,1,7
691,1,9,1,2,7,4,7
692,3,9,4,3,7,2,7
693,9,3,6,1,7,3,5
694,9,2,2,4,3,5,1
695,9,4,4,3,7,2,6
696,3,9,4,4,4,4,4
697,1,9,6,5,4,5,1
698,2,9,7,1,5,1,5
699,3,9,4,1,6,5,6
700,2,9,7,1,5,1,5
701,1,9,4,4,4,4,4
702,9,1,4,2,4,4,4
703,9,1,3,2,6,2,7
704,9,1,1,2,7,3,7
705,3,9,4,3,5,4,4
706,9,3,3,3,7,2,4
707,9,3,8,8,8,8,8
708,3,9,5,4,4,3,4
709,9,2,4,1,4,1,4
710,9,3,4,1,1,1,4
711,9,2,7,1,6,1,4
712,3,9,1,4,7,4,6
713,3,9,4,2,5,3,5
714,1,9,2,2,5,2,7
715,9,1,1,5,7,5,7
716,9,2,4,6,3,5,5
717,9,2,4,4,2,4,4
718,1,9,2,2,7,2,7
719,3,9,7,1,4,1,5
720,9,1,4,4,7,4,5
721,2,9,7,1,5,1,7
722,1,9,2,2,4,2,5
723,4,9,6,1,6,3,6
724,2,9,7,1,6,1,5
725,9,1,4,1,7,2,6
726,9,4,7,1,5,1,6
727,3,9,5,5,4,4,1
728,9,2,4,2,6,3,7
729,4,9,4,4,4,4,4
730,1,9,1,7,7,1,7
731,9,4,5,2,6,1,7
732,9,2,3,2,6,2,5
733,1,9,2,1,2,1,2
734,9,3,4,4,4,4,4
735,3,9,1,4,7,7,1
736,9,1,4,5,3,5,1
737,3,9,6,3,5,2,7
738,9,1,2,2,6,3,7
739,3,9,1,2,6,3,7
740,4,9,2,2,6,2,7
741,9,4,6,2,3,1,2
742,1,9,4,4,4,4,4
743,9,4,4,1,7,2,6
744,9,3,4,3,4,4,4
745,9,3,4,1,7,1,7
746,3,9,3,5,4,3,3
747,3,9,4,2,7,3,7
748,1,9,6,5,4,2,1
749,3,9,4,4,4,4,4
750,2,9,4,4,4,4,4
751,1,9,2,2,7,4,6
752,9,2,5,2,6,2,4
753,9,4,4,4,4,4,4
754,9,1,1,3,6,1,7
755,9,3,3,3,6,4,7
756,1,9,3,4,4,3,4
757,1,9,7,2,7,2,7
758,9,3,4,4,4,4,4
759,9,3,4,1,7,2,5
760,1,9,1,1,6,1,5
761,1,9,2,3,7,3,3
762,1,9,2,1,7,4,4
763,9,2,5,2,6,2,5
764,9,1,4,4,1,4,3
765,9,2,6,1,4,2,3
766,1,9,1,3,7,3,7
767,9,1,2,2,3,1,5
768,2,9,5,1,5,1,6
769,4,9,4,4,4,7,4
770,3,9,3,5,7,5,5
771,9,1,6,6,6,4,4
772,1,9,6,6,4,6,4
773,3,9,2,1,2,1,1
774,3,9,1,4,6,4,4
775,9,2,7,4,5,3,2
776,3,9,4,4,4,4,4
777,2,9,6,1,6,1,7
778,9,4,4,2,4,1,7
779,1,9,1,2,6,3,4
780,3,9,4,3,7,2,7
781,2,9,6,1,5,1,6
782,3,9,5,2,6,1,4
783,9,1,2,6,7,7,7
784,9,3,2,2,7,2,7
785,9,1,7,3,4,5,1
786,4,9,4,3,5,1,6
787,9,2,4,4,4,3,4
788,1,9,6,6,1,6,1
789,1,9,3,3,7,3,7
790,9,2,4,4,4,4,4
791,9,4,4,4,4,4,4
792,9,2,5,2,7,1,5
793,3,9,4,5,3,5,3
794,9,1,4,6,6,1,6
795,1,9,4,4,3,4,4
796,3,9,6,1,2,1,5
797,9,3,1,2,7,2,7
798,9,1,3,3,5,3,7
799,1,9,1,1,7,1,7
800,9,1,3,2,7,2,7
801,3,9,4,1,7,3,7
802,9,3,7,1,1,1,6
803,3,9,4,1,6,2,6
804,9,1,2,1,7,1,5
805,1,9,2,2,6,2,7
806,1,9,1,3,7,2,4
807,1,9,5,6,2,5,1
808,3,9,3,2,6,2,6
809,1,9,1,2,6,2,4
810,9,2,5,2,5,4,5
811,3,9,4,1,7,1,7
812,9,2,5,3,7,1,6
813,2,9,1,3,5,2,5
814,1,9,1,3,7,3,5
815,1,9,2,2,7,1,7
816,9,1,3,5,3,4,3
817,4,9,4,4,4,4,4
818,1,9,1,4,7,5,7
819,9,4,6,2,5,3,5
820,9,3,3,4,4,3,7
821,9,3,7,1,4,1,4
822,9,1,2,2,7,2,7
823,9,4,4,4,4,4,4
824,9,3,4,8,8,8,8
825,1,9,5,3,7,5,7
826,9,2,6,2,5,1,5
827,4,9,4,4,4,4,4
828,3,9,5,2,6,1,7
829,1,9,4,4,3,4,3
830,9,3,4,4,4,4,4
831,9,3,4,1,7,3,7
832,9,1,4,3,7,3,4
833,1,9,2,3,7,3,7
834,2,9,4,4,4,4,4
835,9,1,2,1,4,1,4
836,2,9,6,1,6,1,7
837,1,9,1,3,7,3,5
838,9,3,5,1,7,1,2
839,3,9,4,4,7,5,6
840,1,9,1,1,7,1,7
841,1,9,4,2,7,2,3
842,2,9,4,4,2,4,4
843,9,1,4,3,4,2,2
844,9,1,1,1,7,1,7
845,1,9,3,3,5,3,7
846,9,1,2,3,4,3,1
847,3,9,3,7,6,4,1
848,3,9,3,3,6,3,7
849,2,9,4,5,1,5,3
850,9,3,4,4,4,4,5
851,2,9,6,2,5,1,5
852,4,9,4,3,5,3,7
853,9,1,3,2,6,2,5
854,1,9,1,4,7,4,7
855,9,3,4,4,4,4,4
856,1,9,1,3,6,3,7
857,9,1,4,4,4,4,4
858,9,2,6,1,5,1,7
859,3,9,3,2,7,2,6
860,3,9,1,2,7,2,7
861,9,1,7,7,1,7,1
862,1,9,5,5,7,6,6
863,9,1,1,3,6,4,6
864,1,9,4,4,2,4,1
865,9,3,4,4,4,4,4
866,9,3,5,3,7,3,5
867,3,9,4,2,5,2,7
868,9,3,4,3,6,3,5
869,9,2,4,2,7,3,5
870,9,3,4,1,7,1,7
871,1,9,2,2,4,1,1
872,9,4,4,4,4,4,3
873,9,1,2,3,7,3,6
874,9,4,3,3,7,3,5
875,9,2,7,1,6,1,6
876,9,4,4,3,7,3,4
877,9,1,2,2,6,2,7
878,3,9,5,5,3,4,2
879,2,9,4,3,5,1,6
880,1,9,1,2,6,2,7
881,9,3,4,2,6,3,5
882,9,3,1,1,5,3,5
883,1,9,1,3,7,3,7
884,9,1,1,2,7,2,7
885,3,9,4,4,4,5,4
886,3,9,4,1,4,1,4
887,9,3,4,4,4,4,4
888,9,3,4,2,6,3,4
889,3,9,4,1,7,1,6
890,9,3,4,2,7,3,5
891,3,9,1,3,7,3,7
892,9,1,3,3,6,3,7
893,9,1,2,3,6,5,6
894,9,2,7,1,5,1,5
895,3,9,7,1,5,2,5
896,3,9,1,2,6,3,5
897,4,9,1,2,7,3,7
898,2,9,6,3,5,1,4
899,9,1,4,1,7,1,7
900,9,1,2,2,7,4,7
901,9,1,2,3,7,4,4
902,9,3,3,1,7,5,4
903,9,2,7,1,5,1,4
904,9,1,1,3,7,4,7
905,4,9,4,4,4,4,4
906,3,9,4,2,7,3,4
907,9,3,6,2,6,1,5
908,9,1,4,4,4,2,7
909,2,9,6,1,6,1,3
910,9,1,5,4,6,6,4
911,4,9,4,4,4,4,4
912,3,9,3,3,7,3,5
913,9,2,6,1,6,1,7
914,1,9,5,5,2,5,4
915,9,2,6,3,6,4,6
916,9,2,6,1,6,1,3
917,3,9,4,4,4,4,1
918,9,1,3,2,7,2,7
919,9,2,6,1,4,1,3
920,1,9,1,2,7,4,7
921,9,3,4,4,5,4,6
922,3,9,6,1,4,1,4
923,3,9,2,3,3,4,5
924,1,9,2,2,6,4,7
925,9,3,2,2,1,6,3
926,1,9,3,3,7,5,7
927,1,9,1,1,7,1,7
928,2,9,7,3,5,1,7
929,2,9,6,1,6,1,7
930,1,9,3,1,3,1,3
931,9,4,4,2,7,4,5
932,1,9,4,4,4,4,4
933,4,9,2,2,5,2,7
934,9,1,4,4,4,4,4
935,9,1,2,2,7,2,7
936,3,9,6,1,6,1,4
937,1,9,2,3,6,4,7
938,2,9,4,3,6,2,4
939,4,9,6,4,4,4,4
940,2,9,6,1,5,1,5
941,9,3,4,4,4,4,4
942,3,9,5,1,7,1,7
943,4,an that is the American way.",3,8,8,8,8
944,2,9,2,3,1,2,1
945,9,1,2,2,7,2,3
946,1,9,8,8,8,8,8
947,1,9,3,3,7,3,7
948,4,9,7,4,4,4,4
949,3,9,7,1,7,1,1
950,9,2,6,1,5,1,1
951,9,1,1,1,7,3,7
952,9,3,1,4,3,6,1
953,2,9,7,1,6,1,6
954,9,1,1,3,7,3,7
955,9,1,1,3,6,3,4
956,1,9,1,2,7,3,6
957,3,9,4,4,4,4,4
958,2,9,5,3,5,1,4
959,9,1,2,2,6,3,7
960,3,9,4,1,7,2,6
961,9,3,4,4,4,4,4
962,1,9,7,7,7,7,7
963,9,3,4,3,7,5,7
964,9,2,5,4,3,4,3
965,9,3,5,2,6,3,4
966,9,3,3,3,3,3,3
967,1,9,1,2,7,3,5
968,4,9,4,2,7,3,7
969,3,9,4,2,7,5,7
970,9,3,3,2,7,2,6
971,9,3,3,2,6,1,4
972,4,9,1,1,7,5,7
973,9,1,5,3,6,3,5
974,1,9,2,2,7,2,5
975,9,3,2,3,7,5,7
976,1,9,1,3,7,5,7
977,9,3,2,3,3,2,2
978,9,2,6,1,6,1,7
979,9,3,4,3,7,3,4
980,9,1,1,3,7,6,6
981,3,9,1,2,7,6,6
982,9,1,4,4,1,7,4
983,9,3,7,1,1,1,4
984,9,2,7,1,5,1,5
985,3,9,4,4,4,4,4
986,3,9,4,4,6,4,1
987,9,2,7,2,6,1,5
988,1,9,1,3,6,4,5
989,9,4,6,3,5,1,4
990,3,9,4,3,7,7,7
991,9,2,7,1,7,1,3
992,1,9,2,2,6,2,7
993,9,2,5,3,5,3,5
994,9,1,3,4,3,3,4
995,1,9,5,7,4,6,1
996,9,2,7,7,4,7,4
997,1,9,4,1,4,1,4
998,4,9,4,4,4,4,4
999,9,3,3,2,7,2,4
1000,1,9,1,1,7,1,5
1001,2,9,4,4,4,4,4
1002,2,9,7,1,6,1,2
1003,2,9,7,2,6,2,7
1004,9,2,7,1,7,1,7
1005,9,3,1,3,5,2,7
1006,2,9,6,2,6,1,7
1007,9,1,4,7,7,1,6
1008,9,2,3,2,6,2,6
1009,3,9,3,2,7,3,4
1010,9,3,2,2,6,3,7
1011,1,9,1,3,6,3,7
1012,9,3,6,3,6,3,7
1013,9,1,2,2,7,4,7
1014,1,9,1,3,7,3,6
1015,3,9,4,2,5,2,4
1016,1,9,1,1,7,7,7
1017,9,2,5,1,7,1,5
1018,9,1,4,4,4,4,4
1019,9,1,5,5,7,6,3
1020,9,1,2,2,5,3,4
1021,9,3,4,2,6,2,7
1022,9,1,5,4,4,5,4
1023,9,3,5,3,5,4,4
1024,3,9,4,5,1,7,7
1025,2,9,1,3,1,1,5
1026,9,2,7,1,6,1,7
1027,1,9,7,6,1,1,1
1028,2,9,7,3,5,3,7
1029,9,2,2,2,2,4,1
1030,1,9,1,3,6,3,7
1031,9,1,2,2,6,2,7
1032,9,3,4,4,4,4,4
1033,9,1,3,3,6,3,7
1034,3,9,4,5,2,4,1
1035,2,9,6,1,4,1,5
1036,2,9,7,1,6,1,6
1037,9,1,4,4,4,4,4
1038,3,9,4,1,7,1,6
1039,9,2,4,4,4,4,1
1040,1,9,2,4,7,4,6
1041,9,3,1,4,5,5,5
1042,1,9,2,2,6,2,4
1043,9,1,5,5,4,6,6
1044,9,1,3,5,3,5,2
1045,3,9,4,1,7,3,6
1046,1,9,5,5,5,5,4
1047,9,2,6,1,5,2,5
1048,1,9,4,4,3,4,1
1049,9,3,2,3,4,6,4
1050,9,1,4,4,4,4,3
1051,1,9,1,4,7,4,7
1052,1,9,1,1,7,1,7
1053,2,9,1,3,7,5,6
1054,3,9,1,7,7,7,7
1055,9,2,7,1,6,1,6
1056,2,9,5,2,6,8,4
1057,9,1,3,2,7,1,4
1058,3,9,4,3,4,1,7
1059,4,9,7,2,6,3,6
1060,3,9,1,3,7,7,7
1061,1,9,1,2,7,2,7
1062,9,2,8,6,3,5,6
1063,9,3,4,4,4,5,3
1064,9,2,6,1,7,1,5
1065,1,9,2,3,5,5,7
1066,9,1,1,1,7,2,7
1067,1,9,2,3,7,2,6
1068,1,9,5,4,1,2,1
1069,3,9,2,2,7,5,7
1070,9,2,1,3,2,2,1
1071,9,2,5,1,6,1,6
1072,3,9,4,4,4,4,4
1073,2,9,6,2,5,1,4
1074,2,9,6,1,6,1,4
1075,2,9,5,2,5,1,4
1076,3,9,4,4,4,4,4
1077,2,9,5,3,3,2,4
1078,9,1,1,1,7,2,7
1079,9,3,4,4,4,4,4
1080,3,9,4,4,4,4,4
1081,1,9,2,2,2,2,2
1082,3,9,2,1,7,2,7
1083,9,2,6,1,6,2,7
1084,9,3,4,1,7,1,6
1085,3,9,2,5,3,4,2
1086,9,3,5,1,4,1,5
1087,9,4,1,3,7,3,7
1088,9,1,3,3,5,3,6
1089,9,1,2,2,7,2,6
1090,1,9,1,2,5,1,7
1091,1,9,1,1,1,1,1
1092,3,9,4,2,7,3,7
1093,9,2,1,2,7,2,5
1094,3,9,2,2,7,3,7
1095,9,1,1,1,6,1,7
1096,2,9,3,2,6,3,5
1097,3,9,2,2,7,3,6
1098,3,9,7,1,5,1,1
1099,1,9,4,4,4,4,4
1100,9,1,2,1,4,2,1
1101,9,1,4,3,7,4,7
1102,9,2,6,1,6,1,6
1103,9,1,2,2,7,2,7
1104,9,2,4,2,5,1,4
1105,3,9,4,2,5,3,5
1106,9,1,4,5,5,5,1
1107,9,3,4,4,4,4,4
1108,2,9,5,3,5,3,5
1109,1,9,1,1,4,1,6
1110,1,9,2,2,7,3,5
1111,9,4,3,1,7,4,1
1112,9,3,5,2,2,4,3
1113,9,1,2,3,7,4,7
1114,1,9,2,3,6,3,5
1115,9,1,1,4,7,5,7
1116,3,9,1,3,2,3,4
1117,9,2,7,1,7,1,5
1118,9,3,6,2,6,1,1
1119,3,9,4,4,4,4,4
1120,4,9,4,1,7,1,6
1121,9,1,4,4,4,4,4
1122,3,9,4,4,4,4,4
1123,3,9,7,1,2,1,1
1124,1,9,3,4,5,3,4
1125,9,3,4,4,7,4,7
1126,9,1,1,2,6,3,4
1127,9,1,1,2,7,2,7
1128,9,2,7,1,7,1,6
1129,9,3,1,2,6,2,7
1130,1,9,4,4,4,4,4
1131,2,9,3,2,3,3,3
1132,1,9,5,5,3,3,6
1133,2,9,7,3,6,1,7
1134,3,9,3,3,6,4,7
1135,3,9,3,4,5,4,4
1136,9,3,4,1,4,4,4
1137,4,9,1,1,7,5,7
1138,3,9,6,1,4,3,4
1139,9,3,4,4,4,4,4
1140,2,9,6,3,5,3,6
1141,9,2,6,2,6,2,6
1142,9,1,2,3,7,2,4
1143,1,9,4,2,7,1,7
1144,9,4,4,4,4,4,4
1145,9,1,4,4,4,4,4
1146,4,9,4,4,4,4,5
1147,9,2,4,4,4,4,4
1148,1,9,4,4,4,4,4
1149,2,9,2,2,4,2,2
1150,9,1,1,2,5,2,7
1151,3,9,3,2,7,2,7
1152,1,9,4,1,7,1,7
1153,9,3,3,4,7,4,6
1154,2,9,6,1,7,1,2
1155,1,9,2,3,7,3,7
1156,9,2,4,3,1,2,1
1157,3,9,3,6,6,5,3
1158,9,1,2,2,7,2,7
1159,9,2,5,1,7,1,7
1160,9,3,4,8,8,8,8
1161,2,9,4,4,4,5,6
1162,9,2,5,1,6,2,1
1163,2,9,2,4,6,4,7
1164,9,1,1,2,7,4,5
1165,1,9,2,1,7,2,7
1166,3,9,4,4,4,4,4
1167,1,9,4,2,6,7,2
1168,3,9,1,1,3,1,1
1169,9,2,1,4,2,1,4
1170,9,1,2,2,6,5,2
1171,9,3,3,2,5,4,7
1172,9,1,2,2,6,2,6
1173,2,9,5,3,5,2,5
1174,9,3,4,6,3,3,2
1175,9,1,1,3,7,3,4
1176,9,1,4,4,7,4,7
1177,9,2,7,1,6,1,6
1178,9,1,1,1,2,1,7
1179,9,3,4,5,3,4,3
1180,2,9,4,3,3,1,1
1181,9,3,7,7,7,7,7
1182,1,9,3,2,6,2,7
1183,1,9,8,8,8,8,8
1184,9,2,7,1,4,1,5
1185,9,3,2,2,6,5,7
1186,3,9,4,2,7,3,7
1187,9,3,4,3,7,4,1
1188,9,4,4,4,3,3,2
1189,3,9,4,4,4,7,4
1190,9,3,1,1,7,1,6
1191,1,9,1,2,7,3,7
1192,3,9,4,3,7,3,5
1193,9,1,2,2,7,5,7
1194,9,1,1,7,3,7,3
1195,3,9,5,5,2,4,5
1196,9,1,2,4,3,2,7
1197,9,2,4,4,4,5,5
1198,1,9,1,2,6,3,4
1199,9,3,4,3,5,3,7
1200,1,9,4,1,4,4,4
