caseid,ISSUES_OC14_1,ISSUES_OC14_2,ISSUES_OC14_3,ISSUES_OC14_4,ISSUES_OC14_5,ISSUES_OC14_6,ISSUES_OC14_7,ISSUES_OC14_8,ISSUES_OC14_9,ISSUES_OC14_10,ISSUES_OC14_11,ISSUES_OC14_12,ISSUES_OC14_13,ISSUES_OC14_14,ISSUES_OC14_15,ISSUES_OC14_16,ISSUES_OC14_17,ISSUES_OC14_18,ISSUES_OC14_19,ISSUES_OC14_20,ISSUES_OC14_21
1,8,8,2,8,8,1,8,8,3,8,8,8,8,8,4,8,8,8,8,8,8
2,8,8,8,8,8,8,8,8,8,8,8,8,8,8,2,8,1,4,8,8,3
3,8,8,8,8,1,4,2,8,8,8,3,8,8,8,8,8,8,8,8,8,8
4,8,8,1,8,8,8,8,8,4,8,2,8,8,8,8,8,8,8,8,3,8
5,8,4,8,8,8,2,8,8,8,8,8,8,1,8,8,3,8,8,8,8,8
6,8,8,8,8,8,8,4,8,8,2,1,8,3,8,8,8,8,8,8,8,8
7,8,8,8,8,8,8,8,2,8,8,8,8,8,1,3,8,4,8,8,8,8
8,8,8,8,8,3,1,2,8,8,8,8,4,8,8,8,8,8,8,8,8,8
9,8,2,8,8,8,3,8,8,8,8,8,8,4,8,8,8,8,8,8,8,1
10,8,8,1,8,8,4,8,8,2,8,8,8,8,8,8,8,8,8,3,8,8
11,8,8,8,8,8,8,8,8,8,8,8,3,8,8,8,2,8,8,4,8,1
12,8,8,8,8,8,8,2,8,8,8,8,4,8,8,8,8,8,8,3,8,1
13,8,8,4,8,8,8,8,8,8,8,1,8,8,8,2,8,8,8,8,3,8
14,8,3,8,8,8,8,8,8,8,8,8,2,4,8,8,8,8,8,8,8,1
15,8,8,8,8,1,8,8,8,8,2,8,3,4,8,8,8,8,8,8,8,8
16,8,1,8,8,4,8,8,8,8,8,2,8,8,8,8,8,8,8,3,8,8
17,8,8,8,8,8,8,8,8,8,8,2,8,8,3,8,8,8,4,8,1,8
18,8,8,1,8,8,8,8,8,8,8,8,8,8,8,3,8,8,8,8,4,2
19,8,3,8,8,8,8,1,8,8,8,8,2,8,8,8,4,8,8,8,8,8
20,8,8,8,8,4,8,8,8,8,8,8,8,8,8,8,8,1,8,2,3,8
21,8,8,2,8,8,3,8,8,8,8,8,8,8,8,1,8,8,8,4,8,8
22,8,4,8,8,8,8,8,8,8,8,3,8,1,8,8,8,8,8,8,8,2
23,8,8,8,8,8,2,8,8,8,4,8,8,8,8,8,8,8,8,3,1,8
24,8,8,3,8,8,1,8,8,2,8,8,8,8,8,8,8,4,8,8,8,8
25,8,8,8,8,8,4,8,2,8,8,1,8,8,8,3,8,8,8,8,8,8
26,8,8,8,8,8,8,8,8,8,4,1,8,3,8,8,8,8,8,2,8,8
27,8,4,8,8,8,8,1,8,8,8,8,8,8,8,8,8,8,8,3,8,2
28,8,8,8,8,2,3,8,8,8,8,8,8,8,8,4,8,1,8,8,8,8
29,8,8,1,8,8,8,8,8,2,8,3,8,8,8,4,8,8,8,8,8,8
30,8,8,8,8,8,8,8,8,4,8,1,8,8,8,3,8,8,8,2,8,8
31,8,8,2,8,3,8,8,4,8,8,1,8,8,8,8,8,8,8,8,8,8
32,8,8,1,8,8,4,8,8,2,8,8,8,8,8,8,8,3,8,8,8,8
33,8,8,8,8,8,8,8,8,8,8,8,8,8,8,1,3,8,2,4,8,8
34,8,8,8,8,8,8,8,8,8,8,4,2,8,8,8,8,8,8,3,8,1
35,8,8,4,8,8,3,8,8,8,1,8,8,8,8,8,8,8,8,2,8,8
36,8,8,2,8,8,1,8,8,4,8,8,8,8,8,3,8,8,8,8,8,8
37,8,8,4,8,8,8,8,8,8,8,1,8,8,8,3,8,8,8,8,8,2
38,8,3,8,8,8,8,8,8,8,2,1,8,8,8,8,8,8,8,8,8,4
39,8,8,8,8,8,8,8,2,8,8,1,4,8,8,8,8,8,8,8,8,3
40,1,4,8,8,8,8,8,8,8,8,8,8,2,8,8,8,8,8,8,8,3
41,8,8,3,8,2,4,8,8,8,8,8,8,1,8,8,8,8,8,8,8,8
42,8,8,4,8,8,1,8,8,8,8,3,8,8,8,8,8,8,8,8,2,8
43,8,8,8,8,2,8,4,8,8,8,8,8,8,8,1,8,8,8,8,8,3
44,8,8,8,8,4,2,8,8,1,8,3,8,8,8,8,8,8,8,8,8,8
45,8,8,8,8,8,3,8,8,2,8,1,8,8,8,8,8,8,8,4,8,8
46,8,8,8,8,8,8,1,8,8,8,2,3,8,8,8,8,8,8,8,8,4
47,8,8,4,8,8,2,8,8,8,8,1,8,8,8,3,8,8,8,8,8,8
48,8,3,1,8,8,8,8,8,4,8,8,8,2,8,8,8,8,8,8,8,8
49,8,8,8,8,4,3,8,8,1,8,8,8,8,8,8,8,8,8,8,2,8
50,8,8,8,8,8,8,4,8,8,8,1,8,8,8,8,8,8,8,3,8,2
51,3,8,2,4,8,8,8,8,8,8,8,8,8,8,8,8,1,8,8,8,8
52,8,8,1,8,4,8,8,8,8,8,2,8,8,3,8,8,8,8,8,8,8
53,8,3,8,8,8,8,8,8,8,8,4,2,8,8,8,8,8,8,8,8,1
54,8,8,8,8,8,8,8,8,8,8,2,8,8,8,8,8,8,3,8,4,1
55,1,4,8,8,8,8,8,8,8,8,8,8,8,8,8,2,8,8,8,8,3
56,8,2,1,8,8,8,8,8,8,8,3,8,8,8,8,8,4,8,8,8,8
57,8,3,8,8,8,8,1,8,8,4,8,8,8,8,8,8,8,8,8,8,2
58,8,8,8,8,8,2,8,4,1,8,8,8,8,8,8,8,8,8,8,3,8
59,8,4,8,8,8,2,8,8,8,8,8,3,8,8,8,8,8,8,8,1,8
60,8,8,4,8,8,3,8,8,8,1,2,8,8,8,8,8,8,8,8,8,8
61,8,8,8,8,8,8,1,8,8,8,2,8,8,8,8,4,8,8,8,8,3
62,8,8,1,8,4,3,8,8,8,8,8,8,8,8,8,8,8,8,8,2,8
63,8,8,2,8,8,8,4,3,1,8,8,8,8,8,8,8,8,8,8,8,8
64,8,8,8,8,8,4,8,8,8,8,1,8,8,8,8,2,8,8,3,8,8
65,8,8,1,8,3,8,2,8,8,8,8,8,8,8,8,8,8,8,4,8,8
66,8,4,8,8,8,8,8,8,1,8,3,8,8,8,8,8,8,8,8,8,2
67,8,8,4,8,8,8,8,8,8,8,8,3,8,8,8,8,8,8,1,2,8
68,8,8,8,8,8,3,8,8,8,8,1,8,8,8,8,8,8,8,8,2,4
69,8,4,8,8,8,8,3,8,8,8,8,8,8,8,8,2,8,8,1,8,8
70,7,8,8,8,8,8,8,8,8,8,8,8,8,8,8,8,1,8,8,8,8
71,8,2,8,8,8,8,8,8,8,3,1,8,8,8,8,4,8,8,8,8,8
72,8,8,3,1,8,4,8,8,8,8,2,8,8,8,8,8,8,8,8,8,8
73,8,8,8,8,8,8,8,4,3,8,8,8,8,8,8,1,8,8,8,2,8
74,8,8,8,8,8,8,1,8,8,8,3,8,8,8,4,8,8,8,8,8,2
75,8,3,8,8,8,8,8,8,4,8,1,8,8,8,8,8,8,8,8,8,2
76,3,8,8,8,8,4,8,8,8,8,2,8,8,8,8,8,8,8,8,8,1
77,8,8,8,8,2,1,8,8,4,8,8,8,8,8,3,8,8,8,8,8,8
78,8,4,8,8,8,8,8,8,8,8,8,3,8,8,8,1,8,8,8,8,2
79,8,8,8,8,8,8,8,8,8,8,3,2,8,8,8,4,8,8,8,8,1
80,8,2,8,8,8,8,8,8,8,8,3,1,8,8,8,4,8,8,8,8,8
81,8,8,8,8,8,8,4,8,3,8,8,2,8,8,8,8,8,8,8,8,1
82,8,8,8,8,2,1,8,8,8,8,8,8,8,8,4,3,8,8,8,8,8
83,8,8,2,8,1,8,8,8,4,8,8,8,8,3,8,8,8,8,8,8,8
84,8,1,8,8,8,8,8,8,3,8,2,4,8,8,8,8,8,8,8,8,8
85,8,1,8,8,8,3,8,8,8,8,8,8,8,8,8,4,8,8,8,2,8
86,4,1,8,8,3,8,2,8,8,8,8,8,8,8,8,8,8,8,8,8,8
87,8,2,8,8,8,8,8,8,3,8,1,8,8,8,8,8,8,8,8,4,8
88,8,8,8,8,8,8,4,8,8,8,8,8,3,2,8,8,8,8,8,8,1
89,8,8,8,8,8,8,1,8,8,8,8,8,8,4,2,3,8,8,8,8,8
90,8,8,8,8,8,4,8,8,8,8,3,8,8,8,1,8,8,8,8,8,2
91,8,8,3,8,8,4,8,8,2,8,8,8,8,8,8,8,8,8,8,1,8
92,8,8,8,8,3,8,8,8,1,8,8,8,8,8,2,8,8,8,8,4,8
93,8,8,8,8,8,8,1,8,8,8,8,8,8,8,8,4,8,8,2,8,3
94,8,8,2,8,8,8,8,3,8,1,8,8,8,8,4,8,8,8,8,8,8
95,8,8,3,8,8,1,8,8,4,8,8,8,8,8,2,8,8,8,8,8,8
96,8,8,2,8,8,3,8,8,1,8,8,8,8,8,8,8,4,8,8,8,8
97,8,4,8,8,8,8,3,8,8,8,8,1,8,8,8,8,8,8,8,8,2
98,8,8,8,8,8,3,2,8,8,8,8,4,8,8,8,8,8,8,8,8,1
99,8,8,4,8,2,1,8,8,8,8,3,8,8,8,8,8,8,8,8,8,8
100,8,8,8,8,8,8,1,8,3,8,2,8,8,8,8,8,8,4,8,8,8
101,8,8,2,8,8,8,8,3,1,8,8,8,8,8,4,8,8,8,8,8,8
102,8,2,8,8,8,8,8,8,8,8,4,1,8,8,8,8,8,8,3,8,8
103,8,8,8,8,8,8,8,8,8,8,2,8,8,8,4,8,8,8,1,3,8
104,8,8,2,8,8,8,8,4,8,8,8,8,8,8,8,3,8,1,8,8,8
105,8,3,8,4,8,8,8,8,8,8,1,8,8,8,8,2,8,8,8,8,8
106,8,8,3,8,8,8,8,8,4,2,8,8,8,8,8,8,8,8,8,1,8
107,8,1,8,8,3,8,8,8,8,8,2,8,8,8,8,4,8,8,8,8,8
108,8,8,8,4,8,8,8,8,3,8,8,8,8,8,8,8,1,8,8,8,2
109,8,8,3,8,8,2,8,8,8,8,1,8,8,8,8,8,4,8,8,8,8
110,8,3,8,8,4,2,8,8,8,8,8,8,8,8,8,8,8,8,8,8,1
111,8,8,8,8,8,8,3,8,8,8,1,8,8,8,8,4,8,8,8,8,2
112,8,8,8,4,8,2,8,8,3,8,1,8,8,8,8,8,8,8,8,8,8
113,8,8,8,8,8,8,1,8,8,8,8,4,8,2,8,8,8,3,8,8,8
114,8,4,8,8,8,8,1,8,8,8,8,3,8,8,8,8,8,8,8,8,2
115,8,3,8,8,8,8,8,8,8,4,1,8,8,8,8,8,8,8,8,2,8
116,8,8,8,8,8,2,8,8,8,8,3,8,8,8,1,8,8,4,8,8,8
117,8,8,3,8,8,8,8,8,2,8,4,8,8,8,8,8,8,8,8,1,8
118,8,8,4,8,8,3,8,8,1,8,8,8,8,8,8,8,8,8,8,2,8
119,8,8,8,8,1,2,8,8,8,8,4,8,8,8,8,3,8,8,8,8,8
120,8,8,8,8,8,2,8,8,1,8,8,8,8,8,3,4,8,8,8,8,8
121,8,4,8,8,8,8,2,8,8,8,8,8,8,8,8,8,8,8,3,8,1
122,8,8,8,8,8,8,3,8,8,8,8,8,8,8,1,8,8,4,8,8,2
123,8,8,8,8,8,3,8,8,8,8,8,4,8,8,2,8,8,8,8,8,1
124,8,8,8,8,8,3,8,8,8,4,8,8,1,8,2,8,8,8,8,8,8
125,8,1,8,8,8,8,8,8,8,4,3,8,8,8,8,2,8,8,8,8,8
126,8,8,2,8,3,4,8,8,1,8,8,8,8,8,8,8,8,8,8,8,8
127,8,8,3,8,8,8,2,8,8,4,8,8,8,8,1,8,8,8,8,8,8
128,8,8,8,8,8,8,8,8,8,8,4,8,1,8,2,3,8,8,8,8,8
129,8,1,8,8,2,8,4,8,8,8,8,8,8,8,8,8,8,8,8,8,3
130,8,8,2,8,8,3,8,8,8,8,4,8,8,8,1,8,8,8,8,8,8
131,8,8,8,8,8,3,8,8,4,8,8,8,8,2,8,8,8,8,8,1,8
132,8,8,8,8,8,2,8,3,4,8,8,8,8,8,8,8,8,8,8,8,1
133,8,8,8,8,8,3,8,8,8,4,8,8,8,8,1,2,8,8,8,8,8
134,8,4,8,8,8,8,1,8,8,3,8,8,8,8,8,8,8,8,8,8,2
135,8,4,8,8,8,1,8,8,8,8,8,8,8,8,2,8,8,8,8,8,3
136,8,8,8,8,3,2,8,8,8,4,8,8,8,8,8,8,8,8,8,1,8
137,8,8,8,8,8,2,8,8,8,8,4,8,8,8,1,3,8,8,8,8,8
138,8,8,8,8,8,8,8,8,8,8,8,8,8,8,8,8,8,8,8,8,8
139,8,8,8,8,8,2,8,8,8,8,8,8,8,8,1,3,8,8,8,8,4
140,3,8,8,2,4,8,8,8,8,8,1,8,8,8,8,8,8,8,8,8,8
141,8,8,8,8,3,8,1,8,8,8,4,8,8,8,8,2,8,8,8,8,8
142,8,8,8,8,8,8,8,8,8,8,2,3,4,8,8,8,8,8,8,8,1
143,8,8,8,2,8,4,8,8,8,8,8,8,8,8,1,8,8,8,8,8,3
144,4,8,2,1,8,8,8,8,8,8,8,8,8,8,8,8,3,8,8,8,8
145,8,3,8,8,8,1,8,8,8,8,8,8,8,8,4,8,2,8,8,8,8
146,8,8,8,8,8,8,8,8,8,8,8,8,3,8,2,8,8,8,4,8,1
147,8,8,8,8,8,1,8,8,8,8,2,8,8,8,8,4,8,3,8,8,8
148,2,8,8,8,8,8,4,8,8,8,8,8,8,8,1,8,8,8,8,8,3
149,8,8,8,8,3,8,8,8,8,8,8,8,2,8,1,4,8,8,8,8,8
150,8,8,8,8,4,2,8,8,1,8,8,8,8,8,3,8,8,8,8,8,8
151,8,2,8,8,8,1,8,8,8,8,4,8,8,8,8,8,8,8,8,8,3
152,8,8,8,4,8,2,1,8,8,8,8,8,8,8,8,8,8,3,8,8,8
153,8,8,8,8,8,2,8,8,8,8,1,8,8,8,8,4,8,8,3,8,8
154,8,8,8,8,8,2,8,8,8,8,8,8,8,8,4,8,8,8,8,3,1
155,8,8,8,8,8,8,8,8,8,3,8,4,8,8,8,8,8,8,2,8,1
156,8,8,8,8,8,8,1,8,8,2,8,8,8,8,4,8,8,8,8,8,3
157,8,8,8,8,8,3,8,8,8,8,8,8,4,2,1,8,8,8,8,8,8
158,8,3,8,8,8,8,8,8,8,8,8,2,8,8,8,4,8,8,8,8,1
159,8,8,8,8,8,8,8,3,8,8,8,2,1,8,4,8,8,8,8,8,8
160,8,8,2,8,4,8,8,8,1,8,8,8,8,8,3,8,8,8,8,8,8
161,2,8,8,8,4,8,8,8,8,8,8,3,8,8,1,8,8,8,8,8,8
162,8,8,8,8,2,8,8,3,8,8,8,8,8,8,1,8,8,8,8,8,4
163,8,8,8,8,8,3,8,8,8,2,1,8,8,8,4,8,8,8,8,8,8
164,8,1,8,8,8,8,2,8,8,8,8,8,4,8,3,8,8,8,8,8,8
165,8,8,8,8,8,1,8,8,8,8,8,8,4,8,8,8,8,8,8,3,2
166,8,4,8,8,8,3,8,8,8,8,2,1,8,8,8,8,8,8,8,8,8
167,8,1,8,8,8,2,8,8,8,8,3,8,8,8,8,8,8,8,8,8,4
168,8,3,2,8,8,8,8,8,8,8,4,8,8,8,1,8,8,8,8,8,8
169,1,2,8,8,8,8,8,8,8,8,8,8,8,8,8,3,8,8,4,8,8
170,8,8,8,8,8,3,8,8,8,8,1,8,8,8,8,2,8,8,8,4,8
171,8,4,8,8,8,2,1,8,8,8,3,8,8,8,8,8,8,8,8,8,8
172,8,2,8,8,8,3,8,8,8,4,1,8,8,8,8,8,8,8,8,8,8
173,8,8,8,8,8,8,8,3,8,8,1,8,8,8,2,8,8,8,4,8,8
174,4,3,8,8,8,8,1,8,8,8,8,8,8,8,8,8,8,8,8,8,2
175,8,8,1,4,8,8,8,8,2,8,8,8,8,3,8,8,8,8,8,8,8
176,8,1,8,8,8,8,8,8,8,8,8,3,8,8,8,4,8,8,8,8,2
177,8,8,8,8,8,4,2,8,8,8,3,8,8,8,8,8,8,8,8,8,1
178,8,8,4,8,8,8,8,8,8,8,2,8,8,8,8,8,8,8,3,8,1
179,8,8,8,8,8,4,2,8,8,8,8,3,8,8,8,8,8,8,8,8,1
180,8,8,8,1,8,2,3,8,8,8,8,8,8,8,8,8,8,8,8,4,8
181,8,8,8,8,8,8,4,8,8,8,8,2,8,8,3,8,8,8,8,8,1
182,8,8,8,8,8,4,1,8,8,8,8,8,8,8,3,8,8,8,8,8,2
183,8,8,8,8,8,8,4,8,8,8,2,8,8,8,8,8,8,3,8,8,1
184,8,1,8,8,8,4,8,8,8,8,8,8,8,8,2,8,8,3,8,8,8
185,4,8,8,8,8,8,8,3,8,8,1,8,8,8,8,8,8,8,8,8,2
186,8,8,8,8,3,8,8,8,4,1,2,8,8,8,8,8,8,8,8,8,8
187,8,8,3,8,8,8,8,4,1,8,8,8,8,8,8,8,8,2,8,8,8
188,8,4,8,8,8,1,8,8,8,8,8,8,3,8,8,8,8,8,8,8,2
189,8,8,8,8,8,4,1,8,8,8,8,2,8,8,8,8,8,8,3,8,8
190,8,8,8,8,8,8,8,8,2,3,1,8,8,8,8,8,8,8,8,8,4
191,8,8,1,8,2,8,8,8,4,8,8,8,8,8,8,8,8,8,8,3,8
192,8,8,1,4,8,8,8,8,2,8,8,8,8,8,3,8,8,8,8,8,8
193,8,4,8,8,8,8,3,8,8,8,8,2,8,8,8,8,8,8,8,8,1
194,8,2,8,8,8,8,8,4,8,3,1,8,8,8,8,8,8,8,8,8,8
195,8,1,8,8,8,8,3,8,8,8,4,8,8,8,8,8,8,8,8,8,2
196,8,8,8,8,8,8,1,8,8,8,4,2,8,8,8,8,8,8,3,8,8
197,8,8,8,8,8,8,8,8,8,2,4,1,8,8,8,3,8,8,8,8,8
198,8,8,8,8,8,4,1,8,8,8,3,8,8,8,2,8,8,8,8,8,8
199,8,8,4,8,8,2,8,8,8,8,8,8,8,8,8,8,1,8,8,3,8
200,8,8,8,8,8,8,8,8,8,4,1,8,8,8,8,3,8,8,8,8,2
201,8,2,8,8,8,8,8,8,8,8,3,1,4,8,8,8,8,8,8,8,8
202,8,8,8,8,1,8,3,8,8,8,8,8,8,4,8,8,8,8,8,8,2
203,8,8,8,8,8,3,8,8,2,1,4,8,8,8,8,8,8,8,8,8,8
204,8,8,8,8,3,8,2,8,8,8,1,8,8,8,4,8,8,8,8,8,8
205,8,8,8,8,8,3,8,8,8,8,8,8,1,8,8,4,8,8,8,8,2
206,8,8,8,8,4,2,3,8,8,8,8,8,8,8,8,8,8,8,8,8,1
207,8,8,8,8,2,8,8,8,8,8,8,3,8,8,4,8,8,8,1,8,8
208,8,8,8,8,8,1,4,8,8,8,8,2,8,8,8,8,8,8,3,8,8
209,8,8,8,8,8,4,8,8,8,8,1,8,8,8,2,8,8,8,3,8,8
210,8,1,8,8,8,8,8,8,8,8,8,3,8,8,8,4,8,8,8,8,2
211,8,8,8,8,8,8,1,8,8,8,8,8,4,8,8,3,8,8,8,8,2
212,8,2,8,8,8,8,8,8,8,8,4,1,8,8,8,8,8,8,8,8,3
213,8,8,1,3,8,8,8,2,8,8,8,8,8,8,8,8,8,8,8,4,8
214,8,8,8,8,8,2,4,3,8,8,8,8,8,8,1,8,8,8,8,8,8
215,8,8,8,8,3,8,8,8,8,8,1,8,8,8,8,2,8,4,8,8,8
216,8,8,2,8,3,1,8,8,8,8,8,8,8,8,4,8,8,8,8,8,8
217,8,4,8,8,8,8,8,8,8,8,2,1,8,8,8,8,8,8,8,8,3
218,8,8,8,8,8,8,4,8,8,8,1,8,8,8,8,8,8,8,8,2,3
219,8,8,8,8,8,8,3,8,8,8,1,8,8,8,8,8,8,8,4,8,2
220,8,2,8,8,8,8,8,8,8,8,8,4,1,8,8,3,8,8,8,8,8
221,8,4,8,8,8,2,8,8,8,8,8,8,8,8,3,8,8,8,8,8,1
222,8,8,8,8,8,4,8,2,1,8,8,8,8,8,8,8,8,8,8,3,8
223,8,8,8,8,8,8,1,8,8,8,8,8,8,8,8,3,8,2,8,8,4
224,8,8,8,8,8,2,8,8,8,4,8,8,8,8,8,8,1,8,8,3,8
225,8,8,4,8,2,8,8,8,8,8,3,8,8,8,1,8,8,8,8,8,8
226,8,2,8,8,4,8,3,8,8,8,1,8,8,8,8,8,8,8,8,8,8
227,8,8,8,8,8,8,2,8,8,8,4,3,8,8,8,8,8,8,8,8,1
228,8,8,8,8,8,8,8,8,8,8,1,8,8,8,2,4,8,8,8,8,3
229,8,8,3,8,8,1,8,8,8,8,8,8,8,8,2,8,8,8,8,8,4
230,8,8,8,8,8,3,4,8,8,8,1,8,8,8,8,2,8,8,8,8,8
231,8,8,8,2,8,4,8,8,8,8,8,8,8,8,3,8,8,8,8,8,1
232,8,8,8,8,8,8,2,8,8,4,8,3,8,8,8,8,8,8,8,8,1
233,8,8,8,8,8,8,8,8,3,8,8,8,8,8,2,1,8,4,8,8,8
234,1,2,8,8,8,8,8,4,8,8,8,8,3,8,8,8,8,8,8,8,8
235,8,8,8,8,8,8,2,8,8,8,4,3,8,8,8,8,8,8,8,8,1
236,8,8,8,8,8,8,8,1,2,4,8,8,8,8,8,8,8,8,8,3,8
237,2,8,8,8,8,1,8,8,4,8,3,8,8,8,8,8,8,8,8,8,8
238,1,8,8,8,8,8,8,2,8,8,8,8,8,8,8,4,8,8,3,8,8
239,8,8,8,8,2,1,3,8,8,8,8,8,8,8,8,4,8,8,8,8,8
240,8,3,8,8,8,2,8,4,8,8,8,8,8,8,8,8,8,8,8,8,1
241,8,8,2,8,3,8,8,8,8,8,8,8,8,8,8,8,8,1,8,8,4
242,8,8,8,8,8,8,8,8,8,8,2,8,1,8,8,8,3,8,8,4,8
243,8,1,4,8,8,8,8,8,8,8,8,8,8,8,8,8,3,8,2,8,8
244,8,2,8,8,8,8,8,8,8,8,1,8,8,8,3,4,8,8,8,8,8
245,1,4,8,8,8,8,8,8,8,8,8,8,2,8,8,8,8,3,8,8,8
246,8,1,8,8,8,2,8,8,8,8,8,3,8,8,8,4,8,8,8,8,8
247,8,8,3,8,8,8,8,8,8,8,1,8,8,8,8,8,8,8,2,4,8
248,8,8,8,8,8,3,8,1,8,4,2,8,8,8,8,8,8,8,8,8,8
249,8,8,8,4,3,8,8,1,8,8,8,8,8,8,2,8,8,8,8,8,8
250,8,3,8,8,8,2,8,8,8,1,8,8,8,8,8,8,8,8,4,8,8
251,8,8,8,8,3,8,2,8,8,8,8,4,8,8,8,8,8,8,8,8,1
252,8,8,8,8,8,1,8,8,8,8,2,8,8,8,4,8,8,8,8,8,3
253,8,8,8,8,8,8,8,8,8,8,8,3,1,8,8,2,8,8,8,8,4
254,8,8,8,8,3,8,4,8,8,8,8,2,8,8,8,8,8,8,8,8,1
255,8,8,1,8,8,8,8,8,8,8,8,8,8,8,2,3,8,8,8,8,4
256,8,8,8,8,2,8,8,8,8,4,8,8,8,8,1,8,8,8,8,8,3
257,3,1,8,8,8,8,8,8,8,8,8,8,8,8,8,4,8,8,8,8,2
258,8,8,4,8,8,8,8,8,8,8,8,8,1,8,3,8,8,8,8,8,2
259,8,8,3,8,2,8,8,8,1,8,8,8,8,8,8,8,8,8,8,4,8
260,8,8,8,3,8,8,8,8,8,8,4,8,8,8,8,1,8,8,8,2,8
261,8,4,8,8,8,8,3,8,8,8,1,8,8,8,8,8,8,8,8,8,2
262,8,8,1,8,8,2,8,8,8,8,4,8,8,8,8,3,8,8,8,8,8
263,8,1,8,8,8,8,2,8,8,8,8,3,8,8,8,8,8,8,8,8,4
264,1,8,8,8,8,8,3,8,8,8,8,8,4,8,2,8,8,8,8,8,8
265,8,2,8,8,8,8,8,8,8,8,3,4,8,8,1,8,8,8,8,8,8
266,8,8,8,8,8,8,4,8,8,2,1,8,8,8,3,8,8,8,8,8,8
267,8,8,8,8,8,8,8,8,8,8,8,4,8,8,2,8,8,8,8,3,1
268,8,8,8,8,8,2,8,8,8,8,8,8,8,8,1,8,4,8,8,8,3
269,8,8,1,8,8,8,8,8,2,8,3,8,8,8,8,8,8,8,8,4,8
270,8,8,3,8,8,8,8,8,1,8,8,8,8,2,8,8,8,8,8,8,4
271,8,8,1,8,8,2,8,8,8,8,8,8,8,8,3,4,8,8,8,8,8
272,8,8,8,8,8,8,8,8,8,3,1,8,8,8,4,2,8,8,8,8,8
273,8,1,8,8,8,8,8,8,8,8,2,8,8,8,8,4,8,8,3,8,8
274,8,2,8,8,8,8,4,8,8,8,3,1,8,8,8,8,8,8,8,8,8
275,3,8,8,8,8,1,4,8,8,8,8,8,8,8,8,8,2,8,8,8,8
276,8,8,8,8,8,8,1,8,8,8,8,3,8,8,2,8,8,8,8,8,4
277,8,8,2,8,8,4,8,8,8,8,8,8,8,8,1,8,3,8,8,8,8
278,8,8,8,8,8,4,8,8,1,8,8,8,8,8,8,8,3,8,8,2,8
279,8,8,8,8,8,8,1,8,8,8,3,4,8,8,8,8,8,8,8,8,2
280,8,8,8,8,8,8,8,8,8,8,1,8,8,8,2,8,8,8,4,8,3
281,8,8,8,8,8,8,2,8,8,8,3,4,8,8,8,8,8,8,8,8,1
282,8,8,8,8,8,1,2,8,8,8,3,8,8,8,8,4,8,8,8,8,8
283,8,8,1,8,8,4,8,8,8,8,8,8,8,8,8,8,3,8,8,2,8
284,8,8,4,8,8,8,2,8,8,8,1,8,8,8,3,8,8,8,8,8,8
285,8,8,8,8,4,8,2,8,8,8,1,8,8,8,8,8,8,8,8,8,3
286,8,8,8,8,8,8,8,8,8,8,8,8,4,8,2,1,8,3,8,8,8
287,8,1,8,8,8,3,8,4,8,2,8,8,8,8,8,8,8,8,8,8,8
288,8,1,8,8,8,8,8,8,8,8,8,8,8,4,8,8,8,8,2,3,8
289,8,8,8,8,8,8,4,8,1,8,2,8,8,8,3,8,8,8,8,8,8
290,8,8,8,8,8,8,8,3,8,4,8,8,8,8,1,2,8,8,8,8,8
291,8,8,8,8,1,8,8,8,2,8,8,8,8,8,8,8,8,8,8,4,3
292,8,8,8,8,8,8,3,8,8,8,8,8,8,8,8,1,8,8,2,8,4
293,8,8,8,8,8,3,8,2,1,8,4,8,8,8,8,8,8,8,8,8,8
294,8,2,8,8,8,4,8,8,8,8,3,8,8,8,8,8,8,8,8,8,1
295,8,8,8,8,8,8,8,8,8,8,8,8,8,8,8,3,8,8,8,8,8
296,2,8,8,3,8,8,8,8,8,8,8,8,1,8,8,4,8,8,8,8,8
297,8,8,2,8,8,3,8,8,8,8,8,8,8,8,4,8,8,8,1,8,8
298,8,1,8,8,8,8,8,4,8,2,8,8,8,8,3,8,8,8,8,8,8
299,8,8,2,8,8,8,8,1,3,8,8,8,8,4,8,8,8,8,8,8,8
300,8,8,8,8,8,8,3,8,8,8,1,2,8,8,4,8,8,8,8,8,8
301,2,8,8,8,8,8,4,8,3,8,8,8,8,8,8,8,8,8,8,8,1
302,8,8,8,8,4,2,8,8,8,1,8,8,8,8,3,8,8,8,8,8,8
303,8,8,8,8,8,8,2,8,8,8,8,8,3,8,4,8,8,8,8,8,1
304,8,8,8,8,8,8,8,8,8,8,8,8,3,8,1,2,8,4,8,8,8
305,8,8,8,8,8,3,8,2,8,8,8,8,8,8,1,8,8,4,8,8,8
306,8,8,8,8,1,8,8,8,8,8,8,8,8,4,2,8,8,8,8,8,3
307,8,3,8,8,8,8,1,8,8,8,8,2,8,8,8,8,8,8,8,8,4
308,8,8,8,8,8,1,8,2,3,8,8,8,8,4,8,8,8,8,8,8,8
309,8,8,8,8,8,8,8,8,8,8,1,8,8,8,8,3,8,8,4,8,2
310,8,8,2,8,8,4,8,3,8,8,8,8,1,8,8,8,8,8,8,8,8
311,8,1,8,8,8,8,8,2,8,8,4,8,8,8,8,8,8,8,8,8,3
312,8,8,8,8,8,8,8,8,8,8,8,8,1,8,8,4,8,8,2,8,3
313,8,8,4,8,8,3,8,8,8,8,8,8,8,8,8,1,8,8,8,2,8
314,8,8,8,8,8,4,3,8,8,8,1,8,8,8,8,8,8,8,8,8,2
315,1,8,8,8,3,8,8,8,8,8,8,8,8,8,2,8,8,8,8,8,4
316,1,8,8,8,8,8,3,8,8,8,8,8,8,8,8,8,8,8,4,8,2
317,8,8,8,8,8,1,2,8,8,8,8,8,8,8,8,8,8,8,4,3,8
318,8,4,8,8,8,8,8,8,8,8,1,2,3,8,8,8,8,8,8,8,8
319,8,8,8,3,4,8,8,2,8,8,8,8,8,8,8,8,1,8,8,8,8
320,8,8,8,8,8,2,8,8,8,8,4,8,8,8,8,8,8,1,8,8,3
321,8,8,4,8,8,8,8,8,8,8,8,8,3,2,8,8,8,8,8,8,1
322,8,4,8,8,8,8,1,8,8,8,8,8,8,8,8,8,8,8,3,8,2
323,8,4,3,8,8,8,8,2,8,8,8,8,8,8,1,8,8,8,8,8,8
324,8,4,3,8,8,8,8,8,8,1,2,8,8,8,8,8,8,8,8,8,8
325,8,8,8,8,8,8,1,8,8,8,3,2,8,8,8,8,8,8,4,8,8
326,8,8,1,8,8,4,8,3,2,8,8,8,8,8,8,8,8,8,8,8,8
327,8,8,3,8,1,8,8,8,8,8,8,4,8,8,8,8,8,8,8,8,2
328,8,8,4,8,8,2,8,8,8,8,8,8,8,8,1,8,8,8,8,8,3
329,8,8,8,8,8,8,8,8,8,8,1,3,8,8,8,2,8,8,8,8,4
330,3,8,8,8,4,8,8,8,8,8,8,8,8,2,8,8,1,8,8,8,8
331,8,1,8,8,8,8,4,8,8,8,8,8,8,8,8,3,8,8,8,8,2
332,4,8,8,8,3,8,8,8,2,8,8,8,8,8,8,8,1,8,8,8,8
333,8,8,8,8,8,8,1,8,8,4,2,8,8,8,8,8,8,8,3,8,8
334,8,8,1,8,8,8,8,8,4,8,8,8,8,8,8,8,8,8,2,8,3
335,8,8,8,8,8,8,8,8,8,3,2,4,8,8,1,8,8,8,8,8,8
336,8,4,8,8,8,8,8,8,8,8,2,8,8,8,8,1,8,8,3,8,8
337,2,8,8,8,4,8,3,8,8,8,8,8,1,8,8,8,8,8,8,8,8
338,8,2,8,8,8,4,1,8,8,8,3,8,8,8,8,8,8,8,8,8,8
339,8,8,4,8,1,8,3,8,8,8,8,8,8,8,2,8,8,8,8,8,8
340,8,8,8,8,8,4,8,3,8,8,8,8,8,8,1,8,2,8,8,8,8
341,8,8,8,8,3,8,8,2,8,1,8,8,8,8,8,8,8,8,8,4,8
342,8,8,8,8,4,8,2,8,8,8,8,8,8,8,3,8,8,8,8,8,1
343,8,8,8,8,4,8,8,8,8,8,8,2,8,8,8,8,8,3,1,8,8
344,8,8,8,8,8,8,4,8,8,8,8,8,8,8,2,8,8,8,3,8,1
345,8,8,8,8,8,4,8,8,1,8,8,8,8,8,2,8,8,8,8,3,8
346,8,8,8,8,8,8,8,8,2,8,8,4,8,8,3,8,8,8,8,8,1
347,8,3,8,8,8,8,8,8,8,2,1,8,8,8,4,8,8,8,8,8,8
348,8,8,4,8,2,3,8,8,8,8,8,8,8,8,8,8,8,8,8,1,8
349,8,4,8,8,8,2,8,8,8,8,1,8,8,8,8,3,8,8,8,8,8
350,8,8,8,8,4,8,3,8,8,8,8,8,8,8,1,8,8,8,8,8,2
351,8,8,8,8,8,3,8,8,8,8,1,8,8,8,8,8,8,8,8,4,2
352,8,3,8,8,8,8,8,8,8,8,2,8,8,8,8,4,8,8,8,8,1
353,8,8,8,8,8,1,3,8,8,8,8,8,8,8,8,8,8,2,8,4,8
354,8,8,8,8,8,8,2,8,8,3,8,8,8,8,8,8,1,8,8,4,8
355,8,1,8,8,8,3,8,8,8,8,8,2,8,8,8,8,8,8,8,4,8
356,8,8,8,8,8,8,8,8,8,8,1,8,2,8,8,8,8,8,3,4,8
357,8,8,3,8,8,8,8,8,1,2,8,8,4,8,8,8,8,8,8,8,8
358,8,4,8,8,8,8,8,8,8,8,1,3,8,8,8,8,8,8,2,8,8
359,8,8,8,3,8,2,8,8,8,8,1,8,8,8,8,8,8,4,8,8,8
360,8,2,8,8,8,8,8,8,8,8,8,8,8,8,8,1,8,8,3,4,8
361,8,8,8,8,8,3,8,4,2,8,8,8,8,8,1,8,8,8,8,8,8
362,8,8,8,8,8,8,3,2,4,8,8,8,8,8,8,8,8,1,8,8,8
363,4,3,8,8,8,8,8,8,8,8,2,8,8,8,1,8,8,8,8,8,8
364,8,4,8,8,8,8,2,8,8,3,8,8,8,8,8,1,8,8,8,8,8
365,8,3,8,8,8,2,8,8,8,8,8,8,8,8,8,8,8,8,4,8,1
366,8,3,8,8,8,2,1,8,8,8,8,8,8,8,8,8,8,8,8,8,4
367,8,8,4,8,3,8,8,8,8,8,8,8,8,8,2,8,1,8,8,8,8
368,8,8,3,8,8,8,8,8,8,8,2,8,8,8,8,8,8,8,8,1,4
369,8,1,8,8,8,8,3,8,8,8,2,8,8,8,4,8,8,8,8,8,8
370,8,2,8,8,8,4,8,8,8,8,3,8,8,8,8,8,8,8,8,8,1
371,2,8,8,8,8,8,4,8,8,8,8,3,8,8,8,8,8,8,8,8,1
372,8,4,8,8,8,8,3,8,8,8,1,8,8,8,8,8,8,8,2,8,8
373,8,8,8,8,8,3,4,8,8,8,1,8,8,8,8,8,8,8,8,8,2
374,8,8,8,8,8,3,8,8,8,2,4,8,8,8,8,8,8,8,8,1,8
375,8,8,8,8,8,4,8,8,3,8,8,8,8,8,2,1,8,8,8,8,8
376,8,8,8,8,8,8,8,8,8,8,3,4,8,8,8,8,8,8,2,8,1
377,1,2,8,8,8,8,8,8,8,8,3,8,4,8,8,8,8,8,8,8,8
378,8,8,8,8,8,8,8,4,3,8,8,2,8,8,8,8,8,1,8,8,8
379,1,4,8,8,8,8,8,8,8,8,8,3,2,8,8,8,8,8,8,8,8
380,8,8,8,8,8,8,8,8,8,4,3,8,1,8,8,2,8,8,8,8,8
381,8,3,8,8,8,1,8,8,8,2,4,8,8,8,8,8,8,8,8,8,8
382,8,8,8,8,8,3,8,1,4,8,2,8,8,8,8,8,8,8,8,8,8
383,8,8,8,8,8,8,8,8,4,8,8,8,2,1,8,8,3,8,8,8,8
384,8,8,8,8,8,2,8,8,1,8,8,8,8,8,4,8,8,8,8,3,8
385,8,8,8,8,8,2,3,8,8,8,8,4,8,8,8,8,8,8,8,8,1
386,8,8,8,8,8,1,8,8,8,4,3,2,8,8,8,8,8,8,8,8,8
387,8,8,8,8,8,2,1,8,8,8,3,8,8,8,8,8,8,8,8,4,8
388,8,2,3,8,8,8,8,8,8,1,8,8,8,8,8,8,8,8,8,8,4
389,8,8,8,8,2,3,8,8,8,8,8,8,8,8,8,8,8,4,8,8,1
390,8,8,8,8,4,3,8,8,8,1,8,8,8,2,8,8,8,8,8,8,8
391,8,1,8,8,8,8,2,8,8,8,4,8,8,8,8,8,8,8,8,8,3
392,8,8,8,8,8,8,8,3,8,1,8,8,8,8,8,2,8,8,8,4,8
393,8,8,8,8,8,8,8,8,8,4,2,8,8,8,8,8,8,8,8,3,1
394,8,2,8,8,8,8,8,8,8,8,3,4,8,8,8,8,8,8,8,8,1
395,8,4,8,8,8,8,8,8,8,1,8,8,3,8,8,8,8,8,8,8,2
396,8,8,8,8,8,8,8,8,8,8,1,2,8,8,3,4,8,8,8,8,8
397,8,3,8,8,8,8,2,8,8,8,4,8,8,8,8,8,8,8,8,8,1
398,8,8,8,8,8,2,8,8,1,8,8,8,8,8,8,8,8,4,8,8,3
399,8,1,8,8,4,8,2,8,8,8,8,8,8,8,8,8,8,8,8,8,3
400,8,2,8,8,8,8,3,8,8,8,1,4,8,8,8,8,8,8,8,8,8
401,8,8,8,8,1,2,8,8,8,3,8,8,8,8,8,8,8,8,8,4,8
402,8,8,8,8,8,8,2,8,8,8,4,3,8,8,8,8,8,8,8,8,1
403,8,8,3,8,8,4,8,8,8,8,8,8,8,8,2,8,8,8,8,8,1
404,8,4,8,8,2,8,8,8,8,8,1,8,8,8,8,8,8,8,8,8,3
405,8,8,8,3,8,1,8,8,2,8,8,8,8,8,4,8,8,8,8,8,8
406,8,8,8,8,8,8,8,8,2,8,8,8,8,3,1,8,8,8,8,4,8
407,8,8,8,8,8,8,3,8,8,8,2,8,8,8,8,8,8,8,1,8,4
408,8,8,8,8,2,3,8,8,8,8,8,8,8,8,8,8,8,4,8,8,1
409,8,8,8,8,2,3,4,8,8,8,8,8,8,8,8,1,8,8,8,8,8
410,8,8,8,8,8,1,3,8,8,8,2,8,8,8,8,8,8,8,4,8,8
411,8,8,4,8,8,1,8,8,3,8,8,8,8,8,2,8,8,8,8,8,8
412,8,1,8,8,8,8,8,8,8,8,4,8,8,8,8,8,8,3,8,8,2
413,8,8,8,8,8,8,8,8,8,8,2,3,8,8,8,1,8,8,4,8,8
414,8,4,8,8,8,2,8,8,8,8,8,1,8,8,8,8,8,8,8,8,3
415,8,8,1,8,8,8,8,8,8,2,8,8,8,8,8,4,8,8,3,8,8
416,8,8,8,8,8,3,8,8,8,1,2,4,8,8,8,8,8,8,8,8,8
417,8,8,8,8,8,3,8,8,8,8,4,8,8,8,2,1,8,8,8,8,8
418,8,3,8,8,8,8,2,4,8,8,8,8,8,8,8,8,8,8,8,1,8
419,8,4,8,8,8,8,8,8,8,8,3,2,8,8,8,8,8,8,1,8,8
420,8,2,8,8,8,8,3,8,8,8,4,8,8,8,8,8,8,8,1,8,8
421,8,8,8,8,3,8,1,8,8,8,2,8,8,8,8,4,8,8,8,8,8
422,8,8,8,8,8,8,8,8,4,8,1,8,8,2,8,8,8,3,8,8,8
423,8,4,8,8,8,8,8,2,8,8,1,8,8,8,3,8,8,8,8,8,8
424,8,8,8,8,8,8,8,8,8,8,1,2,8,8,4,8,8,8,8,8,3
425,8,8,8,8,8,2,8,4,3,8,1,8,8,8,8,8,8,8,8,8,8
426,8,8,8,8,8,1,8,8,2,3,8,8,8,8,4,8,8,8,8,8,8
427,8,8,1,8,8,3,8,8,2,8,8,8,8,8,8,8,4,8,8,8,8
428,8,8,8,8,4,8,8,8,8,8,8,8,1,8,8,2,8,8,8,3,8
429,8,8,8,8,8,3,8,8,8,8,1,8,8,8,4,8,8,8,8,8,2
430,8,8,8,8,8,8,8,8,8,8,4,8,8,8,2,3,8,8,8,8,1
431,8,2,8,8,8,8,3,8,8,8,8,8,8,8,8,8,8,8,4,8,1
432,8,8,8,8,8,1,8,8,8,8,3,8,8,8,8,2,8,4,8,8,8
433,8,4,8,8,8,8,8,8,8,8,8,2,3,8,8,8,8,8,8,8,1
434,8,8,2,8,8,4,8,8,1,8,8,8,8,8,8,8,8,8,8,3,8
435,8,2,8,8,8,3,8,8,8,8,8,8,8,8,1,4,8,8,8,8,8
436,2,8,1,8,8,8,8,8,8,8,8,8,8,8,8,8,8,8,8,4,3
437,8,1,8,8,8,8,3,8,8,8,2,8,8,8,8,8,8,8,8,8,4
438,8,8,8,8,8,8,8,4,8,1,8,8,8,8,3,8,8,8,2,8,8
439,8,8,8,8,8,8,1,8,8,8,3,8,8,2,8,8,8,8,8,8,4
440,8,1,8,8,8,3,2,8,8,8,8,4,8,8,8,8,8,8,8,8,8
441,8,8,8,8,8,3,8,8,8,8,1,8,2,8,4,8,8,8,8,8,8
442,8,8,4,8,3,8,8,8,2,8,8,8,8,8,1,8,8,8,8,8,8
443,8,2,8,8,8,8,3,8,8,8,8,8,8,8,1,4,8,8,8,8,8
444,8,1,8,8,8,8,4,8,8,8,8,8,8,8,8,8,8,8,3,8,2
445,8,8,8,8,8,3,8,8,8,8,1,4,8,8,8,8,8,8,8,8,2
446,8,8,2,8,8,8,8,8,3,8,1,8,8,8,8,4,8,8,8,8,8
447,8,4,8,8,8,8,1,8,8,8,3,2,8,8,8,8,8,8,8,8,8
448,8,8,8,8,8,2,8,1,3,4,8,8,8,8,8,8,8,8,8,8,8
449,8,8,8,8,8,8,8,8,8,3,2,4,8,8,1,8,8,8,8,8,8
450,3,8,8,8,8,4,8,8,8,8,2,8,8,8,8,8,8,8,8,8,1
451,8,4,8,8,8,8,2,8,8,8,8,3,8,8,8,8,8,8,8,8,1
452,8,8,8,8,8,8,8,8,8,8,4,2,3,8,8,8,8,8,8,8,1
453,8,8,8,8,2,4,8,8,8,8,8,8,8,8,3,8,8,8,8,8,1
454,8,8,8,8,8,3,2,8,8,8,8,8,8,8,8,4,8,8,8,8,1
455,8,8,8,8,4,8,8,1,8,8,8,8,8,8,3,8,8,2,8,8,8
456,8,8,8,8,3,8,8,4,8,8,1,8,8,8,8,8,8,8,8,2,8
457,8,8,8,8,8,8,4,8,8,8,2,3,8,8,8,8,8,8,8,8,1
458,8,8,8,8,4,3,8,8,8,1,8,8,8,8,8,8,8,2,8,8,8
459,8,8,8,8,8,3,8,8,8,2,8,8,8,8,1,8,8,8,8,4,8
460,8,8,8,8,8,4,8,8,8,8,8,8,8,8,1,8,8,2,3,8,8
461,8,8,8,8,3,4,8,8,8,8,8,8,8,8,8,2,8,8,8,1,8
462,8,4,8,8,8,8,1,8,8,8,3,8,8,8,8,8,8,8,2,8,8
463,8,8,2,8,8,8,8,8,3,8,8,8,8,8,8,8,8,8,1,8,4
464,8,8,4,8,8,1,8,8,3,8,8,8,8,8,2,8,8,8,8,8,8
465,1,2,8,8,4,3,8,8,8,8,8,8,8,8,8,8,8,8,8,8,8
466,8,8,8,4,8,8,2,8,8,8,8,8,8,8,1,8,8,3,8,8,8
467,8,8,8,8,8,4,8,2,8,8,8,8,8,8,8,1,8,8,8,3,8
468,4,8,8,8,8,8,2,8,8,8,8,8,1,8,8,3,8,8,8,8,8
469,8,8,8,8,3,8,8,4,8,8,1,8,8,2,8,8,8,8,8,8,8
470,8,8,8,8,8,4,8,8,2,1,8,8,8,8,8,8,3,8,8,8,8
471,1,8,8,8,8,8,8,8,8,8,8,8,8,8,3,4,8,8,8,2,8
472,1,4,8,8,8,8,8,8,8,8,8,3,8,8,8,8,8,8,8,8,2
473,4,2,8,8,8,8,3,8,8,8,8,8,1,8,8,8,8,8,8,8,8
474,1,8,8,2,3,8,8,8,8,8,8,8,4,8,8,8,8,8,8,8,8
475,8,8,8,8,8,8,4,8,8,8,3,8,8,8,1,8,8,8,8,2,8
476,8,1,8,8,8,8,2,8,8,8,8,8,4,8,8,8,8,8,8,8,3
477,8,3,8,8,8,8,1,8,8,8,8,8,8,8,8,8,8,8,4,8,2
478,8,8,8,8,8,3,8,8,8,1,2,8,8,8,8,8,8,8,8,4,8
479,8,8,8,8,8,8,4,8,8,8,1,2,8,8,8,8,8,8,8,8,3
480,8,8,8,8,8,8,8,2,4,8,8,8,8,3,1,8,8,8,8,8,8
481,8,8,8,8,8,1,8,4,8,8,2,8,8,8,3,8,8,8,8,8,8
482,8,2,8,4,8,8,8,8,3,8,1,8,8,8,8,8,8,8,8,8,8
483,8,8,3,8,8,8,8,2,8,8,8,8,8,4,1,8,8,8,8,8,8
484,8,8,8,8,8,2,8,3,8,8,4,8,8,1,8,8,8,8,8,8,8
485,8,8,8,8,8,8,8,4,1,8,3,8,8,8,2,8,8,8,8,8,8
486,8,8,8,8,8,8,8,8,8,1,8,8,8,8,3,2,8,8,4,8,8
487,8,8,8,8,8,3,8,8,1,4,8,8,8,8,2,8,8,8,8,8,8
488,8,8,8,8,8,8,2,8,8,8,8,3,8,8,8,8,8,8,1,8,4
489,8,8,8,8,4,3,8,1,2,8,8,8,8,8,8,8,8,8,8,8,8
490,8,1,8,8,8,3,8,8,8,8,4,8,8,8,8,2,8,8,8,8,8
491,8,8,8,8,3,8,8,8,8,8,8,8,8,8,2,8,8,8,4,8,1
492,8,8,2,8,3,8,8,8,8,8,8,8,8,8,8,8,8,4,8,8,1
493,8,8,8,8,8,4,8,8,8,8,8,8,8,8,3,2,8,8,8,8,1
494,8,8,1,8,3,4,8,8,8,8,8,8,8,8,8,2,8,8,8,8,8
495,8,4,8,8,8,1,8,8,8,8,8,8,8,8,8,3,8,8,8,8,2
496,8,8,8,8,8,3,8,8,8,8,8,8,8,8,2,8,8,4,8,1,8
497,8,8,8,4,8,1,8,8,2,8,8,8,8,8,8,8,3,8,8,8,8
498,8,8,8,8,4,1,8,8,8,8,8,8,8,8,2,8,8,3,8,8,8
499,8,8,4,8,8,3,8,2,1,8,8,8,8,8,8,8,8,8,8,8,8
500,8,4,1,8,8,8,8,8,2,8,8,8,8,8,8,8,8,8,8,8,3
501,8,8,8,8,8,4,8,8,8,8,1,8,8,8,8,2,8,8,8,3,8
502,8,8,8,8,8,8,8,8,4,8,1,8,8,8,8,3,8,8,8,2,8
503,8,8,8,8,8,8,8,8,8,8,8,3,8,8,2,8,8,1,8,8,4
504,2,4,8,8,8,8,8,8,8,8,8,8,1,8,8,8,8,8,8,8,3
505,8,8,8,8,8,8,4,8,3,8,8,8,8,8,1,8,8,8,2,8,8
506,8,8,8,8,8,8,8,4,8,8,8,2,8,8,8,8,8,8,8,1,3
507,8,8,8,8,8,3,4,8,8,2,8,8,8,8,1,8,8,8,8,8,8
508,8,8,8,8,4,8,8,8,8,3,8,8,8,1,8,8,8,2,8,8,8
509,8,1,8,8,8,8,3,8,8,8,8,8,8,8,8,8,8,4,8,8,2
510,8,2,8,8,8,8,3,8,8,8,4,8,8,8,8,8,8,8,8,8,1
511,3,8,8,8,8,8,8,3,8,8,8,8,4,8,8,2,8,8,8,8,8
512,8,8,8,8,4,8,8,3,8,8,8,8,8,8,1,8,8,8,8,8,2
513,8,8,8,8,8,8,1,8,8,3,8,8,8,8,8,8,8,4,2,8,8
514,8,8,8,8,8,8,8,8,8,8,8,1,2,8,4,3,8,8,8,8,8
515,8,8,8,8,8,8,8,8,8,3,4,8,2,8,8,1,8,8,8,8,8
516,8,8,8,8,8,8,3,8,8,8,4,1,8,8,8,8,8,8,8,8,2
517,8,1,8,8,8,8,8,8,8,8,8,3,8,8,4,8,8,8,8,8,2
518,8,8,1,8,8,2,8,8,8,8,3,8,8,8,8,8,8,8,8,4,8
519,8,3,8,8,8,2,8,8,8,4,8,8,8,8,1,8,8,8,8,8,8
520,8,8,8,8,8,8,8,8,1,8,8,3,8,8,8,2,8,4,8,8,8
521,8,8,8,8,8,8,8,8,8,8,3,4,1,8,8,8,8,8,8,8,2
522,8,4,8,8,8,2,1,8,8,8,8,8,8,8,8,8,8,8,8,8,3
523,8,8,3,8,8,1,4,8,8,8,8,8,8,8,2,8,8,8,8,8,8
524,8,8,8,8,1,8,8,8,8,8,3,8,8,8,8,4,8,8,8,8,2
525,8,8,4,8,8,8,3,8,8,8,1,8,8,8,2,8,8,8,8,8,8
526,8,8,8,8,8,2,3,8,8,8,1,8,8,8,8,8,8,8,8,8,4
527,8,8,8,8,8,8,2,8,8,8,8,8,8,8,8,8,8,3,4,8,1
528,8,8,4,8,1,8,8,8,8,8,8,8,8,8,8,8,3,8,8,2,8
529,8,8,3,8,4,2,8,8,8,8,8,8,8,8,1,8,8,8,8,8,8
530,8,2,8,8,8,4,8,8,8,8,8,8,8,8,3,8,8,8,8,8,1
531,8,8,8,8,8,8,8,8,8,4,2,8,8,8,8,8,8,8,3,8,1
532,8,1,8,8,8,8,8,4,8,3,2,8,8,8,8,8,8,8,8,8,8
533,8,3,8,8,8,8,2,8,8,8,4,8,8,8,8,8,8,8,8,8,1
534,8,8,8,4,8,8,8,8,1,8,8,8,8,8,3,8,2,8,8,8,8
535,8,2,8,8,8,8,8,8,1,8,8,8,8,4,8,8,3,8,8,8,8
536,4,2,8,8,8,3,8,8,8,8,8,8,8,8,8,1,8,8,8,8,8
537,8,8,8,8,8,2,4,8,8,8,8,8,8,8,1,8,3,8,8,8,8
538,8,8,8,8,4,8,8,2,8,8,8,8,8,1,8,8,8,8,8,8,3
539,8,8,8,8,8,8,8,2,1,8,8,8,4,8,8,8,8,3,8,8,8
540,8,8,8,8,8,8,1,8,8,8,3,8,8,8,8,8,4,8,8,2,8
541,8,8,4,8,8,8,8,8,8,2,8,8,8,8,1,3,8,8,8,8,8
542,8,8,3,8,8,2,8,8,4,8,8,8,8,8,1,8,8,8,8,8,8
543,8,4,8,8,8,1,8,8,8,8,2,8,8,8,8,8,8,8,3,8,8
544,8,8,8,8,1,8,8,8,8,8,8,8,8,8,3,8,8,8,4,8,2
545,8,2,8,8,8,8,8,8,8,8,8,1,8,8,4,8,8,3,8,8,8
546,8,8,1,8,8,4,8,8,3,8,2,8,8,8,8,8,8,8,8,8,8
547,8,8,8,8,8,8,8,8,8,4,2,8,1,8,8,3,8,8,8,8,8
548,8,3,8,8,8,8,8,8,8,8,1,8,8,8,8,2,8,8,4,8,8
549,8,8,8,3,4,2,8,8,8,8,8,8,8,8,8,8,8,8,8,8,1
550,8,8,8,8,8,3,8,8,8,8,8,2,4,8,8,1,8,8,8,8,8
551,8,8,2,8,8,8,8,8,1,8,8,8,8,8,8,8,8,8,3,4,8
552,8,8,8,8,8,8,8,4,8,2,8,8,8,8,1,8,8,3,8,8,8
553,7,2,8,8,8,8,8,8,4,8,3,8,8,1,8,8,8,8,8,8,8
554,8,8,8,2,8,8,8,8,1,8,3,8,8,8,8,8,8,8,8,8,4
555,8,8,8,8,8,8,8,2,8,8,1,8,8,4,3,8,8,8,8,8,8
556,8,1,8,8,8,8,4,8,8,8,8,8,8,8,3,8,8,8,8,8,2
557,8,8,8,8,8,8,8,8,8,3,4,8,1,8,8,8,8,8,8,8,2
558,8,8,8,8,2,8,4,8,8,8,8,8,8,8,1,8,8,8,8,8,3
559,8,8,8,8,8,8,8,8,3,8,1,8,8,4,8,8,8,8,8,2,8
560,8,8,4,8,8,8,8,8,2,8,1,8,8,8,8,8,8,8,3,8,8
561,8,8,8,8,2,8,8,8,3,8,1,8,8,8,8,8,4,8,8,8,8
562,8,8,1,8,3,8,8,2,8,8,8,8,8,8,8,8,8,8,8,4,8
563,8,4,8,8,8,3,8,8,8,1,8,8,8,8,8,8,8,8,8,8,2
564,8,2,8,8,8,4,8,8,8,8,3,8,8,8,8,8,8,8,1,8,8
565,8,8,4,8,8,2,8,8,3,8,8,8,8,8,8,8,8,8,8,1,8
566,8,8,4,8,8,2,8,8,8,8,8,8,8,8,1,8,8,8,8,8,3
567,8,8,2,8,8,8,8,3,8,4,8,8,8,8,8,8,8,8,8,8,1
568,8,8,8,8,8,8,8,3,4,1,8,8,8,8,8,8,8,8,8,2,8
569,3,8,8,8,8,8,8,8,8,8,8,8,8,8,2,1,8,8,8,4,8
570,8,8,8,8,8,4,3,8,8,8,2,1,8,8,8,8,8,8,8,8,8
571,8,8,8,8,8,8,8,8,8,8,4,8,1,8,2,3,8,8,8,8,8
572,8,8,8,8,8,8,8,8,8,8,8,4,1,8,8,2,8,8,3,8,8
573,8,8,8,8,1,3,8,8,8,8,8,8,8,8,2,8,8,4,8,8,8
574,8,2,8,8,8,8,8,8,8,8,3,8,8,8,8,1,8,8,8,8,4
575,8,8,8,8,8,1,8,8,8,8,4,8,8,8,3,8,8,8,8,2,8
576,8,8,3,8,8,8,8,8,2,8,8,8,8,8,8,8,1,8,8,4,8
577,8,4,8,8,1,8,8,8,8,8,3,2,8,8,8,8,8,8,8,8,8
578,8,8,8,8,8,4,8,8,8,3,8,8,8,8,2,1,8,8,8,8,8
579,8,1,8,8,8,8,8,8,8,8,8,3,8,8,8,8,8,8,4,2,8
580,1,8,3,8,2,8,8,8,8,8,8,8,8,8,8,8,8,8,8,4,8
581,8,8,8,8,8,8,8,1,4,2,8,8,8,8,8,8,8,8,8,3,8
582,8,8,8,8,8,4,8,8,8,8,8,1,8,8,8,8,8,8,2,8,3
583,8,8,3,8,1,8,8,8,8,8,4,8,8,2,8,8,8,8,8,8,8
584,8,8,8,8,8,8,8,8,8,8,4,3,8,8,8,1,8,8,8,8,2
585,8,8,8,8,8,3,4,8,8,2,8,8,8,8,8,8,8,8,8,1,8
586,2,8,8,8,8,8,8,4,1,8,8,8,8,8,3,8,8,8,8,8,8
587,8,8,4,8,8,2,8,8,3,8,8,8,8,8,1,8,8,8,8,8,8
588,8,8,1,8,8,2,8,8,3,8,8,8,8,8,4,8,8,8,8,8,8
589,8,8,8,8,8,3,8,8,8,8,4,8,8,8,8,8,8,8,1,2,8
590,8,8,8,8,8,1,8,3,8,2,8,8,8,8,4,8,8,8,8,8,8
591,8,8,4,8,3,8,1,8,8,8,8,8,8,8,8,8,8,8,8,8,2
592,8,4,8,8,8,1,8,8,8,8,8,8,8,8,2,8,8,8,8,8,3
593,8,8,8,8,8,8,8,1,3,8,8,8,8,2,8,8,8,8,8,4,8
594,4,8,8,8,8,8,1,8,8,8,8,8,8,8,8,8,8,2,8,8,3
595,8,8,8,8,8,8,8,8,8,8,2,3,8,8,4,8,8,8,8,8,1
596,8,8,8,8,8,8,8,8,8,8,2,1,8,8,4,8,3,8,8,8,8
597,4,8,8,8,8,1,8,8,8,8,8,8,8,8,8,3,8,2,8,8,8
598,2,8,4,1,8,8,8,8,8,8,8,8,8,8,8,8,8,8,8,3,8
599,4,8,8,8,2,8,8,8,8,8,3,8,1,8,8,8,8,8,8,8,8
600,8,8,8,8,3,8,8,8,2,8,8,8,8,8,4,8,1,8,8,8,8
601,8,1,8,8,8,8,8,8,8,8,8,2,8,8,8,8,8,4,8,8,3
602,8,8,3,8,8,8,4,8,2,8,8,8,8,8,8,8,8,8,8,1,8
603,8,8,2,8,8,8,4,8,8,8,8,8,1,8,8,8,8,8,8,8,3
604,8,8,8,8,4,8,8,8,2,8,8,8,8,3,8,8,1,8,8,8,8
605,8,8,8,8,8,8,8,3,8,8,8,8,4,1,8,8,8,2,8,8,8
606,8,8,8,8,8,8,8,8,8,8,8,2,8,8,8,3,8,4,8,8,1
607,8,8,8,8,2,3,4,8,8,8,8,8,8,8,8,8,8,8,8,8,1
608,8,8,8,8,8,4,2,8,8,8,8,8,8,8,3,1,8,8,8,8,8
609,8,2,8,8,4,8,8,8,8,8,8,8,8,8,8,8,8,3,1,8,8
610,8,8,1,8,3,8,8,8,8,4,8,8,8,8,8,2,8,8,8,8,8
611,8,8,8,8,8,2,8,8,8,8,8,8,8,8,8,4,8,8,3,8,1
612,4,8,8,3,8,8,1,8,8,2,8,8,8,8,8,8,8,8,8,8,8
613,8,1,8,8,8,8,8,8,2,8,8,8,3,4,8,8,8,8,8,8,8
614,8,8,8,8,2,1,8,8,8,4,8,8,8,8,8,8,8,3,8,8,8
615,8,8,8,8,3,1,8,8,2,8,8,8,8,8,8,8,8,4,8,8,8
616,3,8,8,8,4,2,8,8,8,8,8,8,8,8,1,8,8,8,8,8,8
617,8,4,8,8,8,2,8,8,8,3,8,1,8,8,8,8,8,8,8,8,8
618,8,8,3,8,1,8,8,8,2,8,8,8,8,8,4,8,8,8,8,8,8
619,8,8,8,8,8,4,8,8,2,8,3,8,8,1,8,8,8,8,8,8,8
620,8,8,8,8,8,8,8,8,2,1,3,8,8,8,8,8,8,8,8,4,8
621,8,8,8,8,8,8,1,3,8,2,8,8,8,8,4,8,8,8,8,8,8
622,8,8,1,3,4,8,8,8,2,8,8,8,8,8,8,8,8,8,8,8,8
623,4,1,8,8,2,8,8,8,8,8,8,8,8,8,3,8,8,8,8,8,8
624,8,8,8,8,4,8,8,8,2,8,8,8,8,8,8,8,3,1,8,8,8
625,8,8,8,8,8,3,8,4,1,8,2,8,8,8,8,8,8,8,8,8,8
626,8,8,8,8,8,8,8,8,8,8,8,8,8,8,8,8,8,8,8,8,8
627,8,8,8,8,3,1,8,2,8,8,8,8,8,8,8,8,8,8,8,8,4
628,8,8,8,8,4,8,8,8,8,3,8,8,8,8,8,8,8,1,8,8,2
629,8,1,8,8,8,4,8,8,8,8,8,8,8,8,2,3,8,8,8,8,8
630,8,8,8,8,8,3,8,4,8,8,8,8,8,8,2,8,8,8,8,8,1
631,8,8,8,8,8,8,8,3,8,8,2,8,8,4,1,8,8,8,8,8,8
632,8,8,8,8,8,8,4,8,8,8,1,8,8,8,8,8,8,2,8,8,3
633,8,8,8,8,8,8,8,8,8,8,1,8,8,4,8,8,8,8,8,3,2
634,8,8,8,8,8,1,3,8,8,8,8,2,8,8,8,8,8,8,8,8,4
635,8,8,8,8,8,8,3,8,8,8,4,8,8,8,2,8,8,8,8,8,1
636,8,8,1,8,8,8,8,8,4,8,8,8,8,8,3,8,8,8,8,2,8
637,8,8,8,8,8,8,4,1,8,3,8,8,8,8,8,8,8,8,2,8,8
638,8,4,8,8,8,8,2,8,8,3,8,8,8,8,8,8,8,8,8,8,1
639,8,8,8,8,8,2,8,8,8,8,8,1,8,8,3,8,8,8,8,8,4
640,8,8,8,8,8,2,8,8,8,8,8,8,8,8,3,1,8,8,8,8,4
641,8,3,8,8,1,8,8,2,8,4,8,8,8,8,8,8,8,8,8,8,8
642,8,3,8,8,8,8,8,4,8,2,1,8,8,8,8,8,8,8,8,8,8
643,8,2,8,8,8,1,8,8,8,8,8,8,8,8,8,8,8,4,8,8,3
644,8,3,1,8,8,8,8,8,8,8,8,8,8,8,2,4,8,8,8,8,8
645,8,1,8,8,8,8,8,8,8,8,4,3,8,8,8,8,8,8,8,8,2
646,8,4,8,8,8,8,8,2,3,8,1,8,8,8,8,8,8,8,8,8,8
647,8,4,8,8,8,8,8,8,8,2,1,8,8,8,3,8,8,8,8,8,8
648,3,8,1,8,8,2,8,8,4,8,8,8,8,8,8,8,8,8,8,8,8
649,8,8,8,8,8,8,4,8,8,8,8,8,2,8,8,8,8,8,1,8,3
650,8,8,8,8,8,8,4,8,1,8,8,8,8,8,3,2,8,8,8,8,8
651,8,8,8,8,8,8,8,2,8,8,8,8,8,4,8,8,8,3,8,1,8
652,8,8,8,8,8,4,8,8,8,1,8,8,8,8,2,3,8,8,8,8,8
653,8,8,8,8,8,8,3,8,8,2,1,8,8,8,8,8,8,4,8,8,8
654,8,8,8,8,8,4,3,8,8,8,8,8,8,8,8,8,8,8,2,1,8
655,8,3,8,8,8,1,8,2,4,8,8,8,8,8,8,8,8,8,8,8,8
656,8,8,8,8,3,1,8,8,8,8,8,8,8,8,2,8,8,8,8,8,4
657,8,8,8,8,8,3,8,8,8,1,4,8,8,8,8,8,8,8,8,2,8
658,8,8,8,8,1,4,8,8,8,8,8,8,8,8,2,3,8,8,8,8,8
659,2,8,8,8,8,1,8,8,8,8,8,8,8,8,3,8,8,8,8,8,4
660,8,8,8,8,8,8,4,8,8,8,8,2,8,8,8,8,8,3,8,8,1
661,8,8,8,8,8,8,4,8,8,8,8,8,8,1,8,8,8,2,8,8,3
662,8,3,8,8,8,8,8,8,8,4,1,8,8,8,8,2,8,8,8,8,8
663,2,8,8,1,4,8,8,8,8,8,8,8,8,8,8,8,8,8,8,8,3
664,8,8,8,8,1,2,8,8,8,8,4,8,8,8,8,3,8,8,8,8,8
665,8,4,8,8,8,1,8,8,8,8,2,8,8,8,8,8,8,8,3,8,8
666,8,1,8,8,3,8,8,8,8,8,4,8,8,8,8,8,8,8,8,8,2
667,8,4,8,8,2,1,8,8,8,8,8,8,8,8,8,8,8,8,8,3,8
668,8,8,8,8,8,2,8,8,8,4,8,8,8,8,1,3,8,8,8,8,8
669,8,8,8,8,8,3,8,8,8,1,8,8,8,8,8,8,8,4,8,2,8
670,8,8,8,8,8,8,8,2,8,4,3,8,8,8,8,8,8,8,8,8,1
671,8,4,8,8,8,8,8,8,8,8,2,1,8,8,8,8,8,8,8,8,3
672,8,8,4,8,8,8,8,3,2,8,1,8,8,8,8,8,8,8,8,8,8
673,8,8,8,8,8,8,8,8,8,8,3,1,8,8,8,8,2,8,8,4,8
674,8,1,8,8,8,8,8,8,8,4,2,8,8,8,8,8,8,8,3,8,8
675,8,8,1,8,8,4,8,8,2,8,8,8,8,8,8,8,8,8,3,8,8
676,1,8,8,8,2,8,8,8,8,8,8,8,8,8,8,8,8,8,8,3,4
677,8,8,8,8,3,1,8,8,4,8,8,8,8,8,8,8,8,8,8,8,2
678,8,8,8,8,8,2,8,8,1,4,8,8,8,8,8,8,8,8,8,3,8
679,8,8,8,8,1,8,3,8,8,4,8,8,8,8,2,8,8,8,8,8,8
680,8,2,3,8,8,4,8,8,8,8,8,8,8,8,8,8,8,8,8,8,1
681,8,8,8,8,8,8,2,8,8,3,4,8,8,8,8,8,8,8,8,8,1
682,8,8,8,8,8,8,2,8,1,8,3,8,8,8,8,8,8,4,8,8,8
683,8,8,8,8,3,4,8,8,8,2,8,8,8,8,1,8,8,8,8,8,8
684,4,8,8,8,8,2,8,8,1,8,8,8,8,8,3,8,8,8,8,8,8
685,8,8,3,8,8,1,8,8,8,8,4,8,8,8,2,8,8,8,8,8,8
686,8,2,8,8,8,8,8,8,8,1,8,8,8,8,8,8,8,4,8,3,8
687,3,8,8,2,8,8,8,8,8,8,8,8,8,8,8,8,8,4,8,8,1
688,1,3,8,8,8,8,8,8,8,4,8,8,8,8,8,8,8,8,8,8,2
689,8,8,8,8,8,8,8,1,8,2,8,8,8,8,8,8,8,3,8,4,8
690,8,1,8,8,8,8,8,8,8,8,2,8,8,8,8,8,8,8,8,4,3
691,8,8,8,8,4,1,8,8,8,8,8,8,8,8,8,2,8,8,8,3,8
692,8,8,8,8,8,8,3,8,8,8,8,8,8,8,8,4,8,1,8,8,2
693,8,8,8,8,8,8,8,8,8,3,1,8,8,8,8,2,8,8,8,8,4
694,8,4,2,8,8,8,8,8,3,8,1,8,8,8,8,8,8,8,8,8,8
695,8,4,8,8,8,8,8,3,8,8,8,8,1,8,8,8,8,8,8,8,2
696,8,8,8,8,8,4,8,8,8,8,1,8,8,8,8,2,8,8,8,8,3
697,8,8,1,8,3,8,8,8,8,2,8,8,8,4,8,8,8,8,8,8,8
698,8,1,8,8,8,2,3,8,8,8,8,8,8,8,8,8,8,8,4,8,8
699,8,2,4,8,8,8,8,8,8,1,3,8,8,8,8,8,8,8,8,8,8
700,8,8,8,8,8,8,3,8,8,8,1,8,8,8,8,4,8,8,8,8,2
701,8,8,8,8,1,8,2,8,3,8,8,8,8,8,4,8,8,8,8,8,8
702,8,8,8,8,8,8,8,8,8,2,8,3,8,8,4,8,8,1,8,8,8
703,8,4,8,8,8,8,8,8,8,2,8,8,8,8,8,8,1,8,8,3,8
704,4,8,3,8,1,8,8,8,2,8,8,8,8,8,8,8,8,8,8,8,8
705,8,2,8,8,8,8,8,8,8,8,8,8,8,8,8,8,4,1,8,3,8
706,8,8,8,8,8,1,8,8,4,8,2,8,8,3,8,8,8,8,8,8,8
707,8,8,8,8,8,8,8,8,3,8,1,8,8,8,8,8,8,4,8,8,2
708,8,8,8,8,8,8,8,1,2,3,8,8,8,8,8,8,8,8,8,8,4
709,8,8,8,8,8,2,8,8,8,8,1,8,8,8,8,3,8,8,8,8,4
710,8,8,8,8,8,8,1,8,8,3,8,8,8,8,2,8,8,4,8,8,8
711,2,8,8,8,8,8,8,8,8,8,8,8,1,8,8,8,8,8,4,8,3
712,8,8,8,8,8,8,8,8,4,2,3,1,8,8,8,8,8,8,8,8,8
713,8,4,1,8,8,8,8,8,3,8,2,8,8,8,8,8,8,8,8,8,8
714,8,8,8,8,8,8,8,8,1,8,8,8,8,8,8,8,8,4,8,3,2
715,8,8,8,8,8,8,1,8,8,2,8,8,8,3,8,8,8,4,8,8,8
716,8,3,8,8,8,4,8,8,8,8,8,8,8,8,2,8,8,8,8,8,1
717,8,8,8,8,8,1,8,8,8,3,8,4,8,8,8,8,8,8,8,2,8
718,8,8,8,8,8,8,1,8,2,3,8,8,8,8,8,8,8,4,8,8,8
719,2,8,8,8,8,4,8,8,8,8,8,8,1,8,8,8,8,8,8,3,8
720,8,8,8,8,8,8,8,8,8,2,8,8,8,1,4,8,8,8,8,3,8
721,8,8,8,8,8,8,4,8,8,8,8,8,8,8,8,3,8,2,1,8,8
722,8,8,8,8,8,1,8,4,8,8,8,8,8,8,3,8,8,8,8,8,2
723,8,2,8,8,8,8,1,8,8,8,4,8,8,8,8,8,8,8,3,8,8
724,8,8,8,8,8,8,8,8,8,8,3,8,1,8,8,8,8,8,4,8,2
725,8,8,8,8,8,3,2,8,8,8,8,8,8,4,8,8,8,8,8,1,8
726,8,8,8,8,4,8,1,8,8,8,8,8,3,8,8,8,8,8,8,8,2
727,8,3,4,8,8,8,8,8,8,8,1,8,8,8,8,8,8,8,8,8,2
728,8,8,8,8,8,8,8,1,8,8,8,3,8,8,8,8,8,8,8,4,2
729,8,8,3,8,8,8,8,8,8,2,8,8,8,4,8,8,8,8,8,1,8
730,8,1,8,8,8,8,8,4,8,8,8,8,8,8,8,2,8,8,8,8,3
731,1,4,8,8,8,8,8,8,8,8,2,8,8,8,8,8,8,8,3,8,8
732,8,8,8,8,4,1,8,8,8,8,3,8,8,8,8,8,8,8,2,8,8
733,8,8,3,8,8,8,8,8,8,8,8,8,2,8,8,1,8,8,8,8,4
734,8,1,8,8,8,8,8,8,8,8,8,8,8,8,3,8,8,8,2,4,8
735,8,8,8,8,8,2,8,8,8,8,8,8,8,3,1,8,8,8,8,8,4
736,8,8,8,8,8,1,8,3,8,8,8,8,4,8,2,8,8,8,8,8,8
737,8,1,8,8,8,8,2,8,8,8,3,8,8,8,4,8,8,8,8,8,8
738,8,8,8,1,3,8,8,8,4,8,8,8,8,2,8,8,8,8,8,8,8
739,8,8,2,8,4,3,8,8,8,8,1,8,8,8,8,8,8,8,8,8,8
740,8,8,1,8,8,3,8,8,8,8,8,8,8,4,8,8,8,8,8,2,8
741,3,1,8,8,8,8,8,8,8,8,8,8,4,8,8,8,8,8,2,8,8
742,8,8,8,8,8,3,8,1,8,8,4,8,8,2,8,8,8,8,8,8,8
743,8,8,8,8,8,3,8,8,1,8,8,2,8,8,8,8,8,8,8,4,8
744,8,8,8,8,8,2,8,1,8,8,8,8,8,8,3,8,8,8,8,4,8
745,1,8,8,8,8,4,8,8,8,8,8,8,8,8,8,8,8,8,8,3,2
746,8,8,8,8,2,8,8,8,8,4,1,3,8,8,8,8,8,8,8,8,8
747,8,8,1,8,8,8,8,3,2,8,8,8,8,8,4,8,8,8,8,8,8
748,8,8,4,8,8,1,8,8,2,8,8,8,8,8,3,8,8,8,8,8,8
749,8,4,8,8,8,8,8,8,8,8,8,8,8,8,1,2,8,8,8,3,8
750,3,8,8,8,8,8,8,4,1,8,8,8,8,8,8,8,8,8,8,2,8
751,8,8,8,8,3,4,8,8,8,8,8,8,8,8,8,8,8,8,8,1,2
752,8,8,8,8,8,8,8,8,8,8,1,8,8,8,8,8,8,8,3,2,4
753,8,8,1,8,8,8,8,8,8,4,8,3,2,8,8,8,8,8,8,8,8
754,3,8,8,8,8,8,2,8,8,8,8,8,8,8,8,8,1,4,8,8,8
755,2,8,1,8,8,3,8,8,8,8,8,8,8,8,8,4,8,8,8,8,8
756,8,8,8,8,8,3,8,8,8,4,1,8,8,8,8,8,8,8,8,8,2
757,8,8,8,8,4,8,8,8,8,3,8,8,8,1,8,2,8,8,8,8,8
758,8,8,8,8,8,8,2,8,8,3,8,8,8,8,8,8,8,8,8,4,1
759,8,2,8,8,8,8,8,8,8,3,1,8,8,8,4,8,8,8,8,8,8
760,8,8,8,4,8,3,8,8,8,2,1,8,8,8,8,8,8,8,8,8,8
761,8,8,8,8,2,3,8,8,8,8,8,8,8,8,4,8,8,8,8,1,8
762,1,8,8,8,8,8,8,8,2,8,8,8,8,8,8,8,3,8,8,4,8
763,4,3,8,8,8,8,8,8,8,8,2,8,8,8,8,8,8,8,8,8,1
764,8,8,8,8,4,3,8,8,8,8,8,8,8,8,1,2,8,8,8,8,8
765,8,2,8,8,1,8,4,8,8,8,8,8,8,8,8,3,8,8,8,8,8
766,8,8,8,8,3,8,8,2,8,8,8,8,8,4,1,8,8,8,8,8,8
767,8,8,8,8,8,1,8,8,3,4,8,8,8,8,8,8,8,8,8,2,8
768,8,8,8,8,4,2,8,8,8,8,8,8,3,8,1,8,8,8,8,8,8
769,8,8,8,8,8,2,1,8,8,8,8,8,8,8,8,3,8,8,8,4,8
770,8,8,8,8,8,2,8,3,1,8,8,8,8,8,8,8,4,8,8,8,8
771,8,8,8,8,8,4,8,8,3,8,1,8,8,8,8,8,8,8,8,2,8
772,8,8,8,8,8,4,8,8,8,8,8,8,8,8,1,8,8,3,8,2,8
773,8,8,8,3,8,8,8,4,8,8,8,2,8,8,8,8,8,8,8,8,1
774,8,8,3,8,8,8,8,8,2,8,4,8,8,8,8,8,8,8,8,8,1
775,8,8,8,8,8,8,2,8,8,8,8,8,4,8,8,8,8,8,8,1,3
776,8,8,8,8,8,8,8,8,8,1,2,8,8,8,4,8,8,8,8,8,3
777,8,8,8,8,8,2,4,8,8,8,1,8,8,8,8,3,8,8,8,8,8
778,8,8,8,8,2,3,8,8,8,8,1,4,8,8,8,8,8,8,8,8,8
779,8,8,8,8,8,8,8,8,2,8,4,8,8,8,3,8,8,8,1,8,8
780,8,8,8,8,4,8,8,8,8,8,1,8,8,8,8,2,8,8,8,3,8
781,8,1,8,8,8,8,2,8,8,8,8,4,8,8,8,8,8,8,8,8,3
782,8,8,8,8,8,8,3,8,8,8,4,1,8,8,8,8,8,8,8,8,2
783,8,8,8,8,8,8,8,8,8,2,1,8,8,8,3,8,8,8,8,4,8
784,8,8,2,1,8,8,8,4,8,8,8,8,8,8,8,8,3,8,8,8,8
785,8,8,8,8,3,8,8,8,8,1,8,8,8,4,8,8,8,8,8,2,8
786,8,8,4,8,8,3,8,2,8,8,8,8,8,8,8,1,8,8,8,8,8
787,8,8,8,8,8,8,8,8,8,1,8,8,8,4,8,8,8,2,8,3,8
788,8,8,8,8,1,8,8,2,4,8,3,8,8,8,8,8,8,8,8,8,8
789,8,8,2,8,3,8,8,8,8,8,8,8,8,8,8,4,1,8,8,8,8
790,8,8,8,8,8,4,8,8,8,8,1,8,8,8,3,8,2,8,8,8,8
791,8,1,4,8,8,8,8,8,8,2,8,8,8,8,8,8,8,8,8,8,3
792,8,8,8,8,1,8,8,8,8,8,8,3,4,8,8,8,8,8,8,8,2
793,8,8,8,8,3,8,8,8,8,8,8,8,8,8,1,8,8,2,8,4,8
794,8,8,8,8,8,8,8,3,4,8,8,8,8,8,8,8,2,8,8,1,8
795,8,8,8,8,8,8,8,1,8,8,8,8,8,4,8,8,8,8,8,2,3
796,8,4,8,8,8,8,1,8,8,8,8,3,8,8,8,2,8,8,8,8,8
797,4,8,8,2,1,8,8,3,8,8,8,8,8,8,8,8,8,8,8,8,8
798,8,8,2,8,8,8,8,8,8,8,1,8,8,8,3,8,8,8,8,8,4
799,8,2,8,8,8,3,8,8,8,8,1,8,8,8,8,8,8,8,4,8,8
800,8,8,8,2,8,3,8,8,8,8,8,4,8,8,8,8,8,8,8,1,8
801,8,8,8,8,8,8,8,8,8,1,8,8,8,3,4,8,8,8,8,2,8
802,8,8,3,8,8,8,8,8,8,4,8,8,8,8,2,1,8,8,8,8,8
803,8,2,8,8,8,1,8,8,8,8,8,8,8,8,8,8,8,8,4,8,3
804,8,8,8,3,8,2,8,8,8,8,8,8,8,8,8,8,4,8,8,1,8
805,8,8,3,4,8,8,8,8,1,8,8,8,8,8,8,8,2,8,8,8,8
806,8,8,8,8,8,4,8,8,1,8,8,8,8,8,8,8,3,8,8,2,8
807,8,8,4,8,8,1,8,8,8,8,3,8,8,8,8,2,8,8,8,8,8
808,8,8,8,8,8,8,8,3,8,8,1,8,8,8,8,8,8,4,8,2,8
809,8,8,8,8,8,8,8,8,8,8,8,8,8,1,8,8,2,8,8,3,4
810,8,8,8,8,8,3,8,8,8,8,1,8,8,8,8,4,8,8,2,8,8
811,8,8,1,8,8,8,8,8,3,8,2,8,8,8,8,8,8,8,8,4,8
812,2,8,8,8,8,1,8,8,8,8,8,8,8,8,8,3,8,8,8,4,8
813,8,8,8,1,8,8,3,8,8,8,2,8,8,8,8,8,8,4,8,8,8
814,8,8,1,8,8,8,8,8,3,8,8,8,8,2,8,8,8,8,4,8,8
815,8,8,2,8,8,3,8,8,1,8,8,8,8,4,8,8,8,8,8,8,8
816,8,8,8,8,8,8,8,8,8,8,4,8,8,8,2,8,8,3,8,1,8
817,8,8,8,8,8,8,8,3,8,8,1,8,8,8,8,8,8,2,8,8,4
818,8,8,4,1,8,8,8,8,2,8,8,8,8,8,8,8,8,8,8,3,8
819,8,8,8,8,8,8,8,8,8,3,1,8,8,8,2,8,8,8,8,8,4
820,8,8,8,8,8,8,8,4,8,8,1,8,8,8,8,8,8,8,3,8,2
821,8,1,8,8,8,8,2,8,8,8,8,3,4,8,8,8,8,8,8,8,8
822,8,8,8,2,8,1,8,8,8,8,8,8,8,8,4,8,8,8,8,8,3
823,8,8,2,8,1,8,8,8,8,8,8,4,8,8,8,8,8,8,8,8,3
824,8,8,8,8,8,8,8,8,8,3,4,8,8,8,8,1,8,8,8,2,8
825,8,8,8,8,1,8,8,8,8,8,8,8,8,4,8,8,8,8,8,3,2
826,2,1,8,8,8,8,8,8,8,8,3,8,8,8,8,8,8,8,4,8,8
827,8,8,8,8,8,4,1,8,8,8,8,8,8,8,8,2,8,8,8,8,3
828,8,2,8,4,8,3,8,8,8,8,1,8,8,8,8,8,8,8,8,8,8
829,2,8,8,8,3,8,4,8,8,8,8,8,8,8,1,8,8,8,8,8,8
830,8,1,3,8,8,8,8,8,8,4,8,8,8,8,2,8,8,8,8,8,8
831,8,8,8,8,8,2,8,8,4,3,1,8,8,8,8,8,8,8,8,8,8
832,8,8,8,8,8,8,8,8,8,4,2,8,8,8,8,1,8,8,8,3,8
833,4,8,8,8,2,8,8,8,8,8,8,8,8,8,8,8,3,8,8,1,8
834,8,1,8,8,8,8,8,8,8,8,3,8,8,8,8,8,8,4,8,8,2
835,8,8,8,8,3,4,8,8,8,8,8,8,8,8,1,8,8,8,8,2,8
836,8,1,8,8,8,8,8,8,8,4,2,8,8,8,8,8,8,8,8,3,8
837,8,8,1,8,8,8,8,8,8,8,8,8,4,8,8,8,2,8,3,8,8
838,8,8,8,8,8,8,8,3,8,8,1,8,8,8,4,8,8,8,8,2,8
839,8,4,8,8,8,8,8,8,2,8,8,8,8,8,8,8,8,8,3,1,8
840,8,8,8,8,8,8,8,8,8,3,1,8,8,2,8,8,8,4,8,8,8
841,8,8,8,1,8,8,8,8,8,4,8,8,8,8,3,8,8,2,8,8,8
842,8,8,8,2,8,8,8,8,8,8,8,8,8,3,1,8,8,8,8,8,4
843,8,8,8,8,8,1,8,8,8,3,8,8,8,8,2,8,8,4,8,8,8
844,4,8,8,2,3,8,8,1,8,8,8,8,8,8,8,8,8,8,8,8,8
845,8,8,8,8,8,1,8,8,3,8,8,8,8,8,8,4,8,8,8,2,8
846,8,8,8,8,8,8,8,3,8,2,8,1,8,8,8,8,8,8,8,8,4
847,8,8,8,8,2,3,1,4,8,8,8,8,8,8,8,8,8,8,8,8,8
848,8,8,1,8,8,8,8,8,8,8,2,8,8,8,8,8,8,8,3,8,4
849,8,1,8,8,8,8,8,8,8,8,4,3,8,8,2,8,8,8,8,8,8
850,2,8,3,8,8,8,8,8,8,1,8,8,8,8,8,8,8,8,8,8,4
851,8,8,8,8,8,8,3,8,8,8,1,8,8,8,8,2,8,8,4,8,8
852,8,8,8,8,3,8,8,8,8,4,8,8,8,8,8,8,8,1,8,2,8
853,8,8,8,8,3,8,8,8,1,8,8,8,8,8,8,4,8,8,8,2,8
854,1,8,8,8,8,8,8,8,2,8,8,8,8,3,4,8,8,8,8,8,8
855,8,8,8,8,8,8,8,8,4,8,1,8,8,8,2,3,8,8,8,8,8
856,3,8,4,1,8,8,8,8,2,8,8,8,8,8,8,8,8,8,8,8,8
857,8,8,8,8,8,8,8,3,8,8,2,8,8,8,4,1,8,8,8,8,8
858,8,3,8,8,8,2,8,8,8,8,8,8,4,8,8,8,8,8,8,8,1
859,8,2,8,8,8,8,8,8,8,8,1,8,8,8,8,3,8,8,4,8,8
860,8,8,2,8,8,8,8,8,1,8,8,8,8,3,8,8,4,8,8,8,8
861,8,8,4,8,8,8,8,8,8,8,8,8,8,3,8,8,8,2,8,1,8
862,8,8,8,8,8,3,8,8,2,8,8,8,8,8,8,8,8,4,8,1,8
863,8,8,8,8,4,1,8,3,8,8,8,8,8,8,8,8,2,8,8,8,8
864,8,8,8,8,4,8,8,8,8,3,8,8,8,8,1,8,8,2,8,8,8
865,8,8,1,8,8,2,8,8,8,8,8,8,8,8,8,4,8,8,8,8,3
866,8,8,8,8,8,8,8,8,8,8,2,8,8,8,8,8,8,4,8,1,3
867,8,8,8,8,8,8,1,2,8,3,8,8,8,8,8,8,8,4,8,8,8
868,8,8,3,4,8,8,8,8,8,8,8,8,8,8,8,8,1,8,8,2,8
869,8,8,3,4,8,1,8,8,8,8,8,8,8,8,8,8,8,8,8,8,2
870,8,8,8,8,4,8,8,8,1,8,8,8,8,8,8,3,8,8,8,2,8
871,8,8,8,8,8,4,1,8,8,8,8,8,8,8,8,8,8,8,8,3,2
872,8,8,8,8,8,8,8,8,2,4,8,8,8,8,8,8,8,3,8,8,1
873,8,8,8,8,8,8,8,8,3,2,8,8,8,8,8,8,1,8,8,4,8
874,8,4,8,8,8,8,3,8,8,8,1,8,8,8,2,8,8,8,8,8,8
875,3,8,8,8,8,8,8,8,8,8,8,8,1,8,8,8,8,2,8,8,4
876,8,8,8,8,8,3,8,4,1,8,8,8,8,8,8,8,8,8,8,2,8
877,8,8,8,8,4,3,8,8,2,8,1,8,8,8,8,8,8,8,8,8,8
878,8,4,8,8,8,1,8,8,8,3,8,8,8,8,8,8,8,8,8,8,2
879,1,8,8,8,2,8,8,4,8,3,8,8,8,8,8,8,8,8,8,8,8
880,8,8,8,4,8,2,8,8,8,8,8,8,8,8,8,8,3,8,1,8,8
881,8,8,8,8,8,1,8,8,8,8,8,8,8,8,8,8,8,2,4,8,3
882,8,8,8,8,8,8,8,2,3,8,4,8,8,8,1,8,8,8,8,8,8
883,8,8,8,8,8,8,8,8,2,8,1,8,8,3,4,8,8,8,8,8,8
884,2,8,8,8,8,4,8,8,3,8,8,8,8,8,8,8,1,8,8,8,8
885,8,8,8,8,8,4,8,8,8,8,2,8,8,8,8,1,8,8,8,3,8
886,8,8,8,8,8,2,4,8,8,8,1,8,8,8,3,8,8,8,8,8,8
887,8,8,8,8,8,2,8,8,8,1,8,8,8,8,4,3,8,8,8,8,8
888,8,8,8,8,8,1,8,8,8,8,2,8,8,8,3,8,8,8,8,8,4
889,8,2,8,8,8,4,8,8,8,8,8,3,8,8,8,8,8,8,8,8,1
890,8,8,1,8,3,4,8,8,8,8,8,8,8,8,8,8,8,8,2,8,8
891,8,8,1,8,8,3,8,8,8,8,2,8,8,8,8,8,8,8,8,4,8
892,8,8,8,8,1,8,8,8,8,3,8,8,8,8,2,4,8,8,8,8,8
893,8,8,1,8,8,8,8,8,4,8,8,8,8,3,2,8,8,8,8,8,8
894,8,8,8,8,2,1,8,8,8,8,8,4,8,8,8,8,8,8,3,8,8
895,8,8,8,8,8,8,8,8,8,8,4,2,8,8,3,8,8,1,8,8,8
896,8,8,2,4,8,1,8,8,8,8,3,8,8,8,8,8,8,8,8,8,8
897,8,8,1,8,8,8,8,4,8,8,3,8,8,8,8,8,8,8,8,2,8
898,1,3,8,8,8,8,8,8,8,8,2,8,8,8,8,4,8,8,8,8,8
899,8,8,8,8,8,8,8,8,8,8,8,8,8,8,4,1,8,8,8,2,3
900,8,8,1,8,8,8,8,8,2,8,8,8,8,8,8,8,8,8,3,4,8
901,8,8,1,8,8,8,8,3,4,8,8,8,8,8,8,8,8,8,8,2,8
902,8,3,8,2,8,8,1,8,4,8,8,8,8,8,8,8,8,8,8,8,8
903,4,8,8,8,8,8,3,8,8,2,8,8,8,8,8,8,8,8,8,8,1
904,8,8,2,8,8,1,8,8,3,8,8,8,8,8,8,8,4,8,8,8,8
905,8,8,8,8,8,8,8,1,8,8,3,8,8,8,8,4,8,8,8,8,2
906,8,8,8,3,8,4,8,8,8,1,2,8,8,8,8,8,8,8,8,8,8
907,8,4,8,8,8,8,8,8,8,8,8,3,8,8,8,8,8,8,2,8,1
908,8,8,1,8,2,8,8,8,8,8,4,8,8,8,8,8,8,3,8,8,8
909,8,2,8,8,8,8,8,8,8,3,8,8,8,8,8,1,8,8,8,8,4
910,8,3,1,8,8,8,8,8,4,8,8,8,8,8,8,2,8,8,8,8,8
911,8,8,8,8,8,4,8,1,8,8,2,8,8,8,8,8,8,8,8,3,8
912,8,8,8,8,8,3,8,8,1,8,8,8,8,8,4,8,8,8,8,2,8
913,8,4,8,8,8,8,8,8,8,8,8,3,8,8,1,2,8,8,8,8,8
914,8,3,8,8,8,8,8,4,8,8,8,8,8,8,1,8,2,8,8,8,8
915,8,8,8,8,8,2,1,8,8,8,8,4,8,8,3,8,8,8,8,8,8
916,8,2,8,8,8,8,8,8,8,8,8,8,4,8,8,8,8,8,3,8,1
917,8,3,8,8,1,8,8,8,8,8,8,8,8,8,8,4,8,8,8,2,8
918,8,8,4,8,8,8,8,8,1,8,3,8,8,2,8,8,8,8,8,8,8
919,8,8,8,8,8,8,4,8,8,8,2,8,8,8,8,1,8,8,3,8,8
920,8,8,8,1,8,8,8,8,8,8,8,8,3,2,8,8,4,8,8,8,8
921,3,8,8,8,8,8,8,2,8,4,8,8,8,8,8,8,8,8,8,1,8
922,8,4,8,8,8,8,1,8,8,8,3,8,8,8,8,8,8,8,8,8,2
923,8,8,8,8,8,4,8,3,2,8,1,8,8,8,8,8,8,8,8,8,8
924,8,3,4,8,8,8,8,8,1,8,8,8,8,8,8,8,8,8,8,8,2
925,8,8,8,8,8,3,8,8,8,8,8,8,8,8,4,2,1,8,8,8,8
926,8,8,8,8,8,1,2,8,8,8,8,8,8,8,8,8,8,8,4,3,8
927,8,8,1,8,3,2,8,8,8,8,8,8,8,4,8,8,8,8,8,8,8
928,8,8,8,8,8,1,8,8,8,8,8,8,8,4,8,8,8,8,8,2,3
929,8,8,4,3,8,8,1,8,8,8,8,8,8,8,8,8,8,8,8,8,2
930,8,8,8,8,3,8,8,8,8,8,8,8,8,1,8,8,4,2,8,8,8
931,8,8,8,8,4,8,8,2,8,8,8,8,8,3,1,8,8,8,8,8,8
932,8,8,8,8,8,2,8,8,8,4,8,8,8,8,1,8,8,8,8,8,3
933,8,8,8,8,8,3,8,8,8,8,8,8,8,8,8,1,2,8,8,4,8
934,8,8,8,8,8,8,8,8,8,2,8,8,8,8,4,8,3,8,8,1,8
935,8,8,8,4,8,8,8,8,8,8,8,8,8,3,1,8,8,8,8,2,8
936,8,8,8,8,8,8,2,8,8,8,8,3,8,8,4,8,8,8,8,8,1
937,8,8,4,8,8,2,8,8,3,8,8,8,8,8,8,1,8,8,8,8,8
938,8,8,8,8,8,8,2,8,8,8,4,8,3,8,8,8,8,8,8,8,1
939,8,8,8,8,3,8,8,8,8,8,8,8,8,8,8,8,2,8,8,4,1
940,8,1,8,8,8,2,8,8,8,8,8,8,8,8,4,3,8,8,8,8,8
941,2,8,8,1,8,3,8,8,8,8,8,4,8,8,8,8,8,8,8,8,8
942,8,8,1,8,8,8,8,8,4,8,2,8,8,8,8,3,8,8,8,8,8
943,8,8,8,8,8,1,2,8,8,8,8,8,8,8,8,3,8,8,4,8,8
944,8,8,8,8,8,8,8,8,8,8,3,1,8,8,8,8,8,8,8,2,4
945,8,8,1,8,8,8,8,3,4,8,8,8,8,8,8,8,8,8,8,2,8
946,8,8,8,8,4,2,8,8,8,8,8,8,8,8,8,8,8,1,8,8,3
947,8,8,8,8,8,8,8,1,2,3,4,8,8,8,8,8,8,8,8,8,8
948,8,8,8,8,8,4,8,2,1,8,8,8,8,8,3,8,8,8,8,8,8
949,8,8,8,1,8,4,3,8,8,8,8,8,8,8,2,8,8,8,8,8,8
950,8,2,8,8,8,8,3,8,8,8,8,8,8,8,1,8,8,8,4,8,8
951,8,1,2,8,3,8,8,4,8,8,8,8,8,8,8,8,8,8,8,8,8
952,8,8,8,8,1,8,4,8,8,8,2,3,8,8,8,8,8,8,8,8,8
953,8,8,8,8,8,8,8,8,8,8,8,2,1,8,8,8,8,8,3,8,4
954,2,8,8,1,4,8,8,8,8,8,8,8,8,8,8,8,3,8,8,8,8
955,8,4,1,8,8,8,8,8,2,8,8,8,8,8,8,8,8,8,8,3,8
956,2,8,8,8,8,3,8,8,8,8,4,8,8,8,8,8,1,8,8,8,8
957,8,3,2,8,8,8,8,8,8,8,8,8,8,8,8,8,8,8,8,4,1
958,8,2,8,1,8,8,8,8,8,3,8,8,8,8,8,8,8,8,4,8,8
959,8,8,8,4,8,8,1,2,8,8,8,8,8,8,8,8,3,8,8,8,8
960,8,8,8,8,8,8,8,3,8,2,1,8,8,8,8,8,4,8,8,8,8
961,8,8,8,8,8,4,8,8,2,8,8,8,8,8,8,8,8,8,8,3,1
962,8,8,8,8,8,4,8,8,8,8,8,8,8,8,3,1,8,8,8,2,8
963,8,8,1,8,8,8,8,3,8,8,8,8,8,2,4,8,8,8,8,8,8
964,2,8,8,8,1,8,4,8,8,8,8,3,8,8,8,8,8,8,8,8,8
965,8,8,8,8,8,8,4,8,8,8,1,8,8,8,2,8,8,8,8,3,8
966,8,8,8,8,8,8,8,4,8,3,8,8,8,8,2,8,8,8,8,8,1
967,2,8,3,8,8,1,8,4,8,8,8,8,8,8,8,8,8,8,8,8,8
968,8,8,8,8,8,8,8,3,8,8,8,8,8,1,8,8,4,8,8,2,8
969,8,8,8,8,8,8,8,3,8,8,8,8,8,2,8,8,1,8,4,8,8
970,8,8,3,8,8,8,8,8,8,8,1,8,8,8,8,8,8,4,2,8,8
971,8,8,8,8,8,3,8,2,1,8,8,8,8,8,8,8,8,8,8,4,8
972,8,2,8,8,8,8,8,8,1,8,8,8,4,3,8,8,8,8,8,8,8
973,8,8,8,8,8,8,4,8,8,2,8,8,8,8,8,8,8,8,8,1,3
974,8,8,2,8,8,8,1,8,8,8,4,8,8,8,8,8,8,8,8,3,8
975,8,8,8,8,8,8,8,2,1,8,8,4,8,8,8,8,8,8,3,8,8
976,8,8,3,8,8,2,8,8,8,8,8,8,8,8,8,8,8,8,8,1,4
977,8,8,3,8,8,8,8,8,8,8,1,8,8,8,2,8,8,8,8,4,8
978,8,4,8,8,8,8,8,8,8,8,8,2,8,8,8,8,8,3,8,8,1
979,8,8,8,8,8,8,8,3,8,8,1,8,8,8,4,2,8,8,8,8,8
980,8,8,8,8,8,4,8,8,1,2,8,8,8,3,8,8,8,8,8,8,8
981,8,8,8,8,4,2,8,1,8,8,8,8,8,8,8,8,8,8,8,3,8
982,8,8,8,8,8,3,8,8,8,8,8,8,8,8,8,4,8,8,8,1,2
983,8,8,8,8,8,8,2,8,8,4,3,8,8,8,8,8,8,8,8,8,1
984,8,4,8,8,8,8,2,8,8,8,8,3,8,8,8,8,8,8,8,8,1
985,8,8,4,8,8,1,8,8,8,8,8,8,8,8,2,8,8,3,8,8,8
986,8,8,8,8,8,8,8,3,8,8,8,8,8,8,2,8,8,8,4,8,1
987,8,8,8,8,8,8,3,8,8,8,4,2,8,8,8,8,8,8,8,8,1
988,8,8,1,8,8,3,8,8,2,8,8,8,8,8,8,8,8,8,8,4,8
989,8,8,8,8,8,8,4,8,8,8,3,8,2,8,8,8,8,8,8,8,1
990,8,8,3,8,1,8,4,8,8,8,8,8,8,8,2,8,8,8,8,8,8
991,4,8,8,8,8,8,8,8,8,8,8,2,1,8,8,8,8,8,8,8,3
992,8,8,3,8,4,8,8,8,8,8,2,8,8,8,8,8,8,8,1,8,8
993,8,8,8,8,8,8,2,8,8,3,8,4,8,8,8,8,8,8,8,8,1
994,8,8,8,8,8,8,8,2,8,3,8,8,8,8,8,8,1,8,8,4,8
995,8,8,8,8,3,1,2,8,8,8,8,8,8,8,4,8,8,8,8,8,8
996,8,8,2,8,8,8,8,1,8,8,8,4,8,8,8,8,8,8,8,3,8
997,8,8,8,8,8,8,8,8,8,1,3,8,8,8,8,8,8,4,8,8,2
998,8,8,8,8,8,4,8,8,8,8,8,2,8,3,1,8,8,8,8,8,8
999,8,8,4,8,8,8,8,3,1,8,8,8,8,8,8,2,8,8,8,8,8
1000,8,8,2,8,3,8,8,8,8,8,4,8,8,1,8,8,8,8,8,8,8
1001,8,8,8,8,8,8,1,8,8,8,8,2,8,8,3,8,8,8,8,8,4
1002,8,2,8,8,8,8,3,8,8,8,4,1,8,8,8,8,8,8,8,8,8
1003,8,8,1,8,8,8,3,8,8,8,8,4,8,8,8,8,8,8,8,2,8
1004,8,8,8,8,8,8,2,8,8,8,4,8,8,8,8,8,8,8,3,8,1
1005,3,8,8,8,8,8,1,8,8,8,8,8,8,4,8,8,8,8,8,8,2
1006,8,8,8,4,8,8,2,8,8,8,8,8,8,8,8,3,8,8,8,8,1
1007,8,4,8,8,8,8,8,8,3,8,8,8,8,8,2,8,8,8,8,8,1
1008,8,8,8,8,3,1,8,8,8,8,8,8,8,8,8,8,8,8,2,4,8
1009,8,8,4,8,8,1,2,8,8,8,8,8,8,8,8,8,8,8,8,8,3
1010,8,8,3,2,8,8,8,8,4,8,8,8,8,8,8,8,1,8,8,8,8
1011,8,8,8,2,8,8,8,8,8,4,1,8,8,8,8,8,8,3,8,8,8
1012,8,8,8,8,8,8,8,8,8,3,8,8,1,8,4,8,8,8,8,8,2
1013,8,8,8,8,8,3,8,8,1,8,2,8,8,8,8,8,8,8,8,4,8
1014,8,8,2,8,8,8,8,8,1,4,3,8,8,8,8,8,8,8,8,8,8
1015,8,8,4,8,8,2,8,8,8,8,8,8,3,8,1,8,8,8,8,8,8
1016,8,8,8,8,8,4,8,8,8,2,8,8,8,8,8,1,8,3,8,8,8
1017,8,8,8,8,4,2,3,8,8,8,8,8,8,8,8,8,8,8,8,8,1
1018,8,8,8,8,8,8,8,8,8,8,8,8,8,8,4,3,8,1,8,2,8
1019,8,8,8,8,8,1,8,8,8,3,2,8,8,8,4,8,8,8,8,8,8
1020,8,3,8,8,8,2,8,8,4,8,8,8,8,8,8,8,8,8,8,1,8
1021,8,8,8,8,8,1,8,8,8,8,8,8,8,8,4,3,8,8,8,2,8
1022,8,8,8,8,8,8,8,8,3,1,8,8,8,8,2,4,8,8,8,8,8
1023,8,8,8,8,4,8,8,8,8,3,8,2,8,8,8,8,8,8,8,8,1
1024,4,8,8,8,8,2,8,8,8,1,8,8,8,8,3,8,8,8,8,8,8
1025,8,8,8,8,8,2,8,8,8,8,8,8,8,3,4,8,8,8,8,1,8
1026,8,8,8,8,8,8,2,8,8,8,4,8,8,8,3,8,8,8,8,8,1
1027,8,8,8,8,8,2,8,4,8,3,8,8,8,8,8,8,8,8,8,1,8
1028,8,8,4,8,2,8,3,8,8,8,8,8,8,8,8,8,8,8,8,8,1
1029,8,8,8,8,2,3,8,8,8,4,8,8,8,8,8,8,8,8,8,8,1
1030,8,8,1,2,8,8,8,3,4,8,8,8,8,8,8,8,8,8,8,8,8
1031,8,8,8,3,8,8,8,8,8,8,2,8,8,4,8,8,8,8,8,1,8
1032,8,8,8,8,8,8,8,8,8,1,4,2,8,8,8,8,8,8,8,3,8
1033,8,8,8,8,8,1,8,8,8,8,3,8,8,8,8,8,8,4,8,2,8
1034,8,8,8,8,8,1,8,8,8,8,4,8,8,3,8,8,2,8,8,8,8
1035,8,8,8,8,8,8,2,8,8,3,4,8,8,8,8,8,8,8,8,8,1
1036,8,2,8,8,8,8,8,8,8,8,1,8,8,8,8,8,8,8,3,8,4
1037,8,8,8,8,8,4,8,8,3,8,8,8,8,2,8,8,8,8,8,1,8
1038,8,4,8,8,8,8,8,8,8,8,8,1,8,8,8,8,8,8,2,8,3
1039,8,2,8,8,8,1,4,8,8,8,8,3,8,8,8,8,8,8,8,8,8
1040,8,8,8,8,8,3,8,2,8,8,8,8,8,8,8,8,8,4,8,1,8
1041,8,8,3,8,8,1,8,8,2,8,8,8,8,8,8,4,8,8,8,8,8
1042,8,4,3,8,8,8,2,8,8,8,8,8,8,8,8,8,8,8,1,8,8
1043,8,8,8,8,8,2,8,8,8,4,3,8,8,8,8,8,8,8,8,1,8
1044,8,8,8,8,8,2,8,8,8,8,3,8,8,8,1,8,8,8,8,8,4
1045,8,8,8,8,8,3,1,4,8,8,8,8,8,8,8,8,8,8,8,8,2
1046,8,4,8,8,8,8,8,8,8,8,1,2,8,8,8,8,8,8,8,3,8
1047,8,8,8,8,8,8,8,8,8,8,1,8,8,4,8,8,8,8,8,3,2
1048,8,8,8,8,2,8,8,8,8,4,3,8,8,8,8,8,8,8,8,8,1
1049,8,8,8,8,2,8,8,1,4,3,8,8,8,8,8,8,8,8,8,8,8
1050,8,4,8,8,8,8,8,8,8,8,8,8,8,8,8,8,8,3,8,1,2
1051,8,8,3,8,2,8,8,4,1,8,8,8,8,8,8,8,8,8,8,8,8
1052,8,8,8,8,1,3,8,8,8,8,8,8,8,2,8,8,8,8,8,4,8
1053,8,8,8,2,8,1,8,8,8,8,3,8,8,8,8,8,4,8,8,8,8
1054,8,8,2,8,8,4,8,8,8,8,8,8,8,8,1,8,8,8,8,3,8
1055,2,8,8,8,8,8,8,8,4,8,8,8,8,8,1,8,3,8,8,8,8
1056,8,8,8,8,8,8,8,8,8,8,4,3,8,8,8,8,8,8,8,2,1
1057,8,8,8,8,3,8,2,8,8,8,8,8,8,8,4,8,8,8,8,8,1
1058,8,3,8,8,8,8,4,2,8,8,8,1,8,8,8,8,8,8,8,8,8
1059,8,8,8,8,8,8,8,8,8,8,2,8,4,8,8,8,8,8,1,3,8
1060,8,8,8,8,8,1,8,8,3,4,8,8,8,8,8,8,8,8,8,2,8
1061,8,3,8,8,8,8,8,8,2,8,4,8,8,8,8,8,8,8,8,1,8
1062,8,3,8,8,8,8,8,8,8,8,8,8,8,8,8,2,8,1,8,4,8
1063,8,8,8,8,8,8,8,4,8,8,1,8,8,3,8,8,8,8,8,2,8
1064,8,8,8,8,8,4,8,8,8,8,2,3,8,8,8,8,8,8,8,8,1
1065,8,8,8,8,8,8,1,8,8,8,8,8,8,8,4,8,8,3,8,2,8
1066,8,8,8,8,8,8,8,8,3,8,8,8,4,8,8,8,1,8,8,2,8
1067,8,8,4,8,8,8,8,8,8,8,8,8,8,8,8,3,8,2,8,1,8
1068,8,8,8,8,2,8,8,8,8,8,8,8,8,3,8,4,8,1,8,8,8
1069,8,8,8,8,8,8,8,8,8,8,8,3,8,8,8,4,2,8,8,1,8
1070,8,8,8,8,8,8,3,8,8,8,2,8,4,8,8,8,8,1,8,8,8
1071,8,8,8,8,8,3,1,8,8,8,4,8,8,8,8,8,8,8,8,8,2
1072,8,8,8,2,8,8,8,3,4,1,8,8,8,8,8,8,8,8,8,8,8
1073,8,8,8,8,8,1,3,8,2,8,8,8,8,8,8,8,8,8,8,8,4
1074,8,8,8,8,8,4,8,8,8,8,3,2,8,8,8,8,8,8,8,8,1
1075,8,1,8,8,8,8,3,8,8,8,8,4,8,8,8,8,8,8,8,8,2
1076,8,8,8,8,8,2,8,8,3,4,8,8,8,8,1,8,8,8,8,8,8
1077,8,8,3,8,8,1,8,8,8,4,8,8,8,8,8,8,8,8,8,8,2
1078,4,8,8,8,8,1,8,3,8,8,8,8,8,8,8,8,2,8,8,8,8
1079,8,8,4,8,8,8,8,8,8,1,8,8,8,8,2,8,8,8,8,8,3
1080,8,8,8,1,8,8,8,8,8,2,8,8,8,8,8,8,3,8,8,8,4
1081,8,8,4,8,8,8,8,8,8,2,8,3,8,8,8,8,8,8,8,8,1
1082,8,8,1,8,8,3,8,8,8,8,8,8,8,2,4,8,8,8,8,8,8
1083,8,8,8,8,8,3,8,2,8,8,1,4,8,8,8,8,8,8,8,8,8
1084,8,1,2,8,8,8,8,8,8,8,4,8,8,8,8,8,8,8,8,8,3
1085,8,8,8,3,8,8,8,8,8,8,2,8,8,8,8,8,1,8,8,4,8
1086,8,4,8,8,8,8,8,8,8,8,8,8,2,8,8,8,8,3,8,8,1
1087,8,8,4,8,8,3,8,8,1,8,8,8,8,8,8,2,8,8,8,8,8
1088,4,8,8,2,3,8,8,8,8,8,8,8,8,1,8,8,8,8,8,8,8
1089,8,8,8,8,8,2,4,8,8,3,8,8,8,8,8,8,1,8,8,8,8
1090,8,8,8,8,8,4,8,8,8,8,2,8,8,8,8,8,8,8,3,1,8
1091,8,8,8,8,8,8,8,3,8,8,8,8,8,8,8,4,1,8,8,8,2
1092,8,8,4,8,8,8,2,8,8,8,1,8,8,8,8,8,8,8,8,3,8
1093,8,8,8,8,8,4,2,8,8,8,3,8,8,8,8,8,8,8,8,8,1
1094,1,8,8,8,8,8,3,8,4,8,8,8,8,8,8,8,2,8,8,8,8
1095,8,8,8,8,1,3,8,8,8,2,4,8,8,8,8,8,8,8,8,8,8
1096,8,8,8,8,8,8,8,8,4,8,1,2,8,8,3,8,8,8,8,8,8
1097,8,8,8,8,8,1,8,8,4,3,8,8,8,8,8,8,8,8,8,2,8
1098,4,3,8,8,8,8,8,8,8,8,2,8,1,8,8,8,8,8,8,8,8
1099,8,8,3,8,2,8,8,8,8,8,8,8,8,8,8,8,8,8,4,8,1
1100,8,8,8,8,8,8,8,8,8,8,8,8,8,2,8,8,8,8,4,1,3
1101,8,8,8,8,8,8,8,1,8,4,2,8,8,8,8,8,3,8,8,8,8
1102,8,8,8,8,8,8,2,8,8,8,4,8,3,8,8,8,8,8,8,8,1
1103,8,8,8,8,2,4,8,8,8,1,8,8,8,8,8,8,8,3,8,8,8
1104,8,3,8,2,1,8,8,8,8,8,8,8,8,8,8,8,8,8,8,4,8
1105,8,8,3,8,8,8,8,8,8,8,2,8,8,8,8,8,8,8,4,8,1
1106,8,8,8,8,3,8,8,8,8,8,8,8,8,8,4,8,8,8,8,1,2
1107,8,3,8,8,8,8,8,8,8,1,8,8,8,8,8,4,8,8,8,2,8
1108,8,1,3,8,8,8,8,8,8,8,8,4,8,8,2,8,8,8,8,8,8
1109,8,8,8,8,1,8,8,3,8,4,8,8,8,8,8,8,8,2,8,8,8
1110,8,8,1,4,8,8,3,8,8,2,8,8,8,8,8,8,8,8,8,8,8
1111,8,8,8,8,8,8,8,8,8,1,4,3,8,8,2,8,8,8,8,8,8
1112,8,3,8,8,8,8,8,8,8,2,8,8,8,8,8,1,4,8,8,8,8
1113,8,8,1,4,8,8,8,3,8,8,8,8,8,8,2,8,8,8,8,8,8
1114,8,8,4,8,3,2,8,8,8,8,1,8,8,8,8,8,8,8,8,8,8
1115,8,8,8,8,8,3,8,8,2,8,1,8,8,8,8,8,8,8,8,4,8
1116,8,8,8,8,8,8,8,8,8,8,2,8,8,8,1,4,8,8,8,8,3
1117,8,8,8,8,8,8,8,8,8,8,3,1,4,8,8,8,8,8,2,8,8
1118,8,8,8,8,8,1,8,8,8,4,8,3,8,8,8,8,8,8,2,8,8
1119,8,8,8,8,8,2,8,8,4,8,8,8,8,8,3,8,8,1,8,8,8
1120,8,8,8,8,8,8,8,8,8,1,8,2,8,8,8,4,8,8,8,3,8
1121,8,8,8,8,3,8,8,8,8,4,8,8,8,8,8,8,8,1,8,2,8
1122,8,8,8,8,3,4,8,8,8,8,8,8,8,8,2,8,8,8,8,8,1
1123,8,3,8,8,4,8,8,8,8,8,8,8,8,8,8,2,8,8,1,8,8
1124,8,8,8,8,3,2,8,8,8,8,8,8,8,8,4,8,8,8,8,1,8
1125,8,8,8,8,2,8,8,8,8,1,4,8,8,3,8,8,8,8,8,8,8
1126,8,8,8,8,8,2,8,8,3,4,8,8,8,8,1,8,8,8,8,8,8
1127,8,8,3,8,8,8,8,8,1,8,2,8,8,4,8,8,8,8,8,8,8
1128,8,8,8,8,8,3,4,8,8,8,8,8,8,8,1,2,8,8,8,8,8
1129,8,8,8,8,8,2,8,8,3,8,8,8,8,8,8,8,4,8,8,1,8
1130,8,8,8,8,8,1,4,8,8,2,3,8,8,8,8,8,8,8,8,8,8
1131,8,8,8,8,8,2,8,8,8,8,8,8,4,8,8,8,8,8,8,1,3
1132,8,1,8,8,8,8,8,2,8,8,3,8,8,8,4,8,8,8,8,8,8
1133,8,8,8,8,8,8,3,8,8,8,8,2,8,8,8,8,8,8,8,4,1
1134,8,8,4,8,8,8,8,8,1,8,8,8,8,2,8,8,3,8,8,8,8
1135,8,8,8,8,8,1,8,8,8,8,4,8,8,8,2,8,8,8,3,8,8
1136,8,8,8,8,8,8,8,4,8,8,3,8,8,8,8,8,8,1,8,2,8
1137,8,3,8,8,8,8,8,8,1,8,8,8,8,8,8,8,8,8,8,2,4
1138,8,8,8,8,8,8,4,8,8,8,8,8,8,8,8,8,8,8,2,3,1
1139,8,8,8,8,8,8,8,8,8,8,8,8,8,8,4,3,8,8,2,8,1
1140,8,8,8,8,8,8,8,8,8,4,1,8,8,8,8,2,8,8,3,8,8
1141,8,8,8,8,4,2,8,8,8,8,3,8,8,8,8,8,8,8,8,8,1
1142,8,8,3,8,8,1,8,8,4,8,2,8,8,8,8,8,8,8,8,8,8
1143,8,8,8,8,8,4,8,8,8,8,1,8,8,8,2,3,8,8,8,8,8
1144,8,8,8,8,3,2,8,8,8,8,8,8,8,8,8,8,4,8,8,1,8
1145,8,8,8,4,8,1,8,8,8,8,3,8,8,8,8,8,8,8,8,2,8
1146,8,8,8,8,8,2,8,4,8,8,8,8,8,8,8,3,1,8,8,8,8
1147,8,8,8,8,8,3,8,8,8,8,2,8,8,8,8,8,8,8,8,4,1
1148,8,8,8,8,8,8,8,2,3,8,8,8,8,1,8,8,8,4,8,8,8
1149,8,8,8,8,8,1,8,3,8,4,8,8,8,8,8,8,8,8,8,8,2
1150,8,8,8,8,8,8,8,8,3,8,1,8,8,4,2,8,8,8,8,8,8
1151,8,8,8,8,8,3,8,8,1,8,4,8,8,8,8,8,2,8,8,8,8
1152,8,8,8,8,8,8,8,3,4,8,8,8,8,1,8,8,8,8,8,8,2
1153,8,8,1,8,8,8,8,8,2,8,3,8,8,8,4,8,8,8,8,8,8
1154,8,1,8,8,8,8,8,8,8,8,2,8,8,8,3,8,8,8,8,4,8
1155,8,8,8,8,8,4,8,2,8,1,8,8,8,8,8,8,3,8,8,8,8
1156,8,8,8,8,8,8,8,4,8,8,8,8,2,3,8,8,8,8,8,1,8
1157,8,8,8,8,8,1,8,8,8,8,2,8,8,8,8,4,8,8,8,8,3
1158,8,8,8,3,8,4,8,1,8,8,8,8,8,8,8,8,2,8,8,8,8
1159,8,8,8,8,8,8,8,8,8,8,1,8,8,8,2,3,8,8,8,8,4
1160,8,8,8,8,8,8,8,3,2,8,1,8,8,8,8,8,8,8,8,4,8
1161,8,8,8,8,8,8,8,8,8,4,8,3,8,8,2,8,8,8,8,1,8
1162,8,8,8,8,8,8,8,8,8,8,2,8,8,8,8,1,8,8,8,3,4
1163,8,8,8,8,8,4,8,8,8,8,1,8,8,8,8,8,8,8,3,8,2
1164,8,8,3,8,8,1,8,8,4,8,8,8,8,8,8,8,2,8,8,8,8
1165,2,8,8,8,4,8,8,8,8,1,8,8,8,8,8,8,8,8,3,8,8
1166,2,8,8,8,8,1,8,8,8,8,8,8,8,3,8,8,8,8,8,4,8
1167,8,8,8,8,8,1,8,8,8,3,8,8,8,8,2,8,8,8,8,4,8
1168,8,8,8,8,8,8,8,2,3,8,8,8,8,8,8,1,4,8,8,8,8
1169,8,8,8,8,8,8,8,8,8,1,8,8,8,2,8,8,8,4,8,8,3
1170,2,8,8,8,8,8,8,8,8,8,8,8,8,8,8,8,3,4,8,1,8
1171,8,8,3,8,8,8,8,8,8,8,8,1,4,8,8,8,8,8,8,2,8
1172,8,8,4,8,8,8,8,3,8,8,2,8,8,8,8,8,8,8,1,8,8
1173,8,8,8,8,8,8,8,8,8,8,3,8,8,8,8,8,8,8,1,4,2
1174,8,3,8,8,8,8,1,8,8,8,2,8,8,8,8,4,8,8,8,8,8
1175,2,8,8,8,8,3,8,4,1,8,8,8,8,8,8,8,8,8,8,8,8
1176,8,8,8,8,8,8,8,8,8,8,1,8,8,3,8,4,2,8,8,8,8
1177,8,8,8,8,8,8,4,8,8,8,8,3,8,8,2,8,8,8,8,8,1
1178,8,8,8,8,8,8,8,8,8,8,3,8,8,8,8,8,2,4,8,8,1
1179,8,8,8,8,8,8,3,8,8,8,8,8,8,1,4,8,8,8,8,8,2
1180,4,8,8,8,8,8,8,8,8,3,8,8,1,8,8,8,8,8,8,8,2
1181,8,8,8,8,3,8,8,8,8,1,8,8,8,8,8,8,2,8,8,8,8
1182,8,8,8,8,8,8,8,4,8,8,3,8,8,8,8,8,1,2,8,8,8
1183,8,8,8,8,8,8,8,8,8,8,8,8,8,8,8,8,8,8,8,8,8
1184,8,8,8,8,4,8,1,8,8,2,8,8,8,8,8,8,8,8,8,8,3
1185,8,8,1,8,4,3,8,8,2,8,8,8,8,8,8,8,8,8,8,8,8
1186,8,8,8,8,3,8,2,8,8,1,8,8,8,8,4,8,8,8,8,8,8
1187,8,8,8,8,8,8,8,1,8,8,8,8,8,8,2,3,8,8,4,8,8
1188,8,2,8,8,8,8,8,8,8,8,8,8,8,3,1,8,8,8,8,8,4
1189,8,8,2,8,8,8,4,8,8,8,8,3,8,8,8,8,8,8,8,8,1
1190,8,8,3,8,8,8,8,8,8,2,1,8,8,8,4,8,8,8,8,8,8
1191,8,8,4,8,8,2,8,8,8,8,3,8,8,8,8,8,8,8,8,8,1
1192,8,4,8,8,8,8,8,1,8,2,8,8,8,8,8,8,3,8,8,8,8
1193,8,4,2,8,8,1,8,8,8,8,8,8,8,8,8,8,8,3,8,8,8
1194,8,8,8,8,8,1,8,8,8,4,8,8,8,8,3,8,8,8,8,2,8
1195,8,8,8,8,8,8,8,4,8,3,8,8,8,2,1,8,8,8,8,8,8
1196,8,8,8,8,4,1,8,3,8,8,8,8,8,8,2,8,8,8,8,8,8
1197,8,8,1,8,8,8,8,8,8,8,4,8,8,8,3,2,8,8,8,8,8
1198,8,8,2,3,8,8,8,4,1,8,8,8,8,8,8,8,8,8,8,8,8
1199,8,8,8,8,8,4,8,8,8,1,3,8,8,8,8,8,8,8,8,2,8
1200,8,8,8,8,8,4,8,8,2,8,8,8,8,8,3,8,1,8,8,8,8
