caseid,ftobama,ftblack,ftwhite,fthisp,ftgay,fttrump,fthrc,ftsanders,ftpolice
1,100,100,100,100,96,1,76,84,51
2,39,6,74,6,75,28,52,13,65
3,1,50,50,50,16,100,1,2,85
4,89,61,64,61,62,0,69,71,56
5,1,61,58,71,55,13,1,13,89
6,0,50,51,51,46,61,1,11,55
7,73,100,70,100,100,5,60,100,34
8,0,70,70,69,49,85,0,40,85
9,12,50,50,50,5,70,3,31,80
10,87,75,90,51,85,5,87,97,60
11,32,53,52,54,52,74,6,51,97
12,10,80,80,80,70,95,10,10,90
13,70,88,90,90,86,39,49,90,91
14,80,67,74,57,27,82,3,41,99
15,4,99,99,87,98,91,1,1,99
16,0,74,63,65,49,51,0,10,66
17,66,63,58,54,64,51,79,77,48
18,100,80,81,80,90,59,79,100,89
19,0,100,95,100,50,86,0,0,100
20,96,92,94,92,84,1,87,81,63
21,99,95,81,100,100,2,94,61,74
22,12,71,71,45,2,13,2,90,41
23,75,61,51,51,70,1,65,85,41
24,91,84,87,91,82,8,68,89,52
25,66,39,58,53,48,2,53,69,54
26,39,79,80,86,61,33,50,38,85
27,1,50,50,51,51,72,0,0,88
28,70,56,88,90,51,1,41,100,57
29,80,64,75,45,50,1,70,99,46
30,100,58,56,55,50,16,85,83,89
31,100,54,51,51,51,18,92,89,27
32,63,88,62,77,70,1,21,98,31
33,3,51,99,20,50,51,1,1,100
34,1,50,53,52,32,31,0,4,84
35,69,60,63,71,68,2,77,62,70
36,82,70,85,66,57,1,93,96,78
37,76,81,69,67,81,2,100,1,62
38,80,80,81,74,80,20,52,71,31
39,10,60,60,60,50,88,7,20,90
40,0,71,67,66,1,70,9,6,88
41,79,67,81,85,5,69,94,56,97
42,81,100,100,100,100,0,94,84,100
43,5,60,55,55,40,65,10,10,80
44,95,62,99,31,1,1,99,90,100
45,80,95,99,99,80,5,100,100,70
46,0,19,10,71,3,13,0,1,50
47,13,9,100,7,7,7,98,50,46
48,41,62,66,59,88,6,3,47,60
49,100,97,94,100,97,1,83,100,52
50,0,59,75,54,50,46,1,10,70
51,62,52,72,39,83,12,98,16,53
52,95,69,51,50,51,4,75,95,48
53,15,41,50,50,40,60,10,21,71
54,80,91,91,91,97,0,99,64,51
55,2,50,59,50,6,92,3,42,65
56,72,84,84,76,81,1,31,86,57
57,0,41,84,40,61,100,1,4,36
58,97,86,87,88,94,3,99,91,94
59,10,49,100,71,52,3,2,28,96
60,57,50,54,58,42,0,1,54,85
61,0,100,100,100,100,0,0,0,100
62,84,71,98,91,71,0,16,50,85
63,95,81,71,88,89,0,78,100,52
64,15,50,50,50,50,45,10,20,60
65,100,100,5,100,100,0,100,100,0
66,73,66,65,63,66,0,61,70,59
67,24,50,37,85,57,6,54,81,5
68,100,75,80,75,100,0,95,100,75
69,1,51,51,45,3,49,1,3,59
70,0,100,100,100,100,95,0,0,50
71,32,51,50,50,51,71,2,41,60
72,100,93,84,97,100,6,93,97,14
73,74,22,99,48,21,6,78,100,1
74,4,50,72,27,5,95,4,28,99
75,53,46,47,47,56,1,61,57,97
76,3,50,91,88,0,99,1,0,66
77,99,75,80,85,85,1,95,86,80
78,0,50,50,50,50,80,0,10,90
79,1,62,62,71,41,97,0,0,95
80,5,99,99,99,51,60,7,51,99
81,3,70,72,72,100,100,1,30,88
82,44,56,51,51,8,10,56,49,35
83,100,90,90,90,51,2,100,100,86
84,66,88,50,88,88,11,47,50,75
85,55,60,75,71,74,69,59,92,32
86,1,50,50,70,21,31,2,29,70
87,70,50,50,61,80,0,12,100,56
88,62,50,50,50,50,54,50,50,47
89,6,75,81,0,0,88,0,62,9
90,1,50,49,22,49,89,0,1,70
91,80,95,90,95,95,6,60,90,46
92,95,100,100,100,100,0,90,90,13
93,34,100,100,50,100,95,0,10,99
94,85,90,90,70,70,0,75,95,70
95,95,94,96,95,89,2,60,96,51
96,96,91,54,93,99,6,77,91,56
97,5,99,99,75,41,79,5,4,99
98,6,80,80,75,20,75,5,41,72
99,100,72,71,71,70,0,100,98,89
100,0,0,100,0,0,70,0,10,100
101,99,92,55,71,94,2,87,99,31
102,0,51,50,50,51,88,0,0,70
103,100,100,100,100,100,1,100,100,50
104,100,34,100,54,32,0,100,0,100
105,40,50,50,50,50,1,20,42,50
106,95,100,82,100,100,0,76,100,33
107,13,50,50,50,50,11,10,3,35
108,90,89,71,85,96,1,100,80,79
109,65,50,50,50,50,10,100,70,50
110,5,100,100,100,85,75,3,31,90
111,0,73,73,86,70,98,3,16,99
112,90,95,95,95,95,6,95,71,95
113,6,2,90,17,16,95,1,3,97
114,6,75,95,76,16,97,4,5,96
115,87,61,64,62,72,2,71,71,42
116,1,52,52,51,50,85,51,50,49
117,66,60,35,55,70,5,50,55,40
118,70,71,45,58,90,0,0,90,31
119,60,26,74,32,53,13,55,63,39
120,88,80,85,70,83,6,61,90,63
121,16,41,55,40,40,56,4,21,65
122,2,100,51,3,17,64,3,52,99
123,1,72,70,91,6,91,3,3,100
124,1,100,100,100,60,75,35,35,85
125,70,50,52,50,50,1,29,61,71
126,94,78,87,87,87,1,80,99,81
127,39,73,75,96,59,75,100,79,100
128,1,50,51,50,0,70,0,91,100
129,44,78,85,82,78,87,59,74,87
130,96,71,72,67,72,0,84,45,20
131,86,80,45,50,100,0,46,100,10
132,71,61,59,80,89,80,70,31,90
133,0,50,55,51,80,100,0,59,73
134,12,50,50,49,44,88,31,53,91
135,95,89,81,79,91,11,91,71,50
136,11,62,99,94,70,61,60,60,100
137,20,50,61,50,50,90,10,10,69
138,31,90,96,88,50,10,4,49,97
139,50,48,45,71,66,0,1,67,27
140,1,61,62,58,9,19,3,11,81
141,16,50,63,70,45,62,4,41,59
142,2,90,86,83,91,61,59,64,92
143,100,80,100,70,100,0,100,70,100
144,89,57,60,100,100,2,97,75,30
145,75,75,75,100,79,20,86,67,69
146,7,76,100,76,2,79,4,17,99
147,89,95,45,85,79,10,71,66,66
148,2,50,45,65,6,48,6,51,96
149,3,15,74,9,0,90,0,2,72
150,95,60,75,80,50,41,65,100,75
151,9,12,50,50,100,84,4,70,63
152,0,23,78,0,100,94,40,71,90
153,0,1,100,2,70,95,1,0,59
154,31,88,92,90,87,20,12,29,92
155,1,45,96,21,31,96,0,30,84
156,75,66,68,48,61,65,70,51,10
157,100,95,85,75,30,1,100,95,90
158,0,100,100,100,100,71,0,50,67
159,0,92,95,97,1,12,0,1,100
160,90,99,100,100,100,1,66,100,75
161,1,70,95,60,40,70,1,1,100
162,0,100,100,100,59,20,0,31,100
163,95,100,100,100,100,60,100,90,90
164,90,86,86,71,20,61,85,67,100
165,47,48,35,92,1,0,33,50,36
166,2,72,92,74,70,41,1,41,99
167,0,93,85,94,29,32,0,1,97
168,16,60,73,68,51,41,24,27,78
169,5,50,50,50,0,0,0,55,60
170,78,50,51,49,48,33,41,60,40
171,0,9,100,53,0,92,0,0,95
172,1,55,51,39,54,90,6,5,51
173,91,87,88,85,88,0,75,86,91
174,6,100,100,66,0,100,0,0,100
175,97,100,55,100,100,0,61,100,70
176,3,19,61,30,5,69,1,9,49
177,0,51,98,51,50,60,0,12,91
178,2,58,68,55,56,84,1,65,87
179,25,76,76,74,78,97,12,72,96
180,88,80,99,97,100,70,100,95,98
181,10,51,79,50,2,66,1,10,91
182,23,83,67,38,13,93,13,28,45
183,0,10,95,10,0,90,0,0,75
184,72,87,54,53,1,0,73,86,76
185,39,51,50,51,58,21,9,30,35
186,100,75,50,80,75,0,75,0,30
187,88,97,70,94,98,1,42,99,59
188,3,85,100,91,20,95,6,31,99
189,0,50,50,70,50,80,0,2,90
190,0,50,0,49,0,2,0,2,18
191,79,88,64,91,95,1,88,88,55
192,75,100,100,100,100,5,70,90,60
193,2,70,72,72,50,68,12,5,84
194,11,43,53,43,54,52,24,15,43
195,4,50,50,50,50,34,3,20,93
196,0,82,91,88,52,71,0,0,100
197,1,2,70,2,1,91,0,1,91
198,21,52,91,88,61,89,1,53,89
199,71,50,50,50,50,0,35,100,40
200,26,59,98,51,51,97,9,2,99
201,3,87,99,57,50,95,15,22,99
202,100,97,86,87,87,94,97,84,97
203,87,91,80,99,97,10,95,99,37
204,88,61,40,45,30,52,61,65,41
205,5,50,55,52,4,58,4,4,69
206,3,49,56,51,52,80,8,41,61
207,59,71,71,72,60,1,85,70,40
208,3,0,99,19,2,97,0,2,100
209,75,83,87,77,61,5,54,77,93
210,1,27,70,44,8,89,4,4,69
211,13,62,98,59,3,98,4,3,52
212,0,55,42,61,5,100,0,41,50
213,78,79,73,80,74,2,63,76,45
214,46,58,75,71,81,60,65,40,90
215,0,85,85,85,85,86,0,45,86
216,72,96,91,93,94,0,89,90,42
217,34,70,52,80,78,22,8,33,71
218,44,75,78,69,69,41,16,59,74
219,5,89,87,84,91,91,4,51,99
220,4,50,50,39,50,44,11,1,51
221,0,100,100,100,100,91,0,16,71
222,95,100,100,100,100,0,50,96,95
223,17,70,70,70,31,60,30,70,91
224,100,63,62,67,50,1,47,16,58
225,60,99,100,98,99,4,100,30,50
226,3,41,53,46,53,69,1,14,53
227,26,50,51,50,41,61,0,31,90
228,24,66,99,63,0,72,1,47,83
229,96,72,84,68,76,0,75,92,65
230,1,50,50,50,50,95,1,20,95
231,95,75,88,70,100,2,80,97,100
232,7,50,83,60,50,56,2,24,75
233,65,53,53,52,50,45,49,61,89
234,0,51,51,51,1,40,0,20,70
235,0,46,60,50,50,36,0,45,90
236,95,69,11,47,58,1,33,86,11
237,84,87,73,85,65,1,98,44,41
238,1,51,60,70,0,41,0,1,55
239,64,38,17,34,13,98,79,68,32
240,6,30,100,50,40,89,1,60,5
241,98,58,31,52,21,0,89,53,1
242,70,100,100,100,100,0,0,78,93
243,82,100,100,100,100,34,49,53,100
244,31,50,50,50,89,40,40,41,61
245,14,14,50,30,9,41,3,22,50
246,99,64,48,49,98,4,96,99,99
247,100,81,78,100,99,1,98,83,99
248,60,80,80,80,80,30,55,50,60
249,70,44,94,50,100,11,89,67,50
250,62,50,61,50,50,4,80,56,83
251,0,50,80,52,3,78,0,0,98
252,98,60,88,49,51,2,86,31,69
253,1,82,100,75,3,72,4,12,89
254,2,49,52,21,28,89,0,15,80
255,96,50,50,50,95,0,94,71,94
256,95,59,97,6,9,11,91,75,44
257,0,100,100,100,0,15,0,0,100
258,30,24,25,22,8,22,2,28,76
259,73,78,79,75,97,28,59,82,63
260,86,70,42,61,92,1,95,41,94
261,16,50,50,50,51,30,12,16,76
262,99,79,69,100,51,5,98,69,79
263,5,50,51,49,50,51,3,21,98
264,10,31,59,40,20,36,5,17,70
265,1,51,70,2,80,100,1,2,65
266,73,92,70,91,89,20,73,41,81
267,98,80,90,90,90,50,90,80,90
268,91,88,90,91,79,15,62,94,38
269,61,85,85,85,85,18,36,91,75
270,81,93,62,98,96,36,80,99,27
271,98,99,98,97,98,1,67,99,50
272,9,19,98,51,89,57,5,28,85
273,0,50,50,50,50,30,0,30,50
274,1,50,50,50,50,53,1,1,96
275,100,100,99,100,100,2,100,99,78
276,4,15,100,20,1,100,1,2,90
277,89,69,71,70,90,1,31,100,70
278,93,56,73,64,77,1,71,84,69
279,0,55,55,22,31,99,1,2,70
280,5,63,83,36,15,72,6,6,50
281,0,89,89,75,91,100,0,51,77
282,43,72,71,63,80,94,51,16,63
283,97,95,75,98,100,1,88,86,13
284,90,100,50,62,28,19,91,74,59
285,6,50,50,50,50,100,6,69,29
286,14,71,75,47,65,8,18,18,75
287,44,100,100,100,60,24,100,76,72
288,56,75,80,70,41,31,30,74,80
289,26,46,47,11,73,48,3,49,78
290,10,47,70,50,50,86,41,40,95
291,51,55,53,55,53,55,65,57,58
292,25,87,99,100,85,98,52,36,100
293,88,76,52,81,87,0,70,75,67
294,68,91,90,80,71,54,69,59,81
295,0,41,85,61,52,99,0,32,70
296,4,93,85,87,1,87,2,20,81
297,88,86,87,82,85,5,98,97,93
298,0,50,50,51,50,76,0,2,100
299,81,71,70,71,70,0,52,84,6
300,0,50,64,89,87,100,0,1,92
301,70,67,77,99,89,7,85,96,100
302,53,50,54,50,51,54,52,50,51
303,1,48,69,62,47,73,1,38,87
304,0,39,57,37,7,90,2,4,41
305,68,100,100,100,81,6,20,6,16
306,99,98,99,94,98,0,97,97,43
307,0,81,49,81,0,100,0,0,94
308,84,79,98,92,81,4,71,94,99
309,0,50,50,51,50,17,0,0,13
310,34,77,75,78,83,61,11,63,37
311,2,50,50,50,100,2,1,22,94
312,1,60,90,69,0,91,0,1,96
313,79,66,87,50,49,1,71,17,9
314,3,96,100,100,51,100,64,71,99
315,50,100,100,89,0,0,50,50,100
316,7,84,91,56,1,96,2,1,96
317,100,57,71,100,58,0,100,91,100
318,1,59,75,80,10,70,1,6,96
319,100,99,33,48,29,13,81,39,68
320,88,56,84,54,50,3,83,51,79
321,100,99,90,91,66,998,99,6,41
322,0,29,73,66,33,54,1,2,98
323,2,58,99,84,0,1,2,19,97
324,91,39,93,55,33,73,75,7,41
325,0,51,72,72,27,89,10,5,100
326,75,69,69,3,69,25,60,100,50
327,71,94,84,98,100,1,94,23,93
328,40,79,77,72,72,65,61,59,91
329,50,50,50,50,2,50,49,50,50
330,98,69,52,87,86,12,93,64,40
331,1,76,78,67,41,63,1,12,91
332,88,61,71,71,70,4,96,88,87
333,16,73,48,48,49,96,9,1,70
334,46,84,85,43,84,62,65,75,64
335,91,88,84,67,87,88,97,71,29
336,0,86,85,86,85,56,1,0,71
337,0,50,100,41,0,0,0,0,100
338,1,50,50,50,30,86,1,1,61
339,60,50,50,50,50,40,6,97,86
340,99,85,89,91,85,8,97,72,71
341,67,100,100,88,15,51,100,50,100
342,5,96,99,98,95,7,100,19,99
343,0,76,50,50,50,0,0,2,100
344,0,75,100,99,50,11,0,1,95
345,95,90,90,80,95,1,90,100,65
346,30,50,60,50,50,80,60,90,60
347,67,63,70,50,1,6,44,57,66
348,89,70,49,80,100,0,60,100,70
349,0,59,60,73,55,81,0,2,97
350,2,51,66,59,54,88,1,49,72
351,96,84,78,87,90,1,82,1,86
352,0,69,95,74,17,89,0,0,93
353,1,38,100,90,8,100,64,30,100
354,100,96,88,88,6,69,74,68,99
355,49,76,87,80,86,51,41,84,73
356,15,51,51,50,16,41,21,1,66
357,90,60,80,70,59,61,30,84,70
358,5,50,50,50,50,40,0,5,90
359,70,74,97,89,99,11,85,46,82
360,30,50,51,51,48,49,31,38,70
361,61,0,99,0,0,0,0,100,9
362,70,61,75,3,3,75,20,61,24
363,86,53,97,66,36,6,69,3,43
364,1,2,100,1,2,51,1,2,41
365,19,85,85,86,68,45,25,15,80
366,0,50,90,49,1,1,0,0,100
367,99,63,67,75,87,0,79,100,47
368,90,50,61,59,50,30,11,40,41
369,3,56,79,42,38,78,55,50,71
370,100,51,50,52,30,0,100,50,81
371,2,40,60,51,1,70,1,2,74
372,0,51,50,51,23,88,0,10,51
373,1,66,70,62,65,71,0,1,100
374,51,40,61,19,2,61,58,62,33
375,100,100,71,75,52,11,90,70,70
376,5,55,66,64,54,96,3,3,75
377,9,50,50,50,51,50,2,6,67
378,1,98,100,74,0,100,0,3,77
379,0,50,50,50,0,5,0,0,85
380,0,50,50,50,5,49,0,0,50
381,90,63,80,51,5,3,71,59,5
382,100,50,0,50,50,1,99,76,50
383,60,80,30,50,41,0,0,50,20
384,95,100,82,97,93,3,99,88,29
385,11,4,50,50,98,98,25,6,98
386,75,59,60,65,5,75,65,51,69
387,76,65,95,16,2,14,6,18,65
388,41,75,75,46,45,57,67,80,54
389,1,12,100,51,0,95,0,1,89
390,98,90,50,52,44,6,91,74,11
391,79,36,93,31,46,29,58,76,39
392,98,99,71,96,100,0,99,2,50
393,94,37,96,27,74,69,75,58,85
394,1,89,85,85,98,20,1,7,97
395,19,70,94,85,94,94,47,74,94
396,1,75,76,51,7,90,1,50,96
397,1,50,50,100,1,80,1,1,70
398,83,98,51,50,88,8,51,93,36
399,4,49,64,50,50,65,30,49,80
400,3,66,61,59,44,87,2,34,100
401,100,98,79,77,53,1,100,7,94
402,4,59,59,70,60,30,11,5,89
403,87,98,69,100,90,6,100,47,86
404,6,11,100,10,1,99,1,0,81
405,90,75,75,76,91,39,91,88,86
406,100,100,50,96,70,0,100,99,66
407,0,52,53,53,50,70,0,3,79
408,94,97,61,95,20,1,82,96,47
409,1,40,50,40,40,40,1,30,70
410,3,49,85,62,50,90,1,5,94
411,94,50,53,88,75,1,81,91,96
412,2,50,53,52,4,95,2,2,86
413,6,50,50,50,50,31,4,6,75
414,5,70,90,70,10,100,3,5,95
415,90,61,88,60,60,0,60,90,59
416,89,100,70,51,50,4,100,51,41
417,2,998,42,29,2,20,19,20,72
418,3,90,80,43,69,97,5,30,98
419,5,51,50,51,16,31,4,2,90
420,1,85,85,85,50,85,1,1,85
421,31,89,97,50,21,40,0,50,93
422,100,99,31,99,3,14,75,75,8
423,72,70,75,80,44,22,49,55,75
424,1,50,51,60,6,100,1,16,51
425,85,72,60,60,53,10,52,54,66
426,86,100,75,90,96,65,70,100,61
427,95,71,80,87,95,2,76,86,71
428,1,18,59,25,0,0,0,0,74
429,60,80,80,80,80,1,85,90,70
430,66,83,84,75,50,33,72,75,92
431,0,61,70,50,50,70,0,21,92
432,95,99,75,74,79,0,89,88,70
433,1,93,82,94,22,75,1,5,82
434,90,97,80,94,96,2,60,99,52
435,0,50,100,50,50,0,0,50,90
436,6,70,70,70,41,6,21,32,71
437,2,63,69,48,0,93,1,19,94
438,75,87,86,89,88,35,63,98,39
439,1,85,85,95,40,94,2,2,96
440,0,99,100,71,50,100,0,0,100
441,1,54,60,60,0,47,1,30,90
442,84,72,56,71,71,1,84,69,41
443,52,51,60,35,50,69,18,40,71
444,10,50,44,60,61,39,23,30,46
445,59,99,99,99,99,30,41,41,99
446,80,60,70,85,75,5,75,95,70
447,0,40,89,60,49,96,0,5,89
448,43,998,99,7,1,67,30,998,78
449,0,15,75,15,0,75,0,0,15
450,57,50,100,59,55,47,84,42,100
451,0,39,90,70,20,95,5,11,80
452,3,34,81,46,50,40,0,23,78
453,59,50,97,64,97,3,56,58,91
454,32,100,100,90,97,89,41,100,85
455,56,92,71,64,87,22,66,32,67
456,81,71,74,74,100,2,77,90,84
457,10,61,50,80,90,51,11,6,89
458,70,70,69,86,71,2,71,31,50
459,84,91,81,88,100,20,100,22,30
460,9,45,50,41,50,31,1,21,69
461,59,59,71,50,60,17,64,59,60
462,86,52,52,52,57,22,85,78,91
463,80,30,50,50,50,40,75,65,50
464,94,99,79,81,97,90,77,91,59
465,5,50,52,50,3,66,7,20,87
466,99,71,97,89,99,3,72,85,85
467,0,90,90,90,99,1,0,0,0
468,0,50,50,42,23,21,5,0,63
469,100,50,50,50,50,0,85,85,50
470,96,76,60,64,61,65,74,84,81
471,5,56,48,41,5,20,33,5,58
472,0,89,90,87,52,86,0,6,100
473,0,100,100,100,100,0,0,0,40
474,3,26,100,38,3,46,1,37,93
475,3,94,100,99,90,2,96,85,91
476,8,50,50,50,50,73,3,4,91
477,2,50,89,1,10,90,0,40,85
478,100,100,100,100,97,100,100,100,100
479,0,90,71,71,70,80,0,30,100
480,82,75,67,45,0,0,79,39,50
481,100,84,87,85,100,0,78,100,100
482,54,49,69,47,49,83,76,55,46
483,99,80,75,74,81,2,99,0,66
484,0,93,2,44,0,0,1,3,0
485,63,79,69,63,73,71,70,30,63
486,20,50,50,95,50,60,16,50,95
487,98,94,78,84,67,54,85,87,91
488,0,50,100,50,50,80,0,15,60
489,100,81,90,71,99,6,99,98,87
490,1,100,100,100,50,30,1,1,50
491,90,96,97,95,2,97,51,86,89
492,19,41,86,34,58,49,18,9,61
493,6,50,59,21,41,89,5,9,53
494,70,75,88,74,2,50,95,51,72
495,15,63,70,49,51,90,81,73,88
496,0,34,100,55,30,88,19,62,95
497,89,51,50,50,91,1,60,94,53
498,100,81,86,70,50,10,91,51,60
499,100,85,85,88,50,34,98,85,70
500,69,69,56,69,60,14,64,87,62
501,57,77,86,44,88,31,53,56,87
502,100,84,30,30,50,0,64,0,2
503,98,72,72,89,100,22,75,70,81
504,0,100,100,100,15,60,0,0,91
505,3,30,100,70,100,0,100,90,100
506,94,94,44,93,13,19,94,86,60
507,3,80,97,49,97,94,49,71,100
508,68,97,96,97,97,19,68,85,92
509,50,56,60,55,95,94,71,2,41
510,1,50,50,50,50,65,1,1,95
511,2,20,60,53,20,99,2,2,93
512,87,60,83,61,50,87,72,41,79
513,0,0,51,0,0,7,0,0,2
514,4,3,62,58,0,40,2,4,77
515,0,100,70,90,51,6,0,6,91
516,7,51,74,55,49,44,0,12,98
517,2,48,50,50,30,86,0,1,90
518,71,85,20,95,50,0,35,40,60
519,30,79,66,81,90,86,0,80,100
520,37,52,100,50,28,0,84,19,96
521,4,74,77,73,24,91,5,28,94
522,0,95,89,90,5,100,2,3,100
523,100,100,100,100,51,0,100,86,86
524,0,89,60,70,0,95,0,0,75
525,98,99,100,99,98,7,99,71,66
526,59,88,84,89,51,93,88,84,89
527,0,90,80,80,16,51,0,6,95
528,100,83,70,100,100,3,90,100,41
529,86,50,50,50,69,18,99,75,68
530,19,50,50,49,51,70,16,62,70
531,13,50,50,50,50,100,0,40,100
532,61,100,100,100,100,0,0,32,61
533,1,78,78,62,61,78,1,51,91
534,95,52,100,91,100,5,71,52,100
535,34,85,58,60,84,3,51,36,28
536,9,38,82,43,15,66,6,17,100
537,100,91,97,93,99,0,100,100,89
538,52,71,49,91,0,97,33,35,51
539,71,71,70,70,1,1,50,61,51
540,28,35,22,94,71,1,3,63,14
541,18,81,100,96,50,87,35,55,90
542,99,62,45,85,98,4,20,100,3
543,88,80,68,74,80,5,72,52,71
544,3,80,99,85,85,31,3,40,70
545,2,86,86,73,86,73,1,64,86
546,99,94,96,96,96,2,89,88,86
547,59,53,51,40,53,10,38,39,69
548,6,42,81,68,63,55,6,2,86
549,100,88,99,62,100,19,100,10,38
550,30,90,90,90,70,60,2,55,70
551,60,77,84,93,94,4,56,90,74
552,59,50,72,31,15,72,97,50,67
553,22,38,53,48,28,68,0,1,87
554,100,90,81,81,100,0,81,100,71
555,100,100,1,100,100,2,100,1,50
556,6,72,69,4,1,100,1,3,87
557,16,83,100,77,5,75,85,60,97
558,11,50,50,50,50,70,12,70,90
559,94,100,61,84,93,1,82,88,20
560,11,16,37,86,53,3,9,19,76
561,81,50,52,53,63,65,57,59,25
562,80,50,50,55,50,22,67,55,51
563,6,61,90,51,80,51,5,21,91
564,5,52,51,41,74,35,1,16,85
565,100,72,78,96,78,0,91,75,64
566,16,53,51,52,50,2,11,61,75
567,40,6,87,42,69,70,20,74,96
568,29,80,77,57,69,43,57,48,76
569,60,72,41,24,63,28,78,50,25
570,3,1,70,52,47,100,0,0,100
571,3,72,74,94,2,87,3,50,76
572,1,83,91,81,50,51,0,0,94
573,100,50,50,50,50,5,100,50,50
574,31,50,50,50,51,40,25,35,20
575,100,98,49,50,48,2,99,0,72
576,72,50,50,50,51,14,84,94,74
577,0,41,83,51,0,78,0,0,72
578,92,37,80,55,36,50,55,13,47
579,2,90,90,86,95,90,2,5,52
580,56,78,68,68,61,89,54,90,50
581,70,99,51,100,99,0,20,100,0
582,4,66,89,80,80,84,9,16,97
583,67,98,79,63,0,100,56,64,100
584,17,100,62,61,52,34,2,10,58
585,83,66,86,61,85,0,92,58,79
586,91,89,87,91,94,0,78,96,72
587,95,54,53,53,53,4,75,75,63
588,89,60,84,50,50,0,65,99,42
589,35,50,51,50,50,5,40,51,12
590,97,99,55,83,99,6,89,99,12
591,6,80,100,22,100,100,3,51,59
592,89,61,87,33,12,95,70,50,89
593,70,46,44,94,92,8,12,16,19
594,50,15,96,0,50,50,20,90,90
595,0,41,45,55,1,81,0,0,99
596,61,53,63,32,25,52,38,54,55
597,3,95,87,28,98,94,9,53,63
598,89,97,94,89,100,3,95,84,75
599,100,51,50,51,50,2,90,50,51
600,5,50,50,50,50,20,6,51,71
601,91,100,100,99,94,100,100,998,100
602,88,94,91,78,93,22,60,86,73
603,74,52,50,55,49,85,53,27,64
604,100,100,26,100,100,3,81,6,18
605,40,998,998,61,51,0,1,71,41
606,0,13,87,60,50,50,30,50,34
607,71,31,70,45,1,41,39,60,0
608,1,18,100,15,3,100,2,4,98
609,91,89,12,59,15,60,9,18,22
610,60,33,73,43,61,52,65,37,47
611,61,74,100,87,99,4,41,59,100
612,100,90,78,100,100,1,100,89,36
613,73,91,55,100,100,5,53,77,21
614,100,98,85,4,36,2,97,15,72
615,99,100,89,90,48,39,81,51,79
616,100,97,93,97,97,0,98,67,89
617,52,50,41,50,21,5,50,51,20
618,96,96,91,88,95,13,100,89,64
619,23,0,1,86,3,998,2,1,0
620,80,50,50,50,50,11,54,77,55
621,0,0,60,70,60,100,60,30,70
622,92,93,89,82,90,1,95,99,61
623,16,67,83,45,30,100,3,61,96
624,38,18,27,34,27,19,34,36,27
625,5,2,0,57,28,1,3,3,6
626,10,70,90,41,59,99,21,59,99
627,15,100,100,100,50,80,17,49,93
628,1,1,1,3,2,2,3,2,2
629,10,73,97,23,83,99,10,30,100
630,50,70,70,50,50,43,50,55,61
631,18,69,73,71,76,95,10,72,65
632,13,50,73,44,60,10,86,60,50
633,15,95,94,95,51,56,41,30,94
634,0,100,45,90,100,9,69,80,100
635,0,40,95,61,40,94,0,20,90
636,88,51,51,50,100,0,92,6,0
637,0,50,50,50,0,11,0,18,36
638,0,65,70,81,30,65,0,0,92
639,0,78,68,81,58,78,0,5,99
640,75,30,90,55,40,70,85,70,40
641,50,50,50,50,50,50,50,50,50
642,100,60,41,90,50,50,100,59,3
643,70,68,81,41,40,100,61,60,69
644,2,1,1,1,0,2,0,0,1
645,4,32,48,32,29,70,2,50,26
646,95,87,76,70,65,3,85,41,71
647,49,49,50,50,49,52,48,50,50
648,84,100,100,100,100,62,79,86,60
649,81,63,70,58,51,10,51,48,51
650,89,73,69,58,69,41,74,92,12
651,90,97,66,86,86,35,95,81,47
652,0,51,51,50,49,1,1,31,15
653,18,50,50,51,12,64,24,51,94
654,70,50,50,59,59,71,80,46,81
655,17,99,99,99,95,50,1,99,71
656,91,98,42,42,6,0,70,10,21
657,100,100,83,91,75,52,97,75,68
658,8,91,41,33,8,100,20,53,100
659,50,80,89,55,89,30,51,3,77
660,1,85,86,86,50,53,1,10,100
661,100,0,99,100,100,19,100,58,100
662,4,85,85,85,50,0,5,25,20
663,50,100,95,85,10,5,56,50,60
664,75,86,35,100,42,1,4,94,57
665,42,94,88,14,78,88,65,71,72
666,2,73,63,72,50,51,2,2,51
667,33,90,81,73,59,97,34,40,93
668,81,85,50,50,63,1,53,0,20
669,96,95,94,98,95,81,99,72,99
670,3,50,80,52,50,80,2,51,65
671,91,6,90,7,3,3,81,6,31
672,99,94,91,96,100,0,100,85,72
673,12,50,90,71,50,70,52,6,100
674,0,50,50,70,20,20,0,10,40
675,69,63,61,63,67,7,75,73,57
676,89,77,73,75,75,2,92,18,81
677,99,59,62,89,52,1,100,51,0
678,91,70,51,51,50,1,90,77,21
679,31,91,87,100,15,51,95,89,57
680,63,50,50,51,58,6,59,50,71
681,1,6,98,27,60,80,11,6,49
682,67,76,99,76,90,90,40,88,76
683,99,97,19,51,43,16,89,80,87
684,80,77,73,74,81,33,77,81,61
685,100,75,79,76,98,1,48,98,36
686,8,47,61,37,44,89,62,38,14
687,86,51,99,22,100,0,91,29,91
688,3,50,97,8,50,97,1,14,95
689,96,80,55,37,25,6,100,81,52
690,4,51,50,29,100,67,2,2,83
691,99,59,72,55,97,1,53,99,55
692,86,100,53,100,67,5,71,31,77
693,0,50,50,89,60,75,15,40,60
694,13,13,89,100,87,100,2,20,98
695,93,93,93,92,32,32,92,19,71
696,5,25,100,45,95,95,1,1,87
697,76,57,57,82,1,0,60,21,53
698,14,50,50,50,50,60,30,31,70
699,0,48,60,50,50,95,0,0,49
700,1,78,99,81,47,92,1,2,100
701,56,81,88,81,100,56,73,68,68
702,74,81,41,50,54,66,90,37,73
703,70,72,70,71,71,5,77,71,66
704,77,90,91,79,100,0,80,100,70
705,67,46,68,69,30,68,75,19,51
706,94,91,93,89,89,10,81,86,71
707,88,51,53,50,47,6,56,49,56
708,54,41,51,30,46,3,74,50,17
709,1,50,51,35,0,71,0,1,50
710,10,100,83,13,80,99,14,11,12
711,0,70,80,70,0,50,0,0,70
712,31,69,99,98,69,17,75,99,78
713,39,51,51,59,53,57,34,55,59
714,32,86,86,75,84,10,81,99,99
715,30,52,72,91,51,0,91,21,45
716,32,65,98,6,8,80,64,50,10
717,2,100,99,98,3,3,1,52,87
718,75,88,60,94,66,89,47,89,51
719,0,60,90,93,0,100,0,0,41
720,100,100,70,98,55,35,100,64,75
721,3,60,84,68,30,77,4,19,67
722,88,81,95,97,44,27,88,65,80
723,0,45,99,80,40,100,0,15,90
724,2,50,81,97,3,69,1,9,81
725,97,45,57,79,42,3,63,97,69
726,0,0,100,0,0,100,0,0,100
727,54,51,52,91,31,0,53,53,50
728,49,93,76,93,97,22,39,39,74
729,62,82,72,8,62,1,0,92,92
730,97,46,99,98,48,3,100,1,49
731,19,50,50,50,47,30,8,54,47
732,41,53,98,69,92,0,41,54,100
733,26,42,19,25,18,32,25,32,23
734,1,2,2,2,1,1,1,1,1
735,66,63,92,32,66,98,29,45,100
736,45,90,97,71,94,0,95,30,30
737,5,89,89,95,50,89,2,79,31
738,75,67,35,66,91,0,58,66,29
739,89,94,72,80,90,2,85,34,71
740,90,90,90,90,90,0,75,85,85
741,2,50,51,50,50,17,1,10,70
742,100,50,51,50,51,100,100,100,55
743,75,41,71,66,50,81,61,30,50
744,54,84,81,99,51,76,78,44,82
745,15,100,100,100,50,3,19,31,90
746,42,40,95,36,21,90,85,50,80
747,56,75,75,85,91,1,2,100,6
748,50,70,60,90,70,0,50,60,65
749,0,41,100,2,50,88,2,51,50
750,52,47,83,100,44,41,50,51,100
751,75,50,45,55,55,0,40,75,48
752,37,50,92,81,71,50,18,13,85
753,3,90,100,94,0,6,1,60,25
754,12,19,100,17,28,77,81,44,80
755,72,35,33,31,88,0,30,73,26
756,52,45,44,41,46,64,85,55,56
757,94,65,64,58,66,0,63,61,70
758,39,51,80,63,19,84,50,51,49
759,11,100,100,100,71,1,30,50,100
760,72,80,47,80,80,1,73,81,67
761,94,72,74,80,80,20,89,49,94
762,26,25,33,27,97,63,53,45,17
763,20,50,90,51,46,75,0,52,99
764,71,48,47,17,4,10,100,47,50
765,1,50,50,50,50,39,0,1,50
766,100,100,100,100,99,0,51,100,1
767,13,49,100,100,99,18,100,39,100
768,2,3,69,27,0,84,1,4,77
769,89,100,100,100,79,4,100,6,100
770,71,65,70,60,54,0,31,100,31
771,100,89,3,72,51,2,2,49,42
772,99,89,90,75,6,4,100,52,52
773,59,51,19,41,50,70,16,71,19
774,91,77,87,72,100,83,90,85,82
775,16,80,77,74,2,2,19,43,59
776,71,70,50,90,51,51,70,51,52
777,11,46,83,72,16,78,5,16,76
778,44,52,54,60,50,87,18,89,40
779,90,66,95,76,90,66,71,90,91
780,54,50,50,50,30,31,88,51,81
781,0,51,71,41,50,100,1,1,100
782,6,4,31,40,1,100,0,17,89
783,94,90,90,90,80,21,0,100,7
784,86,91,81,90,96,0,75,50,71
785,85,75,69,98,52,14,91,76,85
786,50,50,50,50,49,56,0,49,2
787,49,84,85,94,91,98,89,75,89
788,100,99,53,70,10,3,100,99,12
789,93,82,19,92,93,2,100,88,4
790,52,81,100,73,5,92,63,78,89
791,998,100,56,54,100,97,6,54,73
792,6,82,96,50,1,60,0,20,89
793,72,21,50,31,26,75,66,45,69
794,92,59,93,47,62,69,50,59,69
795,998,50,50,50,50,50,93,50,72
796,2,96,95,95,50,96,0,0,95
797,99,50,69,82,100,6,78,65,20
798,100,96,99,94,100,0,89,94,92
799,100,100,92,59,75,66,100,15,100
800,86,84,59,80,99,3,80,62,70
801,72,59,55,51,51,2,8,50,16
802,5,71,70,5,0,75,0,5,1
803,24,50,55,50,26,47,3,61,89
804,78,96,86,95,100,1,38,91,91
805,78,92,75,90,92,3,61,94,40
806,68,50,52,84,67,0,76,72,60
807,60,67,75,68,75,8,55,97,81
808,51,82,78,87,70,38,49,87,71
809,99,97,80,66,94,0,83,52,66
810,0,85,79,78,72,71,1,1,83
811,19,51,52,50,75,47,11,84,24
812,32,49,48,49,52,1,1,91,48
813,1,81,100,89,100,100,70,50,99
814,99,100,70,100,100,0,99,96,51
815,91,100,96,100,100,2,91,100,45
816,97,99,59,65,10,39,50,56,44
817,100,28,50,34,65,3,73,62,67
818,71,70,50,71,100,0,0,100,0
819,62,42,65,61,55,0,33,53,69
820,4,87,76,57,95,0,39,63,91
821,0,90,72,82,49,60,1,2,79
822,92,80,80,71,90,22,95,80,90
823,72,11,59,47,25,61,11,28,51
824,98,40,50,50,50,0,85,50,51
825,89,38,31,22,100,4,88,43,3
826,18,69,63,69,36,42,4,24,96
827,100,22,12,9,10,11,4,13,3
828,1,50,50,50,60,40,1,45,90
829,100,97,100,96,11,8,99,91,80
830,86,84,51,69,50,2,94,16,50
831,75,50,91,94,69,36,88,57,84
832,68,61,64,63,61,3,57,58,70
833,48,89,68,88,89,5,55,90,62
834,4,100,100,80,97,10,44,59,82
835,98,91,88,87,12,9,97,54,5
836,5,80,88,36,49,92,4,59,97
837,84,9,67,43,84,4,71,82,72
838,6,59,59,74,50,4,5,50,87
839,49,49,38,49,54,0,2,100,32
840,100,100,56,60,10,0,86,52,51
841,63,81,74,69,65,64,76,54,74
842,21,71,39,31,29,6,39,40,61
843,50,32,51,52,40,59,44,52,41
844,100,100,74,50,92,9,998,73,28
845,100,98,80,75,50,1,100,4,76
846,50,20,74,74,29,10,53,26,49
847,100,98,63,100,11,3,37,99,98
848,73,80,72,82,91,0,60,90,52
849,19,64,97,17,35,60,52,33,53
850,35,85,86,71,0,96,18,69,95
851,10,17,47,51,60,71,12,18,42
852,86,84,74,81,65,3,69,74,91
853,80,39,99,30,78,82,27,100,60
854,100,90,50,99,95,0,80,91,51
855,82,0,0,79,52,0,88,2,2
856,65,75,63,64,90,0,50,77,46
857,88,50,50,50,50,4,50,88,70
858,2,51,50,51,50,100,3,2,99
859,89,91,87,50,78,0,56,57,41
860,91,53,46,53,54,3,84,97,41
861,92,93,50,51,50,5,100,51,31
862,97,95,90,89,85,55,88,97,91
863,75,74,73,75,79,3,47,88,67
864,96,100,100,100,98,6,92,90,78
865,70,90,89,79,61,50,61,50,70
866,21,60,78,77,39,8,36,50,78
867,25,13,85,11,53,60,49,26,1
868,74,82,68,80,92,1,4,56,68
869,3,58,89,66,90,78,13,57,78
870,26,85,85,85,85,5,5,80,45
871,59,17,22,40,43,2,36,34,42
872,55,55,95,41,51,65,31,54,56
873,90,90,89,91,88,0,62,100,94
874,100,61,41,16,100,0,70,50,55
875,2,75,50,74,26,93,0,13,64
876,31,41,41,39,94,0,6,100,35
877,85,100,99,100,100,2,89,90,50
878,15,85,85,76,71,21,44,25,85
879,53,54,56,54,54,74,19,61,90
880,97,89,51,90,96,0,85,83,39
881,57,88,61,97,88,0,70,52,69
882,60,49,72,42,100,2,61,78,63
883,97,92,91,100,100,0,88,80,87
884,93,77,62,71,84,1,64,90,23
885,5,99,91,94,99,99,1,100,98
886,1,11,95,66,50,100,6,81,86
887,52,61,59,60,50,41,30,998,55
888,30,40,70,41,50,55,46,46,60
889,0,81,85,81,50,100,0,41,100
890,89,45,89,72,87,20,60,66,56
891,90,91,73,95,94,4,75,95,86
892,99,79,100,99,3,3,98,100,98
893,90,89,90,86,90,26,31,100,65
894,1,60,99,61,50,71,0,4,99
895,4,59,66,84,52,84,0,52,59
896,84,56,50,50,64,6,70,97,81
897,86,64,81,67,75,0,27,100,100
898,3,50,50,50,50,80,17,5,89
899,95,68,69,63,52,1,73,71,66
900,86,75,50,50,50,31,70,91,50
901,82,71,52,63,82,1,41,100,59
902,72,50,50,50,50,18,19,85,21
903,100,100,97,93,3,72,1,1,63
904,76,96,52,100,94,1,70,98,4
905,21,99,99,100,100,100,51,3,61
906,46,79,82,78,85,5,61,59,50
907,1,50,50,50,42,75,11,15,99
908,64,100,100,100,100,0,84,51,52
909,4,50,51,50,51,72,3,30,59
910,87,84,0,50,100,0,15,100,51
911,39,71,70,62,71,70,20,90,90
912,96,100,100,100,20,40,99,96,90
913,1,70,60,30,12,94,2,19,90
914,63,60,71,38,67,28,13,99,38
915,54,9,66,27,20,92,47,22,75
916,5,80,99,51,51,41,12,3,96
917,22,50,51,50,49,90,9,52,100
918,64,100,100,100,88,0,51,100,30
919,2,53,50,53,56,45,1,29,99
920,100,100,50,50,98,0,94,90,30
921,31,49,71,65,22,6,9,77,56
922,3,69,83,78,61,67,1,54,88
923,72,37,8,22,44,2,13,26,12
924,86,71,81,87,56,0,42,100,100
925,72,73,42,31,19,12,89,68,50
926,94,52,50,52,51,0,38,87,27
927,100,100,49,10,76,1,77,99,3
928,0,58,61,67,12,84,0,26,92
929,79,66,64,60,16,93,38,39,55
930,88,81,86,100,22,9,100,43,99
931,98,96,49,2,98,5,55,87,6
932,44,68,60,998,998,3,61,71,65
933,68,77,41,81,94,3,55,64,78
934,100,100,65,97,69,0,100,11,5
935,83,39,41,58,0,0,0,100,27
936,0,50,89,61,50,90,0,31,90
937,55,50,50,50,50,5,10,90,30
938,1,80,85,85,15,95,30,15,100
939,88,50,36,64,73,3,15,94,41
940,1,100,98,50,1,51,1,71,99
941,41,65,28,19,99,48,6,19,39
942,31,60,78,71,50,71,22,71,31
943,54,64,82,84,77,40,90,57,29
944,39,25,63,3,5,94,39,21,43
945,99,50,52,51,61,66,71,73,48
946,80,40,100,34,88,17,46,82,98
947,64,62,50,66,50,9,84,39,44
948,2,53,49,7,43,62,2,8,8
949,0,100,0,100,100,100,0,60,0
950,2,44,89,36,16,1,2,3,100
951,94,100,47,100,100,0,81,100,79
952,83,96,98,83,100,50,11,98,96
953,10,47,91,66,8,98,5,1,97
954,100,95,47,90,100,0,70,100,46
955,76,58,59,99,94,2,60,99,59
956,96,77,74,78,78,0,63,97,21
957,19,50,50,50,100,60,0,60,11
958,44,93,87,90,100,4,32,57,91
959,69,89,95,95,99,3,50,57,99
960,59,56,52,52,63,39,54,53,48
961,32,55,69,55,52,51,50,74,68
962,38,100,5,100,5,2,1,31,100
963,89,71,89,99,98,0,90,99,50
964,80,34,71,98,22,0,100,75,57
965,52,52,75,67,52,3,59,49,64
966,50,83,52,66,89,90,89,41,100
967,66,68,56,67,99,3,50,100,50
968,89,100,40,100,100,0,30,95,0
969,66,100,21,100,100,1,40,70,29
970,68,86,78,66,100,14,60,81,29
971,71,97,89,94,89,1,45,58,90
972,51,70,92,72,68,36,41,63,53
973,90,79,95,88,98,50,94,84,94
974,93,75,75,79,81,21,81,71,63
975,78,99,51,100,100,7,71,100,0
976,90,92,52,100,100,0,59,100,58
977,78,64,78,70,41,75,72,64,75
978,0,59,62,39,41,95,2,0,86
979,32,100,100,84,99,2,1,87,75
980,85,99,16,100,100,0,0,100,5
981,72,63,69,73,83,1,1,100,65
982,97,98,55,51,52,3,97,0,0
983,4,50,100,50,7,94,0,0,84
984,0,50,50,50,30,66,6,0,70
985,32,86,99,48,69,99,4,4,100
986,10,83,100,48,89,98,3,25,11
987,3,84,83,90,79,98,1,0,100
988,76,75,62,91,81,0,31,100,16
989,6,100,100,100,50,48,1,998,89
990,56,51,50,53,54,7,6,58,60
991,1,98,100,100,3,1,2,15,49
992,79,91,76,92,97,0,72,56,63
993,14,88,99,95,99,95,22,53,84
994,70,71,100,70,91,17,100,48,93
995,94,78,81,98,51,3,99,41,79
996,56,90,80,81,44,62,59,17,54
997,98,79,29,50,59,5,71,20,56
998,34,70,91,69,63,41,21,33,71
999,100,100,50,100,100,63,99,28,50
1000,100,100,100,100,60,0,89,61,100
1001,2,10,98,8,4,49,9,29,5
1002,25,91,89,88,43,72,12,19,88
1003,15,85,85,40,0,72,14,32,71
1004,8,15,88,11,3,100,3,23,53
1005,86,68,66,87,3,1,87,48,74
1006,6,68,99,66,49,56,19,41,72
1007,36,18,100,21,100,26,58,33,100
1008,25,91,50,90,46,31,1,90,41
1009,100,100,100,100,85,6,95,61,95
1010,87,98,70,78,100,1,69,93,92
1011,87,92,91,97,99,10,100,998,73
1012,94,40,50,91,36,38,43,49,87
1013,80,52,53,53,54,3,55,90,63
1014,75,100,97,100,100,3,30,100,56
1015,42,76,75,72,79,7,38,93,72
1016,8,39,100,38,47,81,16,42,45
1017,2,50,50,41,50,100,0,60,100
1018,9,19,93,38,9,13,97,9,62
1019,89,58,37,77,1,80,60,50,89
1020,87,50,50,50,50,0,56,90,59
1021,3,41,88,50,100,55,6,56,100
1022,74,94,79,53,79,3,77,10,39
1023,22,72,72,71,100,61,12,79,80
1024,40,58,35,4,53,6,34,12,33
1025,100,72,74,93,51,20,99,54,49
1026,0,99,100,19,100,100,1,998,100
1027,84,44,78,98,72,2,63,47,100
1028,73,85,85,66,70,88,60,50,66
1029,50,100,100,1,51,0,31,0,40
1030,80,70,60,85,95,0,66,100,40
1031,86,90,90,90,100,0,70,100,40
1032,60,51,51,50,69,17,49,50,63
1033,55,90,99,50,99,41,76,50,96
1034,60,50,58,92,69,25,48,30,57
1035,12,51,50,53,50,91,1,43,51
1036,4,49,88,60,54,97,6,7,93
1037,85,78,47,83,50,2,76,50,74
1038,31,97,91,97,93,2,0,62,89
1039,2,63,71,100,94,100,6,3,98
1040,41,100,85,100,1,1,30,96,50
1041,42,50,50,50,50,4,3,100,41
1042,96,70,60,69,80,3,89,60,48
1043,72,72,85,77,94,72,75,85,87
1044,75,47,84,54,44,57,75,66,65
1045,51,80,80,80,0,90,56,50,80
1046,99,83,98,96,89,1,99,97,84
1047,4,46,60,90,31,60,41,46,90
1048,100,50,50,37,63,59,28,52,40
1049,99,99,40,99,53,1,20,79,41
1050,27,56,84,51,54,89,41,19,84
1051,71,90,87,87,87,0,67,96,16
1052,100,90,40,60,95,1,89,100,40
1053,91,82,98,86,99,0,22,92,30
1054,3,100,31,100,100,0,0,100,73
1055,5,46,99,30,2,53,0,40,74
1056,44,66,73,71,51,32,40,55,89
1057,0,46,66,62,64,2,13,55,53
1058,1,4,16,15,0,100,1,8,31
1059,21,90,100,85,100,35,0,50,31
1060,62,72,72,71,69,10,15,93,66
1061,100,100,50,100,100,1,69,100,31
1062,54,99,90,95,91,99,100,96,99
1063,58,51,53,32,49,3,56,16,76
1064,20,94,99,89,50,100,8,50,100
1065,44,85,80,86,96,0,55,81,95
1066,100,80,82,86,100,998,36,100,43
1067,30,72,62,52,78,59,19,40,87
1068,98,99,25,1,0,2,100,5,3
1069,85,80,76,72,94,0,30,91,89
1070,88,97,96,99,2,36,80,33,94
1071,14,33,94,9,1,96,2,35,68
1072,50,50,48,52,99,51,50,52,50
1073,0,69,69,50,61,0,0,9,76
1074,34,50,51,50,50,17,5,60,70
1075,10,50,50,66,50,40,0,0,85
1076,1,65,74,24,12,74,1,21,61
1077,47,50,50,50,50,41,47,54,50
1078,63,63,61,56,100,0,60,100,53
1079,0,86,87,0,0,91,0,50,50
1080,41,84,94,71,99,28,51,57,86
1081,60,54,57,55,55,56,65,55,67
1082,90,85,85,85,85,0,79,95,30
1083,20,66,100,77,60,100,59,49,90
1084,30,100,100,100,67,40,2,40,100
1085,17,82,42,79,70,72,31,57,54
1086,0,100,100,100,50,84,0,40,75
1087,81,51,50,51,50,17,40,98,8
1088,84,100,63,100,100,10,72,88,54
1089,70,30,70,45,25,12,76,39,56
1090,69,4,51,29,3,3,73,12,51
1091,87,76,65,99,94,90,99,85,90
1092,100,89,88,100,99,91,90,43,100
1093,73,61,50,74,60,100,70,40,60
1094,92,89,36,87,73,0,26,100,32
1095,100,90,70,86,60,7,100,76,80
1096,60,81,99,50,22,75,55,50,60
1097,75,91,94,96,53,62,24,96,77
1098,0,53,87,53,0,0,0,998,85
1099,100,86,86,69,69,7,99,52,100
1100,77,57,47,59,89,51,52,46,55
1101,53,72,69,57,49,6,72,57,78
1102,6,7,7,70,6,76,16,4,81
1103,99,4,50,67,52,4,100,51,70
1104,1,91,100,84,16,97,21,5,100
1105,3,69,91,50,53,66,1,3,72
1106,90,64,73,93,52,4,66,51,89
1107,38,53,52,51,97,45,64,49,100
1108,1,35,99,39,98,11,3,50,100
1109,85,96,97,99,51,16,97,97,79
1110,91,94,84,96,90,21,99,64,78
1111,3,27,65,1,2,7,6,3,86
1112,17,100,99,100,100,99,7,98,99
1113,83,88,75,79,89,1,55,96,49
1114,85,85,85,85,80,0,100,90,40
1115,81,89,84,88,92,0,36,92,9
1116,31,57,73,16,41,80,59,30,60
1117,5,47,100,32,40,85,3,51,100
1118,6,51,61,50,50,13,11,90,91
1119,56,50,50,50,50,50,50,50,50
1120,1,98,94,95,98,85,0,87,73
1121,51,52,53,52,51,50,32,51,50
1122,17,85,88,84,90,91,12,55,84
1123,0,60,65,55,35,0,0,0,41
1124,79,98,90,98,97,1,90,89,72
1125,90,63,77,68,80,6,94,64,62
1126,100,71,70,71,51,0,61,85,60
1127,91,91,58,84,93,2,58,68,53
1128,0,71,100,65,60,60,0,0,40
1129,85,84,80,84,100,0,76,89,90
1130,100,89,76,1,79,0,100,2,0
1131,87,54,44,52,35,27,64,72,44
1132,43,86,89,84,86,58,55,52,98
1133,12,16,63,24,16,64,1,7,62
1134,71,80,57,82,100,0,61,97,34
1135,64,53,86,69,41,66,78,64,88
1136,73,100,100,100,100,6,22,32,75
1137,93,50,52,50,73,5,18,95,84
1138,31,62,99,99,100,5,5,60,100
1139,12,56,50,59,43,14,12,24,90
1140,2,40,71,46,51,64,1,63,89
1141,0,27,100,22,50,100,0,0,86
1142,94,50,50,50,100,4,94,45,66
1143,35,28,97,33,11,6,24,61,38
1144,59,98,100,89,88,2,11,5,100
1145,77,35,42,32,89,9,84,29,45
1146,9,13,91,45,99,56,35,37,11
1147,19,99,96,99,99,90,6,82,100
1148,81,94,4,69,47,1,65,5,3
1149,33,73,85,72,54,42,52,5,76
1150,3,86,51,81,98,6,91,87,11
1151,11,9,89,86,2,68,38,99,99
1152,50,55,63,97,37,23,49,48,69
1153,66,97,78,74,73,0,54,100,31
1154,4,72,72,77,75,5,3,6,85
1155,100,100,92,98,100,3,94,98,70
1156,78,94,100,100,98,100,96,96,91
1157,95,84,85,84,96,75,84,65,94
1158,90,65,50,80,72,1,58,74,42
1159,18,68,71,60,67,30,16,35,83
1160,41,55,49,53,53,47,51,53,53
1161,36,54,71,72,82,34,27,53,98
1162,6,998,42,99,68,69,51,998,96
1163,4,74,69,85,2,55,2,1,6
1164,99,90,70,91,100,0,57,100,60
1165,88,99,99,99,89,0,80,96,95
1166,35,50,49,51,51,31,37,88,91
1167,29,86,81,86,94,48,22,81,67
1168,70,81,70,85,85,50,79,61,76
1169,100,100,50,0,0,0,100,0,50
1170,37,10,71,4,99,88,89,79,99
1171,70,52,49,53,52,0,36,74,50
1172,90,75,75,59,56,14,70,59,78
1173,40,100,99,100,99,41,72,69,99
1174,39,71,81,75,54,59,68,59,81
1175,94,94,63,100,96,1,20,94,16
1176,100,97,64,79,98,8,91,96,62
1177,0,69,90,70,0,90,0,50,90
1178,100,88,94,100,100,16,100,15,88
1179,82,50,50,50,60,41,85,59,50
1180,79,100,70,98,51,13,76,10,64
1181,1,0,0,0,0,0,0,0,0
1182,66,81,76,63,86,0,82,7,82
1183,51,50,51,50,50,36,52,43,83
1184,0,50,80,10,80,80,0,0,100
1185,73,52,53,53,53,0,31,89,58
1186,70,73,57,51,77,3,83,53,85
1187,15,77,78,99,94,5,3,73,27
1188,1,51,90,55,50,75,60,86,56
1189,15,2,99,53,3,71,5,54,55
1190,75,5,100,11,20,1,100,100,0
1191,94,60,40,61,95,5,59,97,50
1192,70,100,100,100,100,21,27,40,100
1193,41,86,76,99,99,1,56,100,99
1194,98,61,57,22,54,1,71,45,67
1195,51,50,17,50,8,50,49,68,52
1196,96,91,77,93,92,1,94,34,72
1197,17,68,82,86,89,91,92,79,84
1198,71,51,50,50,61,35,26,95,40
1199,68,70,70,69,50,3,70,40,15
1200,77,67,12,100,47,18,10,40,43
