caseid,disc_b,disc_h,disc_w,disc_g,disc_wo,disc_m,disc_t,disc_mu,disc_c,disc_selfsex,disc_fed,disc_police
1,4,4,4,3,4,4,3,4,5,5,3,2
2,5,3,2,3,4,4,3,5,4,5,3,3
3,5,5,2,5,5,2,5,4,2,3,6,5
4,3,4,5,3,4,5,4,4,5,5,3,1
5,3,4,1,5,5,1,5,5,1,4,7,4
6,4,4,4,4,5,5,4,3,2,5,5,4
7,1,2,5,2,3,5,1,1,5,5,1,1
8,3,3,4,4,4,4,4,4,4,4,5,3
9,4,4,4,4,4,4,4,4,3,5,4,4
10,2,3,4,2,3,4,2,2,3,4,3,1
11,4,4,3,3,3,4,3,3,2,4,5,4
12,4,4,4,4,4,5,4,3,2,5,5,4
13,3,4,5,2,3,5,2,1,4,5,6,4
14,4,4,4,4,4,5,4,4,1,5,4,4
15,4,4,4,4,5,5,4,5,2,4,7,4
16,4,5,1,4,5,1,4,4,1,4,6,4
17,5,5,5,5,4,4,4,5,4,4,3,2
18,3,4,5,4,4,5,4,2,5,5,2,2
19,4,4,4,4,5,5,3,3,3,5,4,4
20,3,3,5,3,3,5,3,2,5,4,3,2
21,2,2,4,3,4,5,3,1,3,5,4,2
22,4,3,4,4,4,4,2,4,2,4,5,4
23,2,3,5,3,3,4,2,2,4,4,5,1
24,3,3,4,3,3,4,2,3,3,4,4,2
25,3,3,4,3,3,4,3,2,5,5,3,2
26,4,4,5,3,4,4,3,3,4,5,5,2
27,2,2,4,3,4,4,3,2,4,4,3,3
28,2,3,5,2,3,5,2,1,5,5,2,1
29,2,3,5,2,2,5,2,1,5,4,4,2
30,2,3,5,3,4,4,2,1,5,5,4,3
31,1,1,5,1,1,5,1,1,5,1,1,1
32,2,2,4,2,2,4,1,2,5,5,1,1
33,4,4,1,4,5,1,4,3,1,5,7,4
34,4,4,4,4,4,4,2,2,3,5,4,4
35,3,4,5,3,4,5,2,4,5,5,3,2
36,3,3,5,3,3,4,2,1,5,5,4,1
37,3,3,3,2,3,4,1,1,4,3,3,3
38,3,3,4,3,4,4,4,3,4,5,2,1
39,3,3,3,3,3,3,3,3,3,4,4,4
40,4,5,4,5,5,4,5,5,1,5,4,3
41,3,4,4,2,4,4,2,1,2,4,5,3
42,3,3,3,3,3,5,3,1,5,3,4,3
43,3,3,3,4,4,3,3,3,2,5,5,4
44,2,2,5,2,2,5,2,2,5,5,4,1
45,2,2,4,4,4,3,2,2,4,5,4,1
46,3,3,4,3,5,4,3,3,4,5,7,4
47,3,3,4,2,4,4,2,1,3,4,4,3
48,2,3,3,2,2,4,1,3,3,4,3,3
49,2,3,5,2,3,5,1,1,5,3,1,1
50,4,4,2,4,4,1,4,3,1,4,7,3
51,4,4,4,3,2,5,2,3,4,3,4,4
52,1,2,5,3,3,5,1,1,5,5,1,1
53,3,3,3,3,3,4,3,3,3,5,5,3
54,2,2,5,2,2,5,2,2,3,2,1,1
55,3,3,4,3,3,4,3,3,1,4,5,3
56,2,3,4,2,3,4,1,1,5,5,2,1
57,4,4,2,4,3,5,4,5,1,5,5,4
58,3,2,5,3,3,5,1,1,5,3,3,2
59,4,3,2,3,2,2,3,3,2,4,4,4
60,4,4,5,4,4,5,4,3,5,5,3,2
61,5,5,5,5,5,5,5,5,5,4,5,5
62,4,4,3,2,5,5,3,4,3,4,1,3
63,2,3,5,3,3,5,2,1,5,3,2,1
64,4,4,4,4,4,4,3,3,4,4,4,3
65,1,1,5,1,3,5,1,1,5,5,1,1
66,2,1,4,2,3,5,3,1,4,5,4,3
67,1,2,2,2,3,2,2,1,4,5,4,2
68,2,3,5,2,2,5,2,2,5,5,1,1
69,4,4,3,4,4,2,4,4,1,4,5,3
70,9,2,2,4,2,3,1,1,3,4,3,7
71,3,3,2,3,4,4,3,3,1,3,6,3
72,1,2,5,2,2,4,2,2,5,3,2,1
73,4,4,3,2,3,4,2,1,5,5,1,1
74,4,4,4,5,2,4,5,4,1,4,7,4
75,3,3,5,2,4,4,2,1,4,5,5,3
76,2,2,1,2,3,3,2,1,2,5,3,2
77,2,2,3,2,2,4,3,1,4,4,1,1
78,5,5,5,5,5,4,5,5,4,5,4,4
79,2,3,4,2,4,3,2,1,4,5,4,4
80,4,4,2,3,3,3,2,2,1,3,7,4
81,3,4,4,1,3,4,1,4,3,4,7,1
82,1,1,3,4,4,4,1,2,4,5,2,3
83,2,2,3,2,2,5,2,2,1,2,3,1
84,1,2,5,1,2,5,1,2,4,4,2,2
85,2,2,4,2,3,4,1,2,4,5,1,2
86,2,3,4,2,3,3,2,2,2,4,5,2
87,2,2,5,2,2,5,2,2,5,4,1,1
88,2,3,4,3,4,4,2,2,2,5,3,3
89,1,5,5,5,5,5,3,3,4,4,1,1
90,3,3,2,3,3,2,3,4,2,3,5,4
91,2,3,4,2,2,4,1,1,4,3,3,1
92,1,2,5,2,2,5,1,1,4,5,1,1
93,3,3,3,3,4,5,3,3,3,4,4,4
94,1,2,4,2,2,4,2,2,4,4,3,2
95,2,2,5,3,2,5,1,1,4,5,2,1
96,1,2,5,1,1,5,1,1,5,3,2,1
97,3,3,3,4,4,3,4,4,2,5,5,4
98,4,3,4,4,4,4,3,3,3,4,5,3
99,2,3,5,2,3,5,1,1,5,5,3,3
100,5,5,1,5,5,1,5,5,1,3,7,6
101,1,1,5,2,2,5,1,1,5,5,1,1
102,4,4,4,4,4,4,3,1,2,3,5,4
103,1,1,5,2,2,5,1,1,4,3,4,1
104,2,2,5,5,5,5,5,1,5,5,1,6
105,3,3,5,3,4,5,2,2,5,5,4,2
106,1,2,5,2,1,5,1,1,5,3,1,1
107,3,3,3,3,3,3,3,3,2,5,4,3
108,1,1,4,1,1,4,1,1,4,3,2,1
109,4,4,4,3,3,4,4,4,5,1,7,3
110,3,4,4,4,3,4,4,4,2,5,5,3
111,4,4,3,3,4,3,3,2,3,5,5,4
112,4,4,4,3,4,4,3,4,5,5,3,2
113,4,3,2,4,3,2,3,5,2,3,7,5
114,3,3,3,3,3,4,3,3,2,5,6,4
115,2,2,5,3,3,5,3,3,5,4,4,1
116,5,5,5,5,5,5,5,5,5,3,7,4
117,3,4,5,4,4,5,4,4,5,5,4,2
118,1,2,4,1,1,5,1,1,5,5,3,1
119,3,3,3,1,4,4,2,3,4,5,3,3
120,4,4,4,1,3,5,1,2,4,5,3,2
121,3,3,2,3,4,2,3,2,2,4,5,3
122,2,1,4,2,4,4,2,2,3,4,4,2
123,3,3,3,3,3,3,2,2,3,4,6,4
124,2,2,3,2,2,4,3,2,1,2,4,4
125,3,4,4,1,4,5,1,2,4,4,4,2
126,1,3,4,2,4,5,1,1,5,4,2,1
127,4,2,4,3,2,4,3,1,4,5,4,1
128,4,4,3,4,3,2,4,4,2,5,6,4
129,3,3,4,3,3,4,3,3,4,5,4,4
130,1,1,5,1,2,5,1,1,5,5,2,1
131,1,3,4,3,1,5,2,1,4,3,1,1
132,3,3,4,3,3,4,2,3,4,4,3,3
133,1,2,2,2,2,2,2,1,2,3,4,4
134,5,5,4,4,4,5,4,3,3,5,4,4
135,2,4,5,3,4,3,2,2,3,4,3,1
136,3,3,3,3,3,4,3,1,3,5,4,4
137,3,3,5,3,5,5,3,2,5,5,1,1
138,4,4,1,3,3,3,3,4,4,5,5,4
139,1,1,5,1,1,4,1,1,3,2,1,1
140,5,4,2,5,4,2,4,2,2,4,7,4
141,3,4,5,3,4,5,5,2,4,5,4,4
142,3,3,4,3,4,4,2,2,2,4,4,3
143,1,4,5,1,2,5,1,1,5,5,4,1
144,1,1,5,1,1,5,1,1,5,3,1,1
145,3,3,5,3,4,5,3,3,5,5,1,1
146,4,4,4,3,4,4,3,3,3,5,5,4
147,2,3,4,2,3,4,1,2,4,2,1,1
148,3,4,4,3,4,5,3,2,3,5,4,4
149,5,5,5,5,5,5,5,5,5,5,4,4
150,1,1,1,3,4,4,3,1,1,5,4,4
151,4,4,4,2,5,5,2,3,4,4,4,4
152,3,3,3,1,3,3,1,3,3,5,7,3
153,1,3,4,4,4,5,4,3,4,5,1,2
154,3,4,4,3,4,5,1,1,3,5,4,3
155,3,2,4,4,4,5,4,1,2,4,2,2
156,2,2,4,1,2,5,1,1,2,5,3,1
157,2,4,5,4,4,4,4,1,5,5,4,1
158,3,3,3,3,3,3,3,3,3,4,4,4
159,1,2,1,5,1,1,5,1,1,5,2,4
160,2,3,5,2,3,5,2,2,5,5,1,1
161,1,3,4,3,2,4,3,2,1,5,2,2
162,3,3,3,3,3,3,2,1,1,3,4,4
163,4,4,5,3,4,5,4,4,5,4,4,3
164,3,2,4,2,3,4,2,1,3,5,5,4
165,4,3,5,5,4,5,5,3,5,4,2,2
166,3,4,3,3,4,2,2,2,2,5,5,3
167,3,3,3,3,4,2,3,3,2,4,5,3
168,3,3,4,3,4,4,4,3,5,5,4,4
169,4,4,4,4,4,4,4,4,4,5,5,3
170,3,3,4,3,3,4,3,3,4,4,3,2
171,4,4,3,4,3,3,4,5,1,5,6,4
172,3,3,3,3,3,3,3,3,3,5,4,4
173,2,2,5,3,3,5,1,1,4,4,3,3
174,5,5,2,5,5,5,1,1,1,5,7,4
175,1,1,5,1,2,5,1,1,5,3,1,1
176,4,4,4,2,4,4,3,3,5,4,4,3
177,3,3,3,3,4,4,2,1,2,5,6,4
178,4,4,3,4,5,3,4,2,3,5,6,4
179,4,4,4,4,4,4,3,3,2,5,6,4
180,3,3,4,2,3,4,2,2,5,5,3,3
181,4,4,1,4,4,1,4,2,3,2,7,4
182,2,3,3,3,3,3,3,2,2,5,4,4
183,3,2,4,2,3,5,1,1,4,5,4,4
184,2,3,4,3,2,4,3,1,4,4,2,1
185,1,3,4,4,3,4,2,5,3,4,4,2
186,1,3,5,3,3,5,1,1,5,4,4,1
187,3,4,4,2,3,5,2,1,5,4,2,1
188,4,3,1,4,5,2,3,2,1,5,7,3
189,5,4,3,4,5,5,4,4,3,5,4,4
190,4,4,5,5,4,4,5,3,2,5,7,1
191,1,2,5,1,2,5,1,2,5,2,1,1
192,2,2,5,3,3,5,1,1,5,4,2,1
193,3,4,3,4,4,4,4,4,2,3,5,4
194,4,4,3,4,4,4,4,3,3,5,5,3
195,4,5,3,4,4,5,4,4,3,4,5,4
196,4,4,2,3,4,4,4,4,1,5,6,4
197,4,4,2,4,4,4,4,4,2,5,5,4
198,3,4,4,3,4,2,3,3,3,4,6,3
199,2,2,5,2,2,5,1,2,5,4,1,1
200,2,2,1,4,3,5,3,5,1,5,4,4
201,3,4,4,4,4,4,3,4,3,5,5,3
202,4,4,4,4,4,4,4,4,4,3,4,3
203,2,3,4,3,2,5,2,4,5,1,2,2
204,1,1,5,1,1,5,1,1,5,4,2,1
205,5,5,3,5,4,5,5,3,3,5,6,4
206,3,3,3,2,2,4,2,3,4,4,3,4
207,2,2,5,2,3,5,2,2,4,2,1,1
208,1,2,3,1,4,3,1,1,1,5,4,4
209,2,3,5,3,4,5,3,1,3,5,3,1
210,4,4,4,3,4,4,3,3,5,4,6,3
211,2,2,2,3,5,1,4,1,1,5,6,3
212,2,3,4,1,3,5,1,1,2,5,1,1
213,2,3,5,2,3,4,2,2,5,3,3,2
214,4,4,4,2,4,5,3,2,5,4,5,3
215,4,4,3,4,3,2,4,4,2,2,5,4
216,3,3,5,3,3,5,1,2,5,4,3,1
217,4,4,4,2,5,5,2,3,4,4,5,3
218,3,3,4,3,4,3,3,3,3,5,4,4
219,3,3,3,2,3,3,2,3,3,4,6,3
220,3,3,3,3,3,3,3,2,1,5,5,4
221,2,4,5,4,5,5,3,1,5,5,4,1
222,3,3,5,3,4,3,3,3,5,4,3,2
223,3,3,3,2,4,4,2,3,4,4,5,3
224,3,3,3,3,3,3,3,3,3,4,4,1
225,2,3,5,2,2,5,2,2,5,3,1,1
226,4,4,4,4,4,5,3,3,4,5,4,3
227,4,5,5,4,5,4,5,5,3,5,6,4
228,2,3,4,2,3,5,2,3,4,4,4,3
229,2,3,4,3,3,5,3,2,5,5,5,2
230,4,3,4,3,4,4,3,2,4,5,5,4
231,4,4,4,1,4,4,1,4,4,3,4,4
232,4,3,2,4,4,2,4,4,2,4,7,4
233,2,2,2,2,3,3,2,2,3,5,4,4
234,4,2,3,5,4,4,5,4,1,5,5,1
235,1,2,4,2,4,5,2,1,4,5,5,2
236,2,2,4,3,3,4,1,1,5,5,2,1
237,1,1,5,1,1,4,1,1,3,5,2,1
238,4,4,4,4,4,4,4,4,4,5,5,3
239,2,4,4,3,2,4,3,4,5,3,5,4
240,1,2,3,1,3,3,2,1,2,5,4,1
241,1,1,5,1,2,5,1,1,2,4,2,1
242,4,4,5,4,4,5,4,2,5,4,4,4
243,2,3,4,2,3,5,1,1,5,5,5,1
244,3,3,4,3,4,5,2,2,5,5,3,2
245,4,4,4,4,4,4,4,4,3,4,4,4
246,3,2,4,3,4,5,3,2,3,3,4,3
247,4,4,5,4,4,5,3,3,5,5,4,2
248,4,4,5,3,5,5,2,3,5,5,4,3
249,4,4,3,3,4,5,3,3,5,4,7,4
250,4,4,5,4,4,5,4,4,5,5,4,4
251,4,3,4,3,5,5,3,3,2,5,6,4
252,3,3,4,4,3,4,3,4,4,4,4,3
253,3,3,4,4,4,3,4,4,1,5,6,4
254,3,5,2,4,3,4,2,5,2,4,5,4
255,4,4,4,3,4,5,3,4,5,5,6,4
256,1,3,5,3,4,4,2,1,4,5,5,1
257,3,3,3,3,3,3,3,3,1,5,7,4
258,3,2,1,4,2,5,4,4,1,3,7,6
259,2,3,5,3,3,5,1,1,5,4,4,1
260,2,4,5,3,3,5,2,2,5,4,1,1
261,3,3,4,3,3,4,3,3,3,5,4,4
262,1,3,4,2,2,5,3,1,4,5,3,1
263,4,3,2,3,3,1,3,4,1,4,7,5
264,2,2,3,2,3,3,2,1,1,4,4,4
265,4,4,1,5,1,2,5,3,1,3,6,2
266,3,3,5,3,4,5,2,3,4,4,5,1
267,1,2,5,1,2,4,2,1,5,5,4,1
268,3,2,3,3,4,4,4,2,3,4,3,3
269,3,4,5,3,4,5,1,2,5,5,2,2
270,1,2,4,2,2,4,1,1,4,1,3,1
271,2,3,4,3,4,5,2,1,4,5,3,1
272,4,3,3,3,4,4,2,3,3,4,7,4
273,4,5,2,3,5,3,2,1,1,5,4,2
274,4,4,4,4,4,4,4,4,4,5,4,4
275,1,1,5,1,1,5,1,1,5,5,1,1
276,4,4,3,5,4,4,5,5,2,5,4,4
277,1,2,5,1,2,5,1,1,5,5,2,1
278,2,2,5,1,2,5,1,1,5,3,3,2
279,4,4,4,4,4,4,4,4,4,3,7,4
280,4,4,4,3,4,4,1,3,4,5,5,4
281,3,3,4,1,3,5,2,1,2,5,4,3
282,4,3,4,2,4,4,2,2,4,4,5,3
283,2,1,5,1,3,5,1,1,5,5,1,1
284,2,2,3,1,3,4,2,1,4,5,2,1
285,2,4,3,4,5,5,4,1,5,5,6,3
286,3,3,3,3,3,3,3,3,2,4,5,3
287,1,3,4,2,3,4,3,3,3,4,2,2
288,3,3,4,2,3,5,2,2,3,4,3,4
289,3,4,4,4,4,5,3,3,3,4,4,3
290,4,4,2,2,2,5,3,3,1,1,5,4
291,3,3,3,3,3,3,3,3,3,3,2,2
292,2,5,5,2,5,5,3,5,5,5,4,2
293,1,2,4,1,2,5,1,1,4,3,3,1
294,3,3,3,3,3,3,3,3,3,5,4,4
295,3,4,5,3,4,4,3,4,2,3,6,4
296,4,4,4,4,4,5,4,4,2,5,5,3
297,3,3,4,3,3,5,3,2,5,4,2,2
298,3,3,3,4,3,4,4,3,3,5,4,4
299,1,2,4,1,1,5,1,1,5,4,3,1
300,2,3,3,3,3,4,3,2,3,4,6,4
301,1,1,4,1,4,5,1,1,3,5,4,4
302,3,3,3,3,3,3,3,3,3,5,3,3
303,2,3,3,3,3,3,2,1,2,5,4,4
304,4,4,3,4,3,5,4,4,3,3,6,3
305,1,1,5,1,3,3,1,1,1,5,4,4
306,3,3,5,3,3,5,2,3,5,4,2,1
307,2,2,2,4,3,2,4,2,2,4,6,4
308,1,1,3,1,2,4,1,1,3,1,2,1
309,4,5,5,4,5,4,4,4,3,4,6,3
310,2,2,3,3,3,3,3,2,3,4,3,2
311,4,4,4,3,4,4,2,2,4,5,4,4
312,2,3,1,3,3,1,3,1,1,5,6,2
313,4,4,4,2,1,5,2,1,5,2,4,3
314,3,4,2,3,3,2,2,4,4,5,4,4
315,2,3,3,2,3,4,2,1,4,5,5,3
316,4,4,4,4,4,4,4,4,3,4,4,4
317,1,3,5,4,3,5,3,1,4,5,1,1
318,4,4,3,3,4,3,3,3,3,5,5,4
319,5,5,5,5,5,5,5,5,5,5,4,3
320,2,2,3,2,3,3,2,2,4,5,4,3
321,1,3,5,1,2,2,1,3,2,3,1,1
322,4,4,2,4,4,2,4,4,2,4,5,4
323,4,3,5,1,2,5,1,1,3,5,4,2
324,3,3,4,2,4,4,1,3,3,4,4,3
325,4,4,3,5,5,2,5,4,1,3,7,4
326,3,3,4,3,3,4,3,3,3,5,4,3
327,1,1,4,1,2,3,1,1,3,3,3,1
328,3,3,5,3,4,5,2,3,5,5,5,3
329,5,5,5,5,5,5,5,5,5,4,4,4
330,2,2,4,2,3,5,1,2,5,4,2,1
331,3,3,4,3,4,5,2,1,4,4,6,2
332,2,2,5,2,2,5,1,2,4,1,1,1
333,4,4,4,4,4,3,4,4,3,4,6,4
334,3,3,4,3,3,4,2,3,4,4,3,2
335,2,3,4,3,5,5,4,3,4,1,1,2
336,4,3,3,4,4,3,5,2,2,5,5,3
337,5,5,5,5,5,5,5,5,1,5,4,4
338,4,2,3,4,5,5,1,1,1,5,7,3
339,4,4,4,3,4,4,3,3,4,4,3,3
340,2,2,5,2,2,5,2,1,5,2,1,1
341,2,4,4,3,3,5,4,4,4,4,1,1
342,2,2,4,1,3,5,1,1,5,5,4,3
343,3,5,3,4,4,5,3,1,3,5,4,4
344,4,4,3,3,4,5,2,3,3,4,6,4
345,1,2,4,2,3,4,1,1,5,3,2,1
346,4,4,2,3,3,4,3,1,4,5,4,4
347,4,5,4,5,5,5,5,3,3,5,4,4
348,2,2,5,1,3,5,1,1,5,4,3,1
349,3,3,4,2,4,4,2,3,4,5,4,3
350,3,3,4,2,4,5,3,2,4,3,7,3
351,2,1,5,3,3,5,1,1,5,5,1,1
352,3,4,4,4,3,5,4,3,1,5,4,4
353,3,3,3,1,3,4,1,1,1,4,4,3
354,5,5,5,5,5,5,5,5,5,5,4,4
355,2,3,4,3,3,4,2,1,3,5,3,2
356,4,4,3,3,5,2,3,5,1,5,5,4
357,1,3,5,2,4,5,2,2,5,5,2,1
358,4,4,4,4,4,4,4,4,4,4,4,4
359,4,5,5,4,5,5,3,4,5,4,4,3
360,3,4,3,4,4,4,4,3,3,4,5,4
361,5,5,1,5,5,4,5,5,5,5,7,4
362,4,2,3,3,2,4,4,3,2,2,5,3
363,3,4,5,1,4,5,2,4,5,5,3,4
364,4,4,1,4,4,3,4,3,2,5,7,4
365,4,3,4,3,4,4,3,2,2,4,5,3
366,2,2,2,2,3,3,3,1,1,3,7,4
367,1,1,5,1,1,4,1,1,4,5,1,1
368,1,3,4,1,2,4,1,2,4,3,2,1
369,3,2,3,3,4,5,3,2,4,4,7,4
370,2,3,3,2,2,2,2,3,1,4,2,1
371,3,4,2,4,4,1,4,3,1,3,5,3
372,3,4,3,4,4,3,3,4,3,5,5,4
373,5,5,5,5,5,5,5,5,5,5,4,4
374,3,4,2,2,3,4,2,3,3,5,3,1
375,2,4,5,3,4,5,2,2,5,4,1,1
376,3,5,3,4,4,5,3,3,3,4,5,4
377,4,5,5,4,5,5,4,5,4,5,4,2
378,3,3,3,3,4,3,3,3,3,5,4,4
379,4,4,4,4,4,2,4,4,3,4,7,4
380,4,5,2,4,4,2,4,4,2,4,7,4
381,1,2,4,3,2,4,2,3,3,2,4,3
382,1,1,5,3,2,5,2,1,5,2,1,1
383,1,3,5,4,1,5,4,3,5,2,1,1
384,1,1,5,2,2,4,1,1,4,1,3,1
385,4,4,2,2,5,1,3,4,2,5,7,3
386,3,3,4,1,4,4,1,3,4,5,4,1
387,4,3,4,2,3,3,2,2,3,5,4,4
388,4,4,5,4,4,5,4,4,5,5,4,3
389,5,2,1,1,3,5,5,5,1,5,7,4
390,1,2,4,3,3,4,2,1,3,5,3,1
391,3,3,3,3,3,5,3,3,4,5,5,2
392,1,2,5,1,3,1,2,3,4,4,1,1
393,2,4,5,2,4,4,4,2,4,5,3,2
394,4,4,2,4,3,4,3,4,2,5,5,4
395,3,3,2,2,3,1,1,3,2,3,7,3
396,2,2,3,3,3,3,2,2,2,3,4,2
397,2,2,1,4,2,1,4,4,1,1,7,4
398,1,2,4,2,2,4,2,1,4,5,1,1
399,3,3,3,3,3,3,3,3,3,5,3,2
400,5,5,1,5,4,4,4,5,2,4,7,5
401,1,2,3,1,2,2,1,2,1,2,2,1
402,3,3,3,3,3,3,3,3,2,5,7,3
403,3,3,5,1,4,5,1,2,4,4,1,1
404,2,2,4,2,2,3,2,1,2,5,5,4
405,2,2,4,2,3,5,2,1,4,5,1,1
406,1,2,5,3,4,3,3,1,5,5,4,1
407,4,4,4,3,4,4,3,3,4,5,5,3
408,1,2,5,3,3,5,2,2,2,4,2,1
409,4,4,4,4,4,4,4,4,4,4,5,4
410,4,4,1,4,4,4,4,4,1,3,7,4
411,2,2,5,3,3,5,2,2,5,4,2,4
412,3,4,4,4,4,4,3,5,1,5,4,4
413,4,5,3,4,4,3,4,4,4,3,5,4
414,3,3,3,2,4,4,2,1,3,5,6,4
415,3,3,5,3,3,5,3,3,4,5,1,1
416,1,3,2,1,4,5,1,1,4,5,1,1
417,3,3,2,3,2,2,3,3,2,4,5,4
418,3,2,1,2,3,3,2,1,1,3,2,4
419,3,3,2,4,4,1,4,4,1,2,6,5
420,3,3,3,3,3,2,3,3,2,3,6,4
421,4,3,3,5,4,4,5,3,3,5,6,4
422,1,1,5,5,3,3,5,2,4,2,1,1
423,5,5,5,5,5,5,5,3,4,5,4,4
424,4,3,5,4,5,5,2,1,5,5,5,4
425,3,4,5,3,4,5,4,3,4,5,3,1
426,2,3,5,2,3,5,2,2,5,5,3,2
427,2,2,4,1,2,4,1,1,5,3,3,1
428,3,3,3,5,1,4,5,2,1,5,7,4
429,3,3,4,3,4,5,3,3,5,5,4,3
430,4,4,5,2,3,5,2,1,4,5,3,2
431,3,3,3,3,3,3,3,3,3,5,4,4
432,1,3,5,2,3,5,2,1,4,4,4,1
433,4,4,3,4,4,3,4,4,2,5,5,4
434,1,2,5,2,2,5,1,2,5,4,2,1
435,3,3,4,3,4,4,3,1,4,4,2,2
436,3,3,4,3,4,5,2,2,2,4,3,2
437,4,3,2,4,4,2,4,4,1,5,6,4
438,2,2,4,3,3,4,2,2,4,4,3,2
439,4,3,3,3,3,3,2,1,3,5,3,3
440,3,4,4,4,4,5,4,3,4,5,4,4
441,4,4,4,4,4,4,4,4,3,5,5,4
442,1,2,5,1,2,5,1,1,4,5,1,1
443,3,3,2,4,4,4,3,2,4,5,7,4
444,3,3,4,4,4,4,3,4,4,5,4,3
445,3,4,4,3,3,4,3,3,4,5,5,3
446,2,2,4,2,3,5,2,1,5,3,4,1
447,4,4,4,4,5,5,3,4,2,5,6,3
448,1,3,4,1,4,5,3,1,5,5,4,2
449,3,5,1,5,5,1,5,4,1,5,7,4
450,4,4,4,4,3,4,3,3,3,4,6,3
451,3,4,2,4,4,4,3,4,1,5,7,4
452,3,4,4,4,4,5,4,3,4,5,5,4
453,2,2,5,1,2,5,1,1,4,4,3,1
454,1,4,4,1,2,5,1,1,5,3,3,4
455,3,2,4,2,3,5,2,3,2,3,2,3
456,2,3,4,3,4,4,3,2,4,4,3,3
457,4,4,5,4,4,4,4,4,5,5,6,4
458,4,4,4,4,4,5,4,4,5,5,4,3
459,1,1,1,1,1,5,1,1,1,1,4,2
460,2,2,2,2,3,3,2,2,3,3,7,3
461,4,2,1,4,3,1,4,1,1,5,4,4
462,3,3,3,1,2,4,1,1,4,4,3,3
463,4,4,4,4,4,4,4,4,4,4,3,3
464,1,1,1,1,1,1,1,2,1,1,1,2
465,4,4,4,3,5,3,2,3,3,5,6,4
466,2,2,2,1,2,3,2,2,2,1,2,3
467,1,1,4,2,3,3,1,1,5,5,1,1
468,3,3,3,3,3,3,3,3,3,3,5,3
469,2,5,5,4,3,5,4,4,5,5,1,1
470,1,1,1,1,1,1,1,1,1,1,4,4
471,3,4,4,4,3,4,4,4,3,4,4,4
472,4,4,4,4,4,4,5,4,2,5,6,4
473,4,4,4,4,4,4,4,4,3,5,4,4
474,3,3,4,4,5,3,4,2,4,5,4,3
475,2,4,4,2,2,5,2,3,4,5,1,1
476,4,4,4,4,4,4,4,4,2,5,4,4
477,3,1,1,3,3,3,1,1,2,5,3,2
478,3,3,3,3,3,3,3,3,3,5,4,4
479,4,3,2,4,5,5,3,3,2,4,6,4
480,2,3,4,4,3,2,4,3,4,3,2,2
481,1,1,4,1,2,4,1,1,4,4,4,4
482,4,4,4,4,4,4,4,4,4,3,4,4
483,2,3,4,2,1,3,2,2,4,3,1,1
484,1,4,5,5,4,4,5,1,2,5,1,1
485,2,3,4,3,3,4,2,2,3,4,1,1
486,4,4,5,4,5,5,3,4,5,5,4,3
487,2,3,3,2,3,3,3,2,3,4,3,4
488,4,4,4,3,4,5,3,4,2,5,5,2
489,2,3,4,2,4,4,1,1,4,5,1,1
490,4,4,4,4,4,4,4,4,4,4,5,3
491,3,4,4,2,3,4,2,3,3,5,2,3
492,3,3,3,3,3,3,3,3,3,4,4,4
493,2,2,3,2,2,4,2,2,3,3,1,2
494,1,3,5,1,1,5,1,2,2,3,1,1
495,2,2,3,2,2,3,2,1,3,3,3,3
496,3,3,3,2,3,5,3,2,2,3,5,4
497,1,1,5,1,1,5,1,1,5,3,2,2
498,3,3,4,3,3,3,3,1,3,5,2,1
499,1,1,3,4,3,5,4,1,4,1,1,1
500,2,2,5,2,3,5,1,1,5,4,1,1
501,3,3,4,2,4,5,1,1,4,4,3,3
502,1,1,5,1,3,5,1,1,3,5,2,1
503,2,1,5,3,4,5,2,4,5,4,3,3
504,4,4,4,4,4,4,4,4,1,4,4,4
505,2,3,5,3,5,3,3,1,5,5,1,1
506,1,2,5,2,3,4,2,2,4,4,4,1
507,2,1,3,2,2,5,1,1,3,4,4,4
508,1,2,4,5,4,2,5,1,3,3,4,4
509,3,4,4,3,4,5,3,1,3,5,4,3
510,3,3,2,3,3,3,3,2,2,5,4,4
511,2,4,4,1,3,4,4,3,1,1,5,7
512,3,3,4,1,4,4,1,2,2,5,4,3
513,5,5,1,5,5,2,5,5,1,1,7,7
514,5,4,2,5,3,3,5,4,2,5,7,7
515,4,5,4,4,4,5,5,4,3,5,7,4
516,4,4,4,4,4,4,4,4,3,5,5,4
517,4,4,4,2,3,3,3,2,2,5,6,2
518,1,2,5,2,2,3,1,1,5,5,4,1
519,2,2,2,3,2,3,2,2,4,3,3,4
520,3,3,3,3,3,3,3,5,3,5,4,4
521,3,3,4,3,4,5,3,2,2,3,5,2
522,4,4,4,4,4,4,3,3,1,4,6,5
523,1,3,5,3,1,5,3,3,5,5,4,4
524,4,4,2,4,4,4,4,3,2,3,6,4
525,1,2,4,2,2,5,1,1,5,5,3,1
526,3,2,4,3,4,4,2,1,5,5,3,3
527,5,5,2,4,4,2,4,4,2,3,7,4
528,3,3,5,2,3,5,1,1,5,2,3,3
529,2,3,4,2,3,4,2,3,4,4,3,2
530,5,5,5,4,3,5,3,5,1,3,4,4
531,4,4,3,3,4,3,2,3,2,3,4,3
532,2,2,2,2,2,2,2,2,2,5,1,1
533,3,3,2,4,4,5,3,2,3,5,6,3
534,3,3,3,3,3,3,3,3,3,5,4,4
535,3,3,3,4,2,3,4,3,2,3,3,4
536,3,4,3,4,4,4,4,2,1,5,6,4
537,2,2,5,3,3,5,2,3,5,5,2,2
538,1,1,1,1,1,1,1,1,1,5,4,1
539,1,3,4,4,3,4,3,1,3,4,2,1
540,1,1,5,1,1,5,1,1,1,4,3,1
541,3,2,3,2,3,4,2,2,3,5,6,2
542,1,1,5,2,2,5,1,1,5,3,1,1
543,3,3,4,2,3,4,2,2,3,4,3,2
544,4,4,5,4,4,4,3,3,4,5,5,3
545,2,3,2,1,4,5,1,1,2,4,4,4
546,3,3,5,3,3,5,2,3,5,5,2,1
547,4,4,3,4,3,3,3,3,4,4,5,3
548,3,4,4,3,4,4,3,4,5,5,5,4
549,3,2,4,3,3,5,3,2,5,2,3,2
550,3,3,4,2,3,4,2,2,1,5,4,2
551,4,3,4,4,4,4,3,2,4,4,4,4
552,3,3,4,3,3,5,3,2,5,5,3,2
553,3,4,4,4,4,5,3,4,3,2,4,4
554,2,3,4,2,3,4,1,2,4,5,2,2
555,1,1,5,1,5,1,1,1,1,2,1,1
556,2,2,4,2,2,4,2,2,5,5,5,4
557,2,2,4,2,4,4,1,1,4,4,3,2
558,2,2,4,2,4,3,2,2,4,5,3,2
559,1,2,4,2,2,4,1,1,4,2,2,1
560,4,4,5,4,4,4,2,3,5,5,5,2
561,1,1,5,1,1,5,1,1,5,5,1,1
562,3,2,4,4,4,4,3,2,5,4,4,3
563,2,3,3,3,4,5,3,2,3,5,7,2
564,3,4,4,2,3,4,2,2,5,4,7,2
565,1,1,5,2,2,5,2,1,5,3,3,1
566,3,3,3,3,3,3,2,4,2,4,4,4
567,3,4,4,2,3,5,2,1,4,4,2,1
568,2,2,5,2,3,4,3,3,4,3,2,3
569,5,5,1,5,5,5,5,5,5,1,4,4
570,3,2,3,3,5,5,3,1,1,5,7,4
571,4,5,4,5,4,5,5,4,1,4,3,4
572,3,4,2,4,4,2,3,4,2,4,4,4
573,2,2,3,2,3,3,2,2,3,3,4,4
574,4,4,5,4,4,5,3,3,5,5,3,3
575,1,1,5,1,1,1,1,1,1,5,1,1
576,2,2,4,2,3,4,1,2,5,4,3,1
577,8,4,2,1,5,2,1,1,2,4,6,5
578,3,4,3,3,4,5,3,3,4,5,4,4
579,4,4,2,4,5,2,3,3,3,5,5,4
580,5,4,4,4,4,4,5,4,4,4,1,2
581,2,1,5,3,3,5,2,1,4,5,1,1
582,3,4,4,3,4,4,3,4,5,5,6,4
583,1,1,1,5,1,1,1,1,1,5,4,4
584,1,3,4,3,3,4,2,4,1,2,1,1
585,4,5,4,3,4,5,3,3,5,5,5,1
586,2,2,5,2,3,5,2,1,5,5,4,1
587,2,3,4,3,3,5,3,1,5,2,1,1
588,3,3,5,3,3,5,2,2,5,4,4,3
589,2,2,4,1,1,4,1,1,4,5,1,1
590,1,1,1,1,1,3,1,3,3,1,7,1
591,3,4,3,3,4,5,3,2,4,4,4,4
592,2,2,2,2,2,2,2,2,2,1,2,1
593,3,3,5,3,3,5,1,2,5,5,2,2
594,5,5,5,2,4,5,2,3,5,5,4,4
595,5,4,4,5,5,5,5,4,3,5,7,4
596,5,5,5,5,5,5,5,5,5,5,4,4
597,3,3,3,3,3,3,3,3,3,4,4,4
598,2,2,5,1,2,5,1,1,5,5,4,2
599,3,3,3,3,3,3,3,3,3,5,4,3
600,2,3,4,1,2,2,1,2,4,4,1,4
601,3,3,4,3,3,2,3,3,4,5,3,3
602,4,3,4,4,4,4,2,4,4,4,3,2
603,5,5,5,4,5,5,4,4,1,5,4,4
604,1,2,5,2,1,4,1,1,4,4,1,1
605,1,1,4,3,3,5,1,2,3,3,1,2
606,3,5,5,5,5,5,5,1,5,5,4,2
607,1,3,3,2,4,4,4,3,3,5,3,2
608,5,5,5,5,5,5,5,5,2,5,4,4
609,2,2,1,2,2,2,2,2,2,1,1,3
610,1,1,1,1,1,1,1,1,1,1,1,1
611,3,3,5,3,3,5,2,3,5,5,4,3
612,2,2,3,2,3,4,2,2,4,5,2,1
613,1,2,5,1,2,5,1,1,5,4,1,2
614,1,5,1,3,3,1,1,1,3,3,4,4
615,1,1,5,3,3,5,3,2,3,4,3,3
616,4,4,4,4,4,5,4,4,5,5,4,3
617,3,3,3,3,3,3,3,3,3,3,4,4
618,2,3,5,3,3,5,2,2,5,3,1,1
619,1,5,5,5,5,5,5,5,5,1,1,1
620,3,3,5,4,4,5,3,3,5,5,4,3
621,4,4,4,4,4,5,4,2,5,5,4,4
622,1,3,5,2,3,5,1,2,5,5,1,1
623,3,3,3,3,4,4,3,2,3,5,3,3
624,3,3,3,3,3,3,3,3,3,5,4,4
625,5,5,5,5,5,5,5,5,5,5,4,4
626,3,4,4,4,4,4,4,2,4,5,5,3
627,3,3,1,3,2,1,3,1,1,1,7,4
628,5,5,5,5,5,5,5,5,1,5,4,4
629,5,5,5,2,2,5,3,4,4,5,4,4
630,3,4,5,5,2,5,5,4,3,3,3,2
631,2,3,4,2,3,3,1,1,2,4,3,3
632,4,4,5,4,4,5,4,4,5,5,4,3
633,2,3,3,1,3,4,2,1,4,5,5,4
634,1,3,5,1,3,5,1,1,4,4,2,1
635,3,4,5,4,4,5,4,4,4,4,5,4
636,2,2,5,1,2,5,1,1,5,5,1,1
637,3,4,1,4,3,5,4,3,1,1,6,5
638,3,3,4,3,4,5,2,4,1,4,6,3
639,3,3,2,2,3,5,4,2,2,1,4,4
640,1,2,3,1,3,3,1,1,3,4,2,1
641,3,3,3,3,3,3,3,3,3,3,4,4
642,1,1,5,1,3,3,1,1,5,1,1,1
643,4,3,4,3,4,3,3,1,3,5,4,6
644,1,1,5,1,1,3,1,1,5,5,1,1
645,4,4,4,4,4,4,4,3,4,5,4,3
646,1,1,3,1,2,5,1,1,2,2,1,1
647,4,4,2,4,5,1,4,4,4,5,4,4
648,2,4,5,3,3,5,4,2,5,3,2,1
649,2,3,5,4,3,5,3,1,3,5,4,1
650,1,1,3,2,1,4,1,2,4,4,2,2
651,3,3,4,2,3,5,1,1,4,4,2,1
652,3,3,4,2,3,4,2,1,4,5,2,2
653,3,2,3,1,3,3,1,1,3,5,4,4
654,3,4,5,5,5,5,3,3,5,4,5,2
655,3,3,3,3,3,4,2,2,3,5,4,4
656,1,1,5,1,3,5,2,2,3,3,1,1
657,1,1,5,2,2,5,1,1,5,3,1,2
658,1,3,5,1,2,3,2,1,1,4,1,1
659,4,2,4,2,3,5,2,2,4,4,4,4
660,4,4,4,8,5,3,3,5,1,5,5,4
661,1,1,1,1,1,1,1,1,1,5,1,1
662,3,3,3,2,3,3,3,2,2,4,4,1
663,3,4,5,4,4,5,4,4,2,4,4,2
664,3,2,5,3,4,4,3,2,4,4,2,2
665,3,4,5,3,4,4,1,4,4,4,4,4
666,4,4,3,4,4,3,4,5,3,5,4,4
667,4,4,4,3,4,4,3,3,5,5,3,3
668,3,3,3,3,3,3,3,3,3,5,4,4
669,2,2,2,2,2,2,2,1,1,1,2,1
670,2,3,4,3,4,4,3,1,3,5,6,4
671,3,3,3,3,3,3,3,3,3,3,4,4
672,2,3,5,1,2,5,1,2,3,5,1,1
673,3,4,2,1,5,5,1,1,5,5,4,4
674,4,4,4,4,4,4,3,3,4,4,4,3
675,3,3,5,3,4,5,3,2,5,3,4,2
676,1,1,4,2,3,5,2,1,3,4,4,3
677,2,2,3,1,3,5,1,2,5,3,1,1
678,2,3,4,3,3,5,2,2,3,3,2,2
679,4,1,1,4,1,1,3,5,1,5,2,2
680,2,2,4,2,3,4,1,1,4,5,3,3
681,3,3,4,3,3,2,3,4,4,2,7,4
682,3,3,3,3,3,4,3,4,3,1,4,3
683,1,2,3,4,4,3,2,3,5,4,2,1
684,1,2,5,4,2,5,3,3,5,4,2,2
685,1,3,4,2,3,4,1,1,4,4,3,1
686,3,3,3,3,3,3,3,3,3,4,2,2
687,4,4,4,1,1,4,1,3,5,1,3,4
688,2,2,2,3,3,4,3,4,1,5,7,4
689,1,2,3,2,1,3,1,2,4,3,2,1
690,3,2,2,2,2,3,2,2,2,3,5,4
691,1,1,3,1,2,5,1,1,4,5,2,1
692,2,4,5,2,4,3,2,1,3,3,1,1
693,4,4,5,4,4,5,4,4,4,3,6,2
694,2,3,5,3,3,4,2,2,5,3,6,4
695,3,3,5,3,3,5,2,1,5,4,4,3
696,4,4,2,3,2,5,3,3,3,5,6,1
697,1,1,5,4,1,5,3,1,3,5,4,1
698,2,4,5,2,3,5,1,1,3,4,4,4
699,5,5,3,5,5,3,4,4,5,5,6,4
700,4,5,5,4,5,5,2,4,4,5,4,2
701,2,4,2,5,4,3,4,2,8,3,3,3
702,1,3,3,3,4,1,3,4,3,3,4,4
703,1,3,5,3,3,5,2,2,5,3,3,3
704,1,1,4,1,1,5,1,1,5,2,1,1
705,4,4,3,2,3,4,4,4,4,4,2,2
706,2,2,4,3,2,3,3,1,4,5,1,1
707,4,4,5,3,3,5,3,3,4,4,3,3
708,4,2,5,4,5,5,3,1,4,5,3,1
709,5,5,5,5,5,5,5,5,5,5,4,4
710,5,1,2,4,3,5,4,1,4,3,6,3
711,3,4,5,4,4,5,4,3,3,5,4,3
712,3,3,3,3,3,3,3,3,3,4,4,4
713,4,5,5,4,4,5,4,4,5,5,5,3
714,2,4,5,2,3,5,2,3,3,3,4,3
715,4,2,5,3,4,5,2,2,5,5,4,4
716,5,5,4,4,4,4,4,4,2,4,7,4
717,2,3,3,2,3,2,3,4,2,2,3,2
718,3,2,5,2,3,4,3,3,2,3,5,2
719,5,5,3,5,5,1,5,5,1,4,4,2
720,1,2,5,2,2,5,2,1,4,4,2,1
721,2,3,1,4,4,1,4,4,1,1,7,4
722,3,3,3,3,4,3,3,4,3,4,4,3
723,4,4,1,4,4,2,3,2,2,5,6,3
724,4,3,3,4,4,2,4,5,1,4,4,4
725,1,2,5,4,4,5,3,2,5,5,3,1
726,5,3,1,4,4,1,4,2,2,5,7,4
727,4,4,5,4,4,5,4,4,5,4,4,4
728,3,3,3,3,3,3,2,3,3,4,4,3
729,3,3,3,3,3,3,3,3,3,3,4,4
730,1,1,5,1,3,5,1,1,5,5,1,1
731,4,4,4,5,4,5,5,3,4,5,5,4
732,3,3,4,2,4,5,2,2,4,5,5,2
733,2,4,2,3,2,2,2,2,2,4,1,1
734,5,5,5,5,5,5,5,5,5,5,4,1
735,4,2,2,2,2,4,2,3,2,3,7,4
736,2,2,2,1,4,5,1,1,1,4,5,4
737,2,3,4,3,4,4,3,2,4,4,6,2
738,2,3,5,3,3,5,2,1,5,5,1,1
739,1,3,5,1,2,5,1,1,5,3,1,1
740,1,1,5,1,2,3,1,1,5,4,2,2
741,4,4,4,4,4,4,4,4,4,3,4,4
742,1,1,5,1,2,5,1,1,3,5,1,2
743,3,4,1,4,4,1,2,3,4,1,7,3
744,2,5,5,2,5,5,2,2,2,5,1,2
745,3,3,4,2,4,4,2,2,2,4,3,4
746,4,3,3,3,5,5,3,4,3,5,5,5
747,2,3,4,2,2,4,1,1,5,2,1,2
748,2,2,4,2,3,4,2,1,3,2,3,1
749,4,5,4,2,4,4,2,4,4,4,7,4
750,3,4,5,3,4,5,3,2,3,5,5,4
751,2,3,4,3,2,5,3,1,5,3,2,1
752,4,3,4,5,5,5,4,4,4,5,5,3
753,3,3,3,2,1,3,1,2,4,4,5,4
754,3,4,3,2,4,2,3,3,2,5,5,4
755,3,3,4,3,4,4,3,3,5,5,2,2
756,3,3,3,3,3,3,3,3,3,3,4,4
757,2,2,5,2,2,5,2,2,5,5,1,1
758,3,3,3,3,3,3,3,3,3,4,4,4
759,2,2,3,3,3,4,2,1,4,5,4,4
760,2,3,5,2,2,5,1,1,5,3,2,2
761,2,2,2,1,2,3,1,1,2,5,5,5
762,4,4,2,2,3,5,3,1,2,1,4,4
763,4,4,3,4,5,5,4,3,4,5,6,4
764,1,3,3,3,4,3,1,1,3,1,1,1
765,5,5,1,5,5,1,5,4,3,3,7,4
766,1,3,5,3,4,5,2,1,5,4,2,1
767,3,4,5,5,4,5,3,3,3,5,4,4
768,5,5,5,5,5,5,5,5,5,5,4,4
769,3,2,3,2,2,3,2,3,3,5,4,4
770,3,4,4,4,4,4,2,2,4,5,5,3
771,2,3,5,2,2,2,2,3,2,5,1,1
772,3,3,3,3,3,3,3,3,3,3,4,4
773,2,2,2,1,3,4,3,2,3,3,2,2
774,2,3,4,2,4,5,1,1,4,4,2,1
775,2,2,2,2,2,2,2,2,2,3,5,4
776,2,1,5,3,4,5,4,4,3,5,4,1
777,3,3,4,2,3,5,3,2,4,5,3,2
778,1,2,2,4,3,2,4,2,1,1,4,4
779,3,4,5,3,4,5,2,3,5,5,3,3
780,2,4,4,3,2,4,2,3,4,4,3,2
781,3,3,2,3,3,3,3,3,1,4,7,4
782,4,3,2,4,3,3,3,3,4,4,4,4
783,2,2,2,2,2,2,2,2,2,4,7,1
784,2,2,4,3,3,4,2,2,4,4,4,4
785,1,2,5,1,3,5,1,1,1,4,1,1
786,5,5,5,5,5,3,5,4,5,5,5,4
787,3,3,3,5,3,3,3,3,3,3,4,4
788,1,2,5,3,3,3,3,2,4,3,1,1
789,1,1,5,1,4,4,1,1,4,5,1,1
790,3,2,4,2,4,4,3,2,2,5,4,4
791,5,5,5,5,5,5,5,5,5,5,4,4
792,3,3,2,3,3,3,2,2,1,4,6,4
793,1,3,4,4,3,5,3,1,5,4,3,4
794,2,3,3,2,5,4,3,1,5,5,1,1
795,2,2,4,3,4,5,3,2,4,5,4,3
796,3,3,3,4,4,2,3,4,1,5,6,4
797,4,2,4,3,3,5,1,2,4,2,3,2
798,2,2,4,2,2,4,2,2,4,5,3,3
799,1,3,4,3,3,1,3,1,1,4,1,1
800,2,3,2,2,2,2,1,2,3,4,5,3
801,1,3,5,2,4,5,3,1,4,1,2,2
802,3,4,4,2,5,3,2,2,5,2,4,1
803,2,2,2,3,2,3,2,3,2,4,6,3
804,3,3,5,1,2,4,1,2,5,4,2,2
805,2,2,5,2,3,5,2,1,5,3,1,1
806,1,4,4,3,3,5,3,1,5,5,2,3
807,3,4,4,3,4,5,3,2,4,5,4,4
808,4,4,4,4,4,4,4,4,4,4,4,3
809,2,3,4,2,2,2,1,3,5,5,4,4
810,4,4,4,4,4,4,4,4,3,5,4,4
811,2,3,4,3,3,4,2,1,3,3,5,1
812,3,3,5,4,4,4,2,1,4,5,3,3
813,3,3,5,3,4,5,2,2,4,4,2,2
814,1,2,5,2,3,5,1,2,5,5,1,1
815,2,1,5,2,2,5,2,1,5,2,1,1
816,2,3,2,4,1,3,3,3,1,2,3,2
817,3,5,5,3,3,5,3,3,5,4,2,1
818,2,2,5,2,2,3,2,2,5,3,1,1
819,2,3,3,3,3,3,3,3,3,4,3,2
820,4,3,2,2,2,4,2,2,5,2,6,4
821,4,4,4,4,4,4,4,4,4,4,4,4
822,3,3,4,2,3,3,2,2,4,4,4,3
823,5,5,5,5,5,5,5,5,5,5,1,1
824,3,4,5,4,5,5,4,3,4,5,8,8
825,2,2,1,1,3,5,1,1,4,3,1,1
826,4,4,5,3,4,4,2,3,4,5,4,4
827,3,3,3,3,3,3,3,3,3,3,4,4
828,3,3,3,2,3,3,2,2,2,5,4,4
829,2,3,4,4,2,4,4,2,2,5,1,1
830,5,5,5,4,5,5,5,4,5,5,4,4
831,2,2,5,2,2,4,2,3,5,5,2,2
832,3,3,5,2,2,5,2,2,4,5,2,1
833,2,2,5,1,2,5,1,1,4,2,2,1
834,4,4,4,3,4,5,3,3,3,5,3,4
835,2,2,4,2,2,1,1,2,2,5,1,1
836,3,3,4,3,3,3,3,3,3,3,4,4
837,3,4,5,4,3,5,4,3,5,4,3,2
838,4,3,3,4,3,5,3,4,2,4,5,4
839,1,1,5,1,2,4,1,1,5,5,1,1
840,1,3,5,3,2,3,2,3,3,4,1,1
841,3,3,2,1,3,3,2,4,3,5,3,3
842,1,1,2,1,2,1,1,1,1,1,1,3
843,2,1,2,2,2,2,3,3,2,1,1,1
844,1,4,3,1,1,1,1,4,3,5,1,1
845,1,3,5,2,1,4,1,1,1,4,1,1
846,3,3,2,3,2,1,4,4,3,3,6,3
847,4,3,5,5,4,5,5,4,5,5,4,1
848,1,1,3,1,2,4,1,1,3,2,2,1
849,2,5,5,3,5,5,2,1,1,5,2,3
850,3,2,4,4,3,4,4,3,3,4,4,4
851,3,3,3,3,4,2,3,3,3,3,6,3
852,3,4,3,3,4,4,2,1,1,5,4,3
853,3,3,4,2,3,4,2,3,2,4,3,2
854,1,2,5,2,2,5,2,2,5,2,1,1
855,1,3,3,3,3,4,1,1,3,5,1,1
856,3,3,5,2,3,5,2,2,5,5,3,3
857,3,3,4,2,4,5,1,1,3,3,3,2
858,3,4,3,3,4,5,3,2,2,5,7,4
859,3,4,4,3,4,5,3,2,4,5,4,3
860,1,2,5,3,2,4,2,2,5,1,1,1
861,1,1,4,1,3,3,1,1,1,4,1,1
862,2,3,5,4,3,4,4,2,4,3,1,1
863,2,3,5,2,3,5,1,2,5,4,1,1
864,1,3,4,3,4,5,1,1,4,4,2,2
865,2,2,4,2,4,3,2,2,2,5,1,1
866,1,2,3,3,3,5,4,1,2,3,4,3
867,1,1,3,1,2,5,1,1,5,3,1,1
868,2,3,5,2,3,5,1,1,5,3,2,1
869,1,3,4,2,2,4,1,1,4,4,2,1
870,3,3,4,2,4,4,2,4,5,4,6,3
871,3,3,3,3,3,3,3,3,3,5,4,4
872,1,3,4,1,1,4,4,2,5,4,4,4
873,3,4,5,3,4,4,3,1,4,4,2,2
874,1,2,1,1,3,2,1,1,2,5,1,1
875,3,4,5,5,4,5,4,4,2,4,2,2
876,2,2,1,2,2,4,2,1,2,2,5,3
877,3,2,4,2,3,5,1,2,5,5,3,1
878,3,3,4,3,4,4,3,2,4,4,4,4
879,4,4,4,3,4,4,4,4,1,5,4,4
880,2,3,5,3,3,5,1,2,5,3,4,1
881,2,2,4,3,2,5,2,2,5,3,3,1
882,4,4,4,3,4,5,1,1,5,5,4,4
883,2,3,5,1,2,5,1,1,3,5,1,1
884,1,2,5,1,2,5,1,2,5,3,1,1
885,2,2,2,2,2,2,2,2,2,3,4,4
886,4,4,1,5,2,5,5,5,1,4,7,4
887,3,2,5,2,5,5,2,2,5,5,4,3
888,3,3,4,3,3,4,3,3,4,4,4,3
889,3,4,4,4,4,4,3,2,4,5,6,4
890,1,3,5,4,3,5,2,1,5,5,2,1
891,1,3,5,3,2,5,2,1,5,5,1,1
892,3,1,1,3,3,3,3,3,1,5,3,4
893,2,3,5,3,4,5,2,1,4,5,1,1
894,3,2,3,3,5,3,4,2,3,5,5,4
895,2,2,2,2,3,3,2,1,2,4,5,3
896,2,4,5,3,3,5,1,2,5,5,2,4
897,2,3,5,2,4,5,1,1,5,5,1,3
898,3,4,3,4,4,5,4,2,1,5,4,4
899,2,2,5,2,3,5,2,1,4,4,4,1
900,1,3,4,3,3,4,2,1,5,5,4,1
901,1,2,5,2,2,4,1,1,5,5,1,1
902,1,2,5,1,2,5,1,1,5,3,1,1
903,1,1,1,1,1,1,1,1,1,1,4,4
904,1,1,5,3,3,5,1,1,5,3,1,1
905,3,2,4,1,4,5,1,2,2,5,5,3
906,1,2,5,1,2,5,1,3,5,5,1,1
907,4,4,4,4,4,4,4,3,3,4,7,4
908,5,5,5,5,5,5,5,5,5,5,4,4
909,4,3,1,4,4,2,4,2,2,3,5,4
910,2,3,5,3,3,5,2,2,4,3,1,1
911,5,5,5,5,5,5,5,5,5,4,4,4
912,2,2,4,2,3,3,2,1,4,5,3,2
913,4,4,5,3,4,4,2,2,4,5,4,4
914,2,3,5,4,3,4,2,3,4,2,4,5
915,2,3,4,2,3,4,1,1,4,5,3,3
916,2,2,3,2,3,3,1,2,2,3,5,4
917,3,3,3,3,3,3,3,3,3,4,4,4
918,2,1,4,1,1,4,2,1,4,4,1,1
919,4,5,3,5,5,3,4,5,3,5,7,4
920,1,1,5,1,1,5,1,1,5,4,1,1
921,2,3,5,3,4,5,2,1,4,4,3,3
922,4,4,5,5,5,5,4,3,4,5,5,4
923,2,2,5,2,2,5,2,2,4,3,1,1
924,2,3,2,2,4,3,1,2,4,4,4,4
925,4,3,4,5,4,4,3,2,1,5,4,4
926,2,3,4,2,3,4,2,2,3,4,1,1
927,1,3,5,1,2,5,1,1,5,3,1,1
928,3,3,4,3,3,4,3,3,2,5,4,4
929,5,2,2,5,5,2,4,3,1,4,5,2
930,4,4,4,1,3,4,1,1,2,5,4,4
931,1,3,5,2,3,5,1,1,5,1,1,1
932,3,4,4,4,3,5,4,4,4,5,2,2
933,3,3,3,3,3,4,1,2,4,3,3,3
934,3,3,3,3,3,3,3,3,3,5,4,5
935,3,3,5,2,3,4,3,2,5,5,4,2
936,2,2,2,2,3,4,3,4,2,5,6,4
937,3,4,5,4,3,4,3,1,5,3,3,2
938,3,2,4,2,4,5,2,3,3,5,5,4
939,2,3,4,1,1,3,1,2,1,3,4,4
940,4,4,4,3,4,4,3,4,1,5,5,5
941,3,3,3,3,3,3,3,3,3,3,4,4
942,2,3,4,2,4,5,1,1,5,5,2,2
943,2,8,8,8,8,8,8,4,8,2,1,4
944,2,3,1,3,1,2,2,5,3,3,3,4
945,3,3,4,3,3,4,3,2,4,4,3,3
946,2,2,5,2,3,5,1,2,4,5,3,2
947,3,3,3,3,3,3,3,3,3,4,4,3
948,3,3,3,3,3,3,3,3,3,5,4,3
949,1,4,4,1,2,5,1,5,5,4,1,1
950,4,4,2,4,4,3,4,2,2,3,7,4
951,1,2,5,3,3,5,2,1,5,2,2,2
952,3,3,1,2,2,1,2,3,2,1,2,2
953,5,4,1,5,3,4,5,5,2,5,7,4
954,1,1,5,1,1,5,1,1,5,4,1,1
955,2,2,5,3,4,5,1,1,5,5,1,1
956,2,3,4,2,3,4,2,1,5,3,1,1
957,3,3,3,3,3,3,3,3,3,4,4,4
958,4,2,4,2,4,4,1,1,5,3,5,4
959,3,3,5,3,2,5,3,1,5,5,2,2
960,3,3,3,3,3,3,3,3,3,4,3,3
961,3,3,3,3,3,3,3,3,3,3,4,3
962,4,4,3,2,4,1,3,3,3,1,6,7
963,1,1,5,1,1,4,1,1,4,1,1,1
964,3,1,4,3,2,3,3,1,3,3,6,4
965,3,3,5,3,4,4,2,3,4,4,3,2
966,5,5,5,5,5,5,5,1,5,3,4,4
967,2,2,5,3,4,5,1,1,5,4,2,1
968,1,1,5,3,3,5,1,1,5,4,1,1
969,1,1,5,1,1,4,1,1,4,4,1,1
970,2,3,5,3,3,5,1,1,4,3,3,2
971,2,3,4,2,3,4,2,2,4,4,2,2
972,3,3,2,3,2,2,3,1,1,5,4,3
973,2,1,3,2,2,4,1,2,3,4,4,4
974,1,2,5,2,3,5,2,1,5,5,1,1
975,2,2,4,1,3,4,1,1,4,5,2,1
976,2,4,5,4,2,5,4,3,3,3,1,1
977,4,3,1,3,3,2,4,5,4,3,2,2
978,2,3,2,3,4,4,3,2,2,4,2,4
979,4,3,4,1,3,2,1,1,5,3,4,3
980,1,2,5,2,2,5,1,1,5,5,1,1
981,1,3,4,1,2,5,1,1,5,2,1,1
982,1,2,4,3,3,2,1,1,3,2,1,1
983,4,3,1,5,3,3,5,2,1,5,6,4
984,3,4,3,4,4,2,4,4,2,3,5,4
985,5,5,5,5,5,5,5,5,5,5,4,4
986,3,2,4,4,3,5,2,3,3,5,7,2
987,3,4,4,4,4,4,3,3,4,5,5,4
988,2,3,4,2,3,4,2,1,4,4,2,1
989,4,4,4,3,4,4,3,3,3,4,5,3
990,3,2,3,1,3,3,1,1,2,3,5,2
991,2,2,2,4,2,1,1,2,1,3,3,3
992,2,3,5,3,3,5,2,2,5,5,2,1
993,4,4,3,4,4,4,4,3,4,4,4,4
994,1,1,1,1,1,1,1,1,1,1,1,1
995,2,3,5,3,5,5,3,1,5,5,1,4
996,5,5,5,5,5,5,5,5,5,3,4,4
997,5,3,4,2,3,3,2,2,2,3,4,1
998,3,3,3,3,3,3,3,3,3,4,3,3
999,1,2,5,2,4,5,1,1,4,1,1,1
1000,1,1,5,1,2,5,1,1,5,5,1,1
1001,4,4,2,4,4,2,4,4,2,4,5,4
1002,4,4,3,4,4,5,1,4,3,5,7,4
1003,4,4,4,4,4,4,4,4,3,5,4,4
1004,4,4,2,1,4,5,1,1,4,5,7,4
1005,2,1,3,1,4,4,1,2,4,4,1,1
1006,3,4,3,4,3,4,3,2,2,4,5,4
1007,3,1,1,1,3,2,4,1,5,2,5,4
1008,3,3,3,3,4,5,3,1,1,3,6,3
1009,3,5,5,4,3,5,4,2,5,3,4,2
1010,2,2,5,2,3,5,2,2,4,4,2,2
1011,3,3,3,3,5,4,3,4,5,1,4,3
1012,1,3,5,2,3,3,2,1,4,4,2,1
1013,4,3,4,3,4,5,3,2,5,4,4,2
1014,2,3,5,3,3,4,1,1,5,5,1,1
1015,2,3,4,2,3,5,3,2,3,5,5,3
1016,3,4,1,5,3,5,5,5,1,3,2,2
1017,4,4,3,5,5,5,5,3,4,5,5,4
1018,5,5,5,5,5,5,5,5,5,5,4,4
1019,3,2,5,3,2,5,3,3,3,4,2,2
1020,3,3,4,3,3,5,3,1,5,3,2,1
1021,4,4,4,3,4,5,3,2,3,5,5,4
1022,3,4,3,4,4,4,4,5,4,4,3,2
1023,3,3,4,3,4,5,3,1,3,4,5,3
1024,3,3,4,2,4,5,2,1,3,5,4,4
1025,2,2,3,1,3,3,2,2,4,5,2,1
1026,4,1,5,3,4,5,3,1,5,5,4,4
1027,1,3,5,1,5,5,1,1,4,5,3,3
1028,4,4,4,4,4,4,4,4,4,4,2,2
1029,3,4,1,3,3,1,5,1,4,5,4,5
1030,2,2,5,2,3,4,1,1,5,1,4,1
1031,2,3,4,2,3,5,1,1,4,5,1,2
1032,3,4,4,2,4,4,2,3,4,4,4,3
1033,4,4,4,4,3,5,3,4,4,5,4,4
1034,3,3,2,2,3,5,3,1,4,3,1,1
1035,4,4,4,4,5,3,4,4,3,4,7,3
1036,2,2,4,4,5,4,2,2,3,5,6,2
1037,1,1,5,2,2,5,2,4,4,1,1,1
1038,2,2,2,2,2,2,2,2,2,2,1,4
1039,2,2,2,1,2,3,1,1,2,5,4,4
1040,1,1,5,3,4,4,3,2,4,3,1,1
1041,1,3,5,1,2,5,3,2,5,4,1,1
1042,2,3,5,3,4,5,1,1,5,5,3,1
1043,1,2,2,1,2,1,2,2,1,2,4,4
1044,3,3,4,3,4,4,3,3,4,5,3,2
1045,3,4,4,5,4,4,5,4,2,4,4,4
1046,1,2,3,4,4,3,1,2,1,4,4,1
1047,4,3,4,4,4,4,4,1,4,5,5,4
1048,3,4,3,3,3,4,4,1,4,5,3,2
1049,1,2,5,2,2,3,1,2,5,5,1,1
1050,2,3,3,1,3,5,1,1,3,5,4,4
1051,1,2,4,1,2,4,2,1,4,4,2,1
1052,1,2,4,1,1,4,1,2,4,4,1,1
1053,2,2,5,2,3,5,2,2,3,4,2,2
1054,5,5,5,5,5,5,5,5,5,5,1,1
1055,2,1,4,3,3,4,3,1,2,4,3,2
1056,2,3,4,2,3,4,2,1,4,5,4,4
1057,2,3,4,2,2,5,2,3,2,5,4,2
1058,5,5,1,5,4,4,5,5,1,1,7,6
1059,2,2,5,1,2,4,1,1,4,3,1,1
1060,2,3,2,1,2,3,1,3,3,5,6,3
1061,1,1,5,1,2,5,1,1,5,1,1,1
1062,2,3,4,1,4,3,1,1,2,5,6,6
1063,2,3,5,3,4,5,3,1,4,4,3,3
1064,3,4,2,3,3,5,3,2,2,4,5,4
1065,3,3,4,3,4,4,3,1,4,4,3,3
1066,1,1,4,1,1,1,1,1,5,1,1,1
1067,2,2,3,2,3,5,1,1,4,4,3,4
1068,1,4,5,4,3,3,3,4,1,1,1,1
1069,3,3,4,2,2,4,1,1,3,3,4,4
1070,1,2,1,2,2,2,1,2,1,1,1,2
1071,3,3,3,4,3,3,2,2,3,3,5,4
1072,3,3,3,1,3,3,1,2,1,3,6,4
1073,4,4,4,4,4,5,4,3,3,4,5,4
1074,1,2,2,3,4,3,3,1,2,4,2,4
1075,2,2,3,2,3,4,2,2,2,4,6,3
1076,4,4,2,4,3,4,4,4,3,4,7,4
1077,5,5,5,5,5,5,5,5,5,5,4,4
1078,2,3,3,1,3,5,1,1,5,5,2,1
1079,2,4,2,5,3,5,5,3,1,5,5,4
1080,2,2,4,2,4,4,3,2,4,2,4,4
1081,3,3,3,3,3,3,3,3,3,2,2,3
1082,1,2,4,2,3,4,2,1,4,2,1,1
1083,4,4,5,4,3,4,2,3,2,5,7,4
1084,4,4,3,3,4,2,2,2,4,3,4,4
1085,4,4,5,4,3,5,1,2,5,3,2,4
1086,3,4,1,3,4,2,3,2,1,5,5,4
1087,2,3,4,2,3,3,3,3,5,4,2,1
1088,2,3,5,2,4,5,1,1,5,5,2,1
1089,3,2,5,3,3,5,4,2,4,4,4,3
1090,2,4,1,5,3,4,5,1,3,3,2,2
1091,4,3,4,4,4,4,4,4,4,4,2,5
1092,3,3,5,4,4,5,4,1,3,4,1,2
1093,2,3,5,4,4,4,4,2,5,5,4,2
1094,1,3,5,2,2,5,1,1,5,1,1,1
1095,3,2,1,3,3,3,3,1,4,2,1,1
1096,3,3,2,1,3,5,1,1,4,4,5,4
1097,2,4,3,3,2,3,1,1,4,4,3,3
1098,3,3,2,4,3,2,4,5,1,5,6,4
1099,3,4,4,4,3,4,4,4,4,3,4,4
1100,3,3,4,2,4,2,2,1,3,1,1,1
1101,3,4,5,5,5,4,4,4,4,3,4,1
1102,5,5,5,5,5,5,5,5,5,4,1,1
1103,4,4,5,4,5,4,4,4,5,4,4,1
1104,2,2,1,2,4,4,1,1,2,5,6,4
1105,4,3,1,4,4,3,3,3,2,1,6,4
1106,3,3,5,2,3,4,1,2,4,4,3,4
1107,1,1,1,1,1,1,1,1,1,3,4,4
1108,4,3,3,1,4,5,1,3,5,5,6,4
1109,1,3,5,1,2,4,1,3,3,5,1,1
1110,3,3,4,2,4,5,2,2,4,3,3,3
1111,4,3,5,4,4,5,3,1,5,5,7,3
1112,1,5,2,5,4,3,5,1,1,2,5,6
1113,3,4,5,2,4,5,3,3,5,5,4,2
1114,3,3,3,1,3,4,1,1,3,5,4,3
1115,3,3,5,2,2,5,3,2,5,4,4,1
1116,3,2,5,3,4,4,3,1,3,5,5,3
1117,1,1,1,1,3,5,1,1,1,3,7,4
1118,2,2,5,2,4,5,1,3,4,4,4,3
1119,1,1,1,1,1,1,1,1,1,1,1,1
1120,1,2,4,1,3,4,1,1,1,4,2,1
1121,5,5,5,5,5,5,5,5,5,5,4,4
1122,3,3,3,2,3,3,2,1,3,5,5,3
1123,5,4,4,5,5,4,5,4,4,5,6,4
1124,1,2,3,1,4,5,1,1,5,4,4,4
1125,2,2,4,2,3,3,2,2,3,5,3,2
1126,2,3,5,3,4,5,2,1,5,3,3,1
1127,3,2,5,3,3,5,1,2,5,5,3,2
1128,3,3,2,2,3,3,3,3,3,4,7,2
1129,1,2,5,1,2,5,1,1,5,5,3,2
1130,1,5,5,2,3,5,1,5,5,5,1,1
1131,5,3,4,4,4,3,4,4,5,3,1,1
1132,3,3,3,2,3,4,2,1,3,4,4,4
1133,3,3,2,4,4,5,4,1,2,4,5,4
1134,2,2,5,3,3,5,2,1,4,5,1,1
1135,4,4,4,3,3,5,2,2,2,5,4,1
1136,2,2,3,2,3,3,1,2,3,3,3,2
1137,2,2,2,2,2,2,2,2,4,2,4,4
1138,1,1,1,2,3,5,1,1,2,4,4,3
1139,3,3,3,3,3,3,3,3,3,3,4,4
1140,4,4,4,3,4,4,4,4,4,4,4,4
1141,2,4,4,3,4,5,2,2,4,3,5,3
1142,2,3,4,3,4,5,2,2,4,4,4,2
1143,3,2,2,2,3,4,2,1,2,4,6,4
1144,3,3,3,3,3,4,3,3,3,5,4,4
1145,2,2,3,2,3,3,3,2,3,3,4,4
1146,4,4,4,3,4,5,3,3,4,3,5,4
1147,2,2,3,2,3,4,2,3,2,4,4,4
1148,1,2,5,3,4,3,3,1,4,2,1,1
1149,1,1,4,1,2,4,1,1,4,4,2,1
1150,2,2,5,2,2,1,1,1,3,2,1,1
1151,2,3,3,1,4,5,3,2,2,3,1,4
1152,1,1,5,1,1,5,1,1,1,3,1,1
1153,3,3,5,3,3,5,2,3,5,5,3,2
1154,3,3,5,3,3,5,2,1,4,4,5,3
1155,1,2,5,1,2,5,1,1,5,3,1,1
1156,5,4,4,4,4,2,4,3,3,4,2,3
1157,2,1,3,1,1,2,1,1,3,4,4,4
1158,3,3,4,2,2,5,1,1,5,3,2,1
1159,4,4,4,4,4,5,4,3,3,4,4,4
1160,3,3,3,3,3,3,3,3,3,3,4,4
1161,4,3,3,4,4,5,3,2,4,4,4,4
1162,4,2,5,4,4,5,8,2,3,1,1,3
1163,2,1,5,3,3,3,2,1,4,4,3,2
1164,3,3,5,2,2,5,1,1,5,2,2,1
1165,2,3,4,1,2,5,1,1,4,1,4,3
1166,1,2,2,2,3,4,2,1,3,3,5,2
1167,3,3,4,1,3,5,1,2,3,5,5,4
1168,4,4,4,4,3,5,3,3,5,5,7,5
1169,5,2,1,5,1,2,3,3,4,5,4,4
1170,2,3,4,2,3,4,1,1,5,2,2,1
1171,3,4,4,3,4,4,2,2,4,4,4,3
1172,2,2,4,1,3,4,1,1,4,5,4,3
1173,4,4,4,3,4,4,1,3,4,3,4,4
1174,2,4,3,3,3,4,2,3,3,3,6,3
1175,1,1,5,2,2,5,2,3,5,2,2,1
1176,1,3,5,1,2,5,1,1,5,4,4,2
1177,3,3,4,3,4,4,4,3,4,5,6,4
1178,2,2,2,1,4,2,1,1,4,2,1,6
1179,3,4,4,3,3,5,3,3,3,5,4,2
1180,3,3,3,3,3,3,3,3,3,5,4,3
1181,5,5,5,5,5,5,5,5,5,2,3,1
1182,3,3,4,3,3,5,3,3,4,5,4,4
1183,2,4,5,2,3,5,2,2,5,4,4,4
1184,3,3,1,3,3,1,1,1,1,5,7,3
1185,3,3,5,3,4,4,3,3,5,5,3,3
1186,3,4,2,4,4,3,4,1,5,5,5,2
1187,3,4,5,3,4,5,2,1,4,5,2,2
1188,4,4,3,4,3,3,2,3,2,3,5,4
1189,4,4,3,4,5,5,3,2,5,3,4,4
1190,4,3,1,4,4,3,3,4,1,4,7,4
1191,2,3,4,2,2,4,2,1,4,4,4,1
1192,3,3,4,2,3,4,2,2,4,4,4,4
1193,4,3,4,2,4,5,2,3,4,4,2,2
1194,1,2,2,2,1,1,1,4,3,3,3,1
1195,3,3,4,2,3,4,2,1,2,5,4,3
1196,1,2,5,1,2,2,1,1,1,2,1,1
1197,2,3,2,2,3,3,2,2,3,4,4,4
1198,2,3,5,4,4,5,1,1,5,5,3,1
1199,3,3,5,2,5,5,1,2,5,5,3,2
1200,3,2,3,2,3,3,2,2,3,5,1,1
